time,algorithm,seed,metric_value
60.0,BaselineStack,0,1.0219999999998877
60.0,BaselineStack,0,1.0219999999998877
60.0,BaselineStack,0,1.0219999999998877
60.0,BaselineStack,0,1.0299999999998868
60.0,BaselineStack,0,1.0299999999998868
60.0,BaselineStack,0,1.0339999999998863
60.0,BaselineStack,0,0.042999999999995486
60.0,BaselineStack,0,0.042999999999995486
60.0,BaselineStack,0,0.052999999999994385
60.0,BaselineStack,0,0.059999999999993614
60.0,BaselineStack,0,0.011999999999998678
60.0,BaselineStack,0,0.016999999999998128
60.0,BaselineStack,0,0.035999999999996035
60.0,BaselineStack,0,0.035999999999996035
60.0,BaselineStack,0,0.002000000000000668
60.0,BaselineStack,0,0.00500000000000167
60.0,BaselineStack,0,0.007000000000002338
60.0,BaselineStack,0,0.007000000000002338
60.0,BaselineStack,0,0.001000000000000334
60.0,BaselineStack,0,0.002000000000000668
60.0,BaselineStack,0,0.03000000000001002
60.0,BaselineStack,0,0.031000000000010353
60.0,BaselineStack,0,0.031000000000010353
60.0,BaselineStack,0,0.031000000000010353
60.0,BaselineStack,0,0.034000000000011354
60.0,BaselineStack,0,0.034000000000011354
60.0,BaselineStack,0,0.002000000000000668
60.0,BaselineStack,0,0.002000000000000668
60.0,BaselineStack,0,0.01500000000000501
60.0,BaselineStack,0,0.054000000000018034
60.0,BaselineStack,0,0.054000000000018034
60.0,BaselineStack,0,0.054000000000018034
60.0,BaselineStack,0,0.054000000000018034
60.0,BaselineStack,0,0.09400000000003139
60.0,BaselineStack,0,0.002000000000000668
60.0,BaselineStack,0,0.00500000000000167
60.0,BaselineStack,0,0.00500000000000167
60.0,BaselineStack,0,0.008000000000002672
60.0,BaselineStack,0,0.009000000000003006
60.0,BaselineStack,0,0.0069999999999961204
60.0,BaselineStack,0,0.015999999999991132
60.0,BaselineStack,0,0.016999999999990578
60.0,BaselineStack,0,1.0009999999994452
60.0,BaselineStack,0,1.0029999999994441
60.0,BaselineStack,0,1.004999999999443
60.0,BaselineStack,0,1.006999999999442
60.0,BaselineStack,0,1.006999999999442
60.0,BaselineStack,0,0.016999999999990578
60.0,BaselineStack,0,0.016999999999990578
60.0,BaselineStack,0,1.0179999999994358
60.0,BaselineStack,0,0.019999999999988916
60.0,BaselineStack,0,0.02099999999998836
60.0,BaselineStack,0,0.021999999999987807
60.0,BaselineStack,0,0.022999999999987253
60.0,BaselineStack,0,0.03099999999998282
60.0,BaselineStack,0,1.0329999999994275
60.0,BaselineStack,0,1.033999999999427
60.0,BaselineStack,0,0.04699999999997395
60.0,BaselineStack,0,1.0469999999994197
60.0,BaselineStack,0,0.04899999999997284
60.0,BaselineStack,0,1.069999999999407
60.0,BaselineStack,0,0.1069999999999407
60.0,BaselineStack,0,0.0009999999999994458
60.0,BaselineStack,0,0.0009999999999994458
60.0,BaselineStack,0,0.0029999999999983373
60.0,BaselineStack,0,0.0029999999999983373
60.0,BaselineStack,0,1.0079999999994413
60.0,BaselineStack,0,1.0089999999994408
60.0,BaselineStack,0,1.0089999999994408
60.0,BaselineStack,0,1.0089999999994408
60.0,BaselineStack,0,0.016999999999990578
60.0,BaselineStack,0,0.016999999999990578
60.0,BaselineStack,0,0.03299999999998171
60.0,BaselineStack,0,0.1549999999999141
60.0,BaselineStack,0,0.1549999999999141
60.0,BaselineStack,0,0.18199999999989913
60.0,BaselineStack,0,0.0019999999999988916
60.0,BaselineStack,0,0.0019999999999988916
60.0,BaselineStack,0,0.0019999999999988916
60.0,BaselineStack,0,1.004999999999443
60.0,BaselineStack,0,1.015999999999437
60.0,BaselineStack,0,0.019999999999988916
60.0,BaselineStack,0,1.022999999999433
60.0,BaselineStack,0,0.0239999999999867
60.0,BaselineStack,0,0.0239999999999867
60.0,BaselineStack,0,0.033999999999981156
60.0,BaselineStack,0,0.03999999999997783
60.0,BaselineStack,0,0.03999999999997783
60.0,BaselineStack,0,0.045999999999974506
60.0,BaselineStack,0,0.05399999999997007
60.0,BaselineStack,0,0.06199999999996564
60.0,BaselineStack,0,0.06199999999996564
60.0,BaselineStack,0,0.06799999999996231
60.0,BaselineStack,0,0.07299999999995954
60.0,BaselineStack,0,0.07299999999995954
60.0,BaselineStack,0,0.07799999999995677
60.0,BaselineStack,0,0.07799999999995677
60.0,BaselineStack,0,0.12599999999993017
60.0,BaselineStack,0,0.17799999999990135
60.0,BaselineStack,0,0.0009999999999994458
60.0,BaselineStack,0,1.0009999999994452
60.0,BaselineStack,0,1.0009999999994452
60.0,BaselineStack,0,1.0019999999994447
60.0,BaselineStack,0,1.0019999999994447
60.0,BaselineStack,0,1.0019999999994447
60.0,BaselineStack,0,0.0029999999999983373
60.0,BaselineStack,0,0.005999999999996675
60.0,BaselineStack,0,0.008999999999995012
60.0,BaselineStack,0,0.008999999999995012
60.0,BaselineStack,0,0.008999999999995012
60.0,BaselineStack,0,0.008999999999995012
60.0,BaselineStack,0,1.013999999999438
60.0,BaselineStack,0,0.016999999999990578
60.0,BaselineStack,0,0.03099999999998282
60.0,BaselineStack,0,0.033999999999981156
60.0,BaselineStack,0,0.03799999999997894
60.0,BaselineStack,0,0.04899999999997284
60.0,BaselineStack,0,0.04899999999997284
60.0,BaselineStack,0,0.04999999999997229
60.0,BaselineStack,0,0.04999999999997229
60.0,BaselineStack,0,0.04999999999997229
60.0,BaselineStack,0,0.04999999999997229
60.0,BaselineStack,0,0.04999999999997229
60.0,BaselineStack,0,0.05999999999996675
60.0,BaselineStack,0,1.0689999999994075
60.0,BaselineStack,0,0.06899999999996176
60.0,BaselineStack,0,0.07099999999996065
60.0,BaselineStack,0,0.07399999999995899
60.0,BaselineStack,0,0.07599999999995788
60.0,BaselineStack,0,0.08099999999995511
60.0,BaselineStack,0,0.08599999999995234
60.0,BaselineStack,0,0.09199999999994901
60.0,BaselineStack,0,0.0939999999999479
60.0,BaselineStack,0,0.11599999999993571
60.0,BaselineStack,0,0.1309999999999274
60.0,BaselineStack,0,0.1329999999999263
60.0,BaselineStack,0,0.1399999999999224
60.0,BaselineStack,0,0.1419999999999213
60.0,BaselineStack,0,0.14599999999991908
60.0,BaselineStack,0,0.14699999999991853
60.0,BaselineStack,0,0.17599999999990246
60.0,BaselineStack,0,0.0009999999999994458
60.0,BaselineStack,0,0.0029999999999983373
60.0,BaselineStack,0,0.0029999999999983373
60.0,BaselineStack,0,0.0029999999999983373
60.0,BaselineStack,0,0.004999999999997229
60.0,BaselineStack,0,0.004999999999997229
60.0,BaselineStack,0,0.007999999999995566
60.0,BaselineStack,0,0.01199999999999335
60.0,BaselineStack,0,0.01199999999999335
60.0,BaselineStack,0,0.012999999999992795
60.0,BaselineStack,0,0.012999999999992795
60.0,BaselineStack,0,0.014999999999991687
60.0,BaselineStack,0,0.015999999999991132
60.0,BaselineStack,0,0.015999999999991132
60.0,BaselineStack,0,0.015999999999991132
60.0,BaselineStack,0,0.02099999999998836
60.0,BaselineStack,0,0.02099999999998836
60.0,BaselineStack,0,0.02099999999998836
60.0,BaselineStack,0,0.02099999999998836
60.0,BaselineStack,0,0.02599999999998559
60.0,BaselineStack,0,0.045999999999974506
60.0,BaselineStack,0,0.045999999999974506
60.0,BaselineStack,0,0.05999999999996675
60.0,BaselineStack,0,0.06299999999996508
60.0,BaselineStack,0,0.07099999999996065
60.0,BaselineStack,0,0.07099999999996065
60.0,BaselineStack,0,0.07099999999996065
60.0,BaselineStack,0,0.07299999999995954
60.0,BaselineStack,0,0.07899999999995622
60.0,BaselineStack,0,0.07999999999995566
60.0,BaselineStack,0,0.08699999999995178
60.0,BaselineStack,0,0.08699999999995178
60.0,BaselineStack,0,0.09099999999994957
60.0,BaselineStack,0,0.0939999999999479
60.0,BaselineStack,0,0.0939999999999479
60.0,BaselineStack,0,0.0939999999999479
60.0,BaselineStack,0,0.10299999999994291
60.0,BaselineStack,0,0.11299999999993737
60.0,BaselineStack,0,0.15999999999991132
60.0,BaselineStack,0,0.0029999999999983373
60.0,BaselineStack,0,0.0029999999999983373
60.0,BaselineStack,0,0.005999999999996675
60.0,BaselineStack,0,0.0069999999999961204
60.0,BaselineStack,0,0.0069999999999961204
60.0,BaselineStack,0,0.010999999999993904
60.0,BaselineStack,0,0.01199999999999335
60.0,BaselineStack,0,0.012999999999992795
60.0,BaselineStack,0,0.014999999999991687
60.0,BaselineStack,0,0.014999999999991687
60.0,BaselineStack,0,0.014999999999991687
60.0,BaselineStack,0,0.015999999999991132
60.0,BaselineStack,0,0.029999999999983373
60.0,BaselineStack,0,0.033999999999981156
60.0,BaselineStack,0,0.0349999999999806
60.0,BaselineStack,0,0.04199999999997672
60.0,BaselineStack,0,0.045999999999974506
60.0,BaselineStack,0,0.05399999999997007
60.0,BaselineStack,0,0.055999999999968963
60.0,BaselineStack,0,0.06399999999996453
60.0,BaselineStack,0,0.06499999999996398
60.0,BaselineStack,0,0.06799999999996231
60.0,BaselineStack,0,0.06799999999996231
60.0,BaselineStack,0,0.07899999999995622
60.0,BaselineStack,0,0.16699999999990744
60.0,BaselineStack,0,0.16699999999990744
60.0,BaselineStack,0,0.3019999999998326
60.0,BaselineStack,0,0.3019999999998326
60.0,BaselineStack,0,0.32399999999982043
60.0,BaselineStack,0,0.3299999999998171
60.0,BaselineStack,0,0.3299999999998171
60.0,BaselineStack,0,0.3379999999998127
60.0,BaselineStack,0,0.3539999999998038
60.0,BaselineStack,0,0.0009999999999994458
60.0,BaselineStack,0,0.0029999999999983373
60.0,BaselineStack,0,0.0029999999999983373
60.0,BaselineStack,0,0.0029999999999983373
60.0,BaselineStack,0,0.003999999999997783
60.0,BaselineStack,0,0.003999999999997783
60.0,BaselineStack,0,0.0069999999999961204
60.0,BaselineStack,0,0.009999999999994458
60.0,BaselineStack,0,0.009999999999994458
60.0,BaselineStack,0,0.009999999999994458
60.0,BaselineStack,0,0.009999999999994458
60.0,BaselineStack,0,0.02099999999998836
60.0,BaselineStack,0,0.0239999999999867
60.0,BaselineStack,0,0.026999999999985036
60.0,BaselineStack,0,0.04099999999997728
60.0,BaselineStack,0,0.04099999999997728
60.0,BaselineStack,0,0.04099999999997728
60.0,BaselineStack,0,0.04099999999997728
60.0,BaselineStack,0,0.043999999999975614
60.0,BaselineStack,0,0.04899999999997284
60.0,BaselineStack,0,0.050999999999971735
60.0,BaselineStack,0,0.057999999999967855
60.0,BaselineStack,0,0.057999999999967855
60.0,BaselineStack,0,0.0589999999999673
60.0,BaselineStack,0,0.0699999999999612
60.0,BaselineStack,0,0.0939999999999479
60.0,BaselineStack,0,0.12199999999993238
60.0,BaselineStack,0,0.12199999999993238
60.0,BaselineStack,0,0.12499999999993072
60.0,BaselineStack,0,0.1269999999999296
60.0,BaselineStack,0,0.0010000000000012221
60.0,BaselineStack,0,0.0030000000000036664
60.0,BaselineStack,0,0.0030000000000036664
60.0,BaselineStack,0,0.0030000000000036664
60.0,BaselineStack,0,0.0030000000000036664
60.0,BaselineStack,0,0.005000000000006111
60.0,BaselineStack,0,0.005000000000006111
60.0,BaselineStack,0,0.005000000000006111
60.0,BaselineStack,0,0.006000000000007333
60.0,BaselineStack,0,0.015000000000018332
60.0,BaselineStack,0,0.025000000000030553
60.0,BaselineStack,0,0.025000000000030553
60.0,BaselineStack,0,0.027000000000032998
60.0,BaselineStack,0,0.03200000000003911
60.0,BaselineStack,0,0.036000000000044
60.0,BaselineStack,0,0.036000000000044
60.0,BaselineStack,0,0.036000000000044
60.0,BaselineStack,0,0.059000000000072106
60.0,BaselineStack,0,0.06400000000007822
60.0,BaselineStack,0,0.06400000000007822
60.0,BaselineStack,0,0.07400000000009044
60.0,BaselineStack,0,0.11100000000013566
60.0,BaselineStack,0,0.11500000000014055
60.0,BaselineStack,0,0.11700000000014299
60.0,BaselineStack,0,0.12300000000015032
60.0,BaselineStack,0,0.1270000000001552
60.0,BaselineStack,0,0.1400000000001711
60.0,BaselineStack,0,0.1450000000001772
60.0,BaselineStack,0,0.0020000000000024443
60.0,BaselineStack,0,1.0020000000012246
60.0,BaselineStack,0,0.0030000000000036664
60.0,BaselineStack,0,0.0030000000000036664
60.0,BaselineStack,0,0.0030000000000036664
60.0,BaselineStack,0,0.0040000000000048885
60.0,BaselineStack,0,0.0040000000000048885
60.0,BaselineStack,0,1.0100000000012344
60.0,BaselineStack,0,0.011000000000013443
60.0,BaselineStack,0,1.0110000000012356
60.0,BaselineStack,0,1.0110000000012356
60.0,BaselineStack,0,1.0110000000012356
60.0,BaselineStack,0,0.01400000000001711
60.0,BaselineStack,0,0.01400000000001711
60.0,BaselineStack,0,0.015000000000018332
60.0,BaselineStack,0,0.015000000000018332
60.0,BaselineStack,0,0.017000000000020776
60.0,BaselineStack,0,0.017000000000020776
60.0,BaselineStack,0,0.017000000000020776
60.0,BaselineStack,0,0.018000000000022
60.0,BaselineStack,0,0.022000000000026887
60.0,BaselineStack,0,0.022000000000026887
60.0,BaselineStack,0,0.027000000000032998
60.0,BaselineStack,0,0.027000000000032998
60.0,BaselineStack,0,0.040000000000048885
60.0,BaselineStack,0,0.045000000000054996
60.0,BaselineStack,0,0.04800000000005866
60.0,BaselineStack,0,0.05000000000006111
60.0,BaselineStack,0,0.05200000000006355
60.0,BaselineStack,0,0.0860000000001051
60.0,BaselineStack,0,0.09300000000011366
60.0,BaselineStack,0,0.09300000000011366
60.0,BaselineStack,0,0.09300000000011366
60.0,BaselineStack,0,0.09300000000011366
60.0,BaselineStack,0,0.10000000000012221
60.0,BaselineStack,0,0.10700000000013077
60.0,BaselineStack,0,0.10700000000013077
60.0,BaselineStack,0,0.10800000000013199
60.0,BaselineStack,0,0.10800000000013199
60.0,BaselineStack,0,0.10800000000013199
60.0,BaselineStack,0,0.12300000000015032
60.0,BaselineStack,0,0.1270000000001552
60.0,BaselineStack,0,0.1540000000001882
60.0,BaselineStack,0,0.0040000000000048885
60.0,BaselineStack,0,0.005000000000006111
60.0,BaselineStack,0,0.007000000000008555
60.0,BaselineStack,0,0.007000000000008555
60.0,BaselineStack,0,0.007000000000008555
60.0,BaselineStack,0,0.008000000000009777
60.0,BaselineStack,0,0.009000000000011
60.0,BaselineStack,0,0.011000000000013443
60.0,BaselineStack,0,0.011000000000013443
60.0,BaselineStack,0,0.013000000000015888
60.0,BaselineStack,0,1.0190000000012454
60.0,BaselineStack,0,1.0200000000012466
60.0,BaselineStack,0,1.0200000000012466
60.0,BaselineStack,0,1.0200000000012466
60.0,BaselineStack,0,0.022000000000026887
60.0,BaselineStack,0,0.022000000000026887
60.0,BaselineStack,0,0.02400000000002933
60.0,BaselineStack,0,0.025000000000030553
60.0,BaselineStack,0,0.031000000000037886
60.0,BaselineStack,0,0.04100000000005011
60.0,BaselineStack,0,0.04700000000005744
60.0,BaselineStack,0,0.04700000000005744
60.0,BaselineStack,0,0.04800000000005866
60.0,BaselineStack,0,1.049000000001282
60.0,BaselineStack,0,1.049000000001282
60.0,BaselineStack,0,1.053000000001287
60.0,BaselineStack,0,0.05300000000006477
60.0,BaselineStack,0,0.054000000000065995
60.0,BaselineStack,0,0.05600000000006844
60.0,BaselineStack,0,0.05700000000006966
60.0,BaselineStack,0,0.06100000000007455
60.0,BaselineStack,0,0.06100000000007455
60.0,BaselineStack,0,0.06100000000007455
60.0,BaselineStack,0,0.07600000000009288
60.0,BaselineStack,0,0.07600000000009288
60.0,BaselineStack,0,1.0830000000013236
60.0,BaselineStack,0,1.0840000000013248
60.0,BaselineStack,0,1.0930000000013358
60.0,BaselineStack,0,1.0930000000013358
60.0,BaselineStack,0,1.0930000000013358
60.0,BaselineStack,0,0.09800000000011977
60.0,BaselineStack,0,0.09900000000012099
60.0,BaselineStack,0,1.1100000000013566
60.0,BaselineStack,0,0.11000000000013443
60.0,BaselineStack,0,0.11000000000013443
60.0,BaselineStack,0,0.11000000000013443
60.0,BaselineStack,0,0.11400000000013932
60.0,BaselineStack,0,0.144000000000176
60.0,BaselineStack,0,0.144000000000176
60.0,BaselineStack,0,0.144000000000176
60.0,BaselineStack,0,0.2540000000003104
60.0,BaselineStack,0,1.0050000000012282
60.0,BaselineStack,0,0.008000000000009777
60.0,BaselineStack,0,0.008000000000009777
60.0,BaselineStack,0,1.008000000001232
60.0,BaselineStack,0,0.010000000000012221
60.0,BaselineStack,0,1.0140000000012392
60.0,BaselineStack,0,1.0150000000012405
60.0,BaselineStack,0,1.0150000000012405
60.0,BaselineStack,0,1.017000000001243
60.0,BaselineStack,0,0.01900000000002322
60.0,BaselineStack,0,0.021000000000025665
60.0,BaselineStack,0,0.021000000000025665
60.0,BaselineStack,0,0.02800000000003422
60.0,BaselineStack,0,1.0290000000012576
60.0,BaselineStack,0,1.0290000000012576
60.0,BaselineStack,0,0.030000000000036664
60.0,BaselineStack,0,0.030000000000036664
60.0,BaselineStack,0,1.0320000000012612
60.0,BaselineStack,0,1.0320000000012612
60.0,BaselineStack,0,0.03400000000004155
60.0,BaselineStack,0,0.040000000000048885
60.0,BaselineStack,0,0.044000000000053774
60.0,BaselineStack,0,0.045000000000054996
60.0,BaselineStack,0,0.04600000000005622
60.0,BaselineStack,0,0.04600000000005622
60.0,BaselineStack,0,1.0480000000012808
60.0,BaselineStack,0,1.0480000000012808
60.0,BaselineStack,0,1.049000000001282
60.0,BaselineStack,0,1.049000000001282
60.0,BaselineStack,0,0.07000000000008555
60.0,BaselineStack,0,0.07400000000009044
60.0,BaselineStack,0,0.07500000000009166
60.0,BaselineStack,0,0.07500000000009166
60.0,BaselineStack,0,0.07500000000009166
60.0,BaselineStack,0,1.0780000000013175
60.0,BaselineStack,0,0.08000000000009777
60.0,BaselineStack,0,0.09200000000011244
60.0,BaselineStack,0,0.09200000000011244
60.0,BaselineStack,0,0.09200000000011244
60.0,BaselineStack,0,0.10100000000012344
60.0,BaselineStack,0,0.10300000000012588
60.0,BaselineStack,0,1.12100000000137
60.0,BaselineStack,0,0.12100000000014788
60.0,BaselineStack,0,0.13300000000016254
60.0,BaselineStack,0,0.1490000000001821
60.0,BaselineStack,0,0.15600000000019065
60.0,BaselineStack,0,0.17000000000020776
60.0,BaselineStack,0,0.17000000000020776
60.0,BaselineStack,0,0.17300000000021143
60.0,BaselineStack,0,0.19200000000023465
60.0,BaselineStack,0,0.19700000000024076
60.0,BaselineStack,0,0.20100000000024565
60.0,BaselineStack,0,0.25100000000030676
60.0,BaselineStack,0,0.2540000000003104
60.0,BaselineStack,0,0.3490000000004265
60.0,BaselineStack,0,0.0010000000000012221
60.0,BaselineStack,0,0.0010000000000012221
60.0,BaselineStack,0,0.0010000000000012221
60.0,BaselineStack,0,0.0020000000000024443
60.0,BaselineStack,0,0.0040000000000048885
60.0,BaselineStack,0,0.005000000000006111
60.0,BaselineStack,0,0.008000000000009777
60.0,BaselineStack,0,0.009000000000011
60.0,BaselineStack,0,0.009000000000011
60.0,BaselineStack,0,0.010000000000012221
60.0,BaselineStack,0,0.013000000000015888
60.0,BaselineStack,0,0.013000000000015888
60.0,BaselineStack,0,0.01900000000002322
60.0,BaselineStack,0,0.01900000000002322
60.0,BaselineStack,0,0.01900000000002322
60.0,BaselineStack,0,0.020000000000024443
60.0,BaselineStack,0,0.021000000000025665
60.0,BaselineStack,0,0.022000000000026887
60.0,BaselineStack,0,0.022000000000026887
60.0,BaselineStack,0,0.025000000000030553
60.0,BaselineStack,0,0.027000000000032998
60.0,BaselineStack,0,0.027000000000032998
60.0,BaselineStack,0,0.029000000000035442
60.0,BaselineStack,0,0.030000000000036664
60.0,BaselineStack,0,0.030000000000036664
60.0,BaselineStack,0,0.030000000000036664
60.0,BaselineStack,0,0.031000000000037886
60.0,BaselineStack,0,0.031000000000037886
60.0,BaselineStack,0,0.031000000000037886
60.0,BaselineStack,0,0.03400000000004155
60.0,BaselineStack,0,0.036000000000044
60.0,BaselineStack,0,0.036000000000044
60.0,BaselineStack,0,0.036000000000044
60.0,BaselineStack,0,0.04300000000005255
60.0,BaselineStack,0,0.06400000000007822
60.0,BaselineStack,0,0.06400000000007822
60.0,BaselineStack,0,0.06500000000007944
60.0,BaselineStack,0,0.07100000000008677
60.0,BaselineStack,0,0.07900000000009655
60.0,BaselineStack,0,0.07900000000009655
60.0,BaselineStack,0,0.09100000000011121
60.0,BaselineStack,0,0.11800000000014421
60.0,BaselineStack,0,0.13900000000016988
60.0,BaselineStack,0,0.5270000000006441
60.0,BaselineStack,0,0.5370000000006563
60.0,BaselineStack,0,0.5370000000006563
60.0,BaselineStack,0,0.5680000000006942
60.0,BaselineStack,0,0.585000000000715
60.0,BaselineStack,0,0.0010000000000012221
60.0,BaselineStack,0,0.0020000000000024443
60.0,BaselineStack,0,1.004000000001227
60.0,BaselineStack,0,1.0070000000012307
60.0,BaselineStack,0,1.0070000000012307
60.0,BaselineStack,0,1.0070000000012307
60.0,BaselineStack,0,1.0070000000012307
60.0,BaselineStack,0,0.010000000000012221
60.0,BaselineStack,0,0.012000000000014666
60.0,BaselineStack,0,0.013000000000015888
60.0,BaselineStack,0,0.013000000000015888
60.0,BaselineStack,0,0.016000000000019554
60.0,BaselineStack,0,0.016000000000019554
60.0,BaselineStack,0,0.017000000000020776
60.0,BaselineStack,0,0.017000000000020776
60.0,BaselineStack,0,0.018000000000022
60.0,BaselineStack,0,0.018000000000022
60.0,BaselineStack,0,0.018000000000022
60.0,BaselineStack,0,0.018000000000022
60.0,BaselineStack,0,0.020000000000024443
60.0,BaselineStack,0,0.021000000000025665
60.0,BaselineStack,0,0.021000000000025665
60.0,BaselineStack,0,0.022000000000026887
60.0,BaselineStack,0,0.02300000000002811
60.0,BaselineStack,0,0.02300000000002811
60.0,BaselineStack,0,0.026000000000031775
60.0,BaselineStack,0,0.02800000000003422
60.0,BaselineStack,0,0.02800000000003422
60.0,BaselineStack,0,0.030000000000036664
60.0,BaselineStack,0,0.035000000000042775
60.0,BaselineStack,0,0.035000000000042775
60.0,BaselineStack,0,0.03700000000004522
60.0,BaselineStack,0,0.040000000000048885
60.0,BaselineStack,0,0.040000000000048885
60.0,BaselineStack,0,0.049000000000059885
60.0,BaselineStack,0,0.05000000000006111
60.0,BaselineStack,0,0.05000000000006111
60.0,BaselineStack,0,0.05100000000006233
60.0,BaselineStack,0,0.05500000000006722
60.0,BaselineStack,0,0.05600000000006844
60.0,BaselineStack,0,0.05700000000006966
60.0,BaselineStack,0,0.06200000000007577
60.0,BaselineStack,0,0.06400000000007822
60.0,BaselineStack,0,0.06600000000008066
60.0,BaselineStack,0,0.06700000000008188
60.0,BaselineStack,0,0.06700000000008188
60.0,BaselineStack,0,0.072000000000088
60.0,BaselineStack,0,0.072000000000088
60.0,BaselineStack,0,0.07300000000008922
60.0,BaselineStack,0,0.0860000000001051
60.0,BaselineStack,0,0.09200000000011244
60.0,BaselineStack,0,0.1040000000001271
60.0,BaselineStack,0,0.1040000000001271
60.0,BaselineStack,0,0.11100000000013566
60.0,BaselineStack,0,0.11100000000013566
60.0,BaselineStack,0,0.11600000000014177
60.0,BaselineStack,0,0.14800000000018088
60.0,BaselineStack,0,0.24500000000029942
60.0,BaselineStack,0,0.24500000000029942
60.0,BaselineStack,0,0.25100000000030676
60.0,BaselineStack,0,0.25100000000030676
60.0,BaselineStack,0,0.30900000000037764
60.0,BaselineStack,0,0.31500000000038497
60.0,BaselineStack,0,0.009000000000011
60.0,BaselineStack,0,0.009000000000011
60.0,BaselineStack,0,0.010000000000012221
60.0,BaselineStack,0,0.011000000000013443
60.0,BaselineStack,0,0.011000000000013443
60.0,BaselineStack,0,0.012000000000014666
60.0,BaselineStack,0,0.012000000000014666
60.0,BaselineStack,0,0.012000000000014666
60.0,BaselineStack,0,0.02300000000002811
60.0,BaselineStack,0,0.04100000000005011
60.0,BaselineStack,0,0.04300000000005255
60.0,BaselineStack,0,0.045000000000054996
60.0,BaselineStack,0,0.045000000000054996
60.0,BaselineStack,0,0.05000000000006111
60.0,BaselineStack,0,0.05600000000006844
60.0,BaselineStack,0,0.05600000000006844
60.0,BaselineStack,0,0.05700000000006966
60.0,BaselineStack,0,0.05700000000006966
60.0,BaselineStack,0,0.058000000000070884
60.0,BaselineStack,0,0.059000000000072106
60.0,BaselineStack,0,0.059000000000072106
60.0,BaselineStack,0,0.06000000000007333
60.0,BaselineStack,0,0.06000000000007333
60.0,BaselineStack,0,0.06600000000008066
60.0,BaselineStack,0,0.06600000000008066
60.0,BaselineStack,0,0.07000000000008555
60.0,BaselineStack,0,0.07100000000008677
60.0,BaselineStack,0,0.08100000000009899
60.0,BaselineStack,0,0.08100000000009899
60.0,BaselineStack,0,0.0860000000001051
60.0,BaselineStack,0,0.0860000000001051
60.0,BaselineStack,0,0.09200000000011244
60.0,BaselineStack,0,0.09800000000011977
60.0,BaselineStack,0,0.09800000000011977
60.0,BaselineStack,0,0.11600000000014177
60.0,BaselineStack,0,0.1580000000001931
60.0,BaselineStack,0,0.16000000000019554
60.0,BaselineStack,0,0.20900000000025543
60.0,BaselineStack,0,0.26800000000032753
60.0,BaselineStack,0,0.0020000000000024443
60.0,BaselineStack,0,0.0040000000000048885
60.0,BaselineStack,0,0.0040000000000048885
60.0,BaselineStack,0,0.005000000000006111
60.0,BaselineStack,0,0.005000000000006111
60.0,BaselineStack,0,0.007000000000008555
60.0,BaselineStack,0,0.008000000000009777
60.0,BaselineStack,0,0.008000000000009777
60.0,BaselineStack,0,0.008000000000009777
60.0,BaselineStack,0,0.009000000000011
60.0,BaselineStack,0,0.011000000000013443
60.0,BaselineStack,0,0.011000000000013443
60.0,BaselineStack,0,0.011000000000013443
60.0,BaselineStack,0,0.013000000000015888
60.0,BaselineStack,0,0.013000000000015888
60.0,BaselineStack,0,0.01400000000001711
60.0,BaselineStack,0,0.015000000000018332
60.0,BaselineStack,0,0.017000000000020776
60.0,BaselineStack,0,0.017000000000020776
60.0,BaselineStack,0,0.017000000000020776
60.0,BaselineStack,0,0.018000000000022
60.0,BaselineStack,0,0.01900000000002322
60.0,BaselineStack,0,0.01900000000002322
60.0,BaselineStack,0,0.020000000000024443
60.0,BaselineStack,0,0.022000000000026887
60.0,BaselineStack,0,0.025000000000030553
60.0,BaselineStack,0,0.025000000000030553
60.0,BaselineStack,0,0.026000000000031775
60.0,BaselineStack,0,0.029000000000035442
60.0,BaselineStack,0,0.029000000000035442
60.0,BaselineStack,0,0.031000000000037886
60.0,BaselineStack,0,0.03300000000004033
60.0,BaselineStack,0,0.036000000000044
60.0,BaselineStack,0,0.03700000000004522
60.0,BaselineStack,0,0.03700000000004522
60.0,BaselineStack,0,0.03800000000004644
60.0,BaselineStack,0,0.03800000000004644
60.0,BaselineStack,0,0.03800000000004644
60.0,BaselineStack,0,0.03900000000004766
60.0,BaselineStack,0,0.04100000000005011
60.0,BaselineStack,0,0.04300000000005255
60.0,BaselineStack,0,0.04300000000005255
60.0,BaselineStack,0,0.05100000000006233
60.0,BaselineStack,0,0.054000000000065995
60.0,BaselineStack,0,0.05700000000006966
60.0,BaselineStack,0,0.06100000000007455
60.0,BaselineStack,0,0.06500000000007944
60.0,BaselineStack,0,0.10000000000012221
60.0,BaselineStack,0,0.10100000000012344
60.0,BaselineStack,0,0.10200000000012466
60.0,BaselineStack,0,0.10200000000012466
60.0,BaselineStack,0,0.10500000000012832
60.0,BaselineStack,0,0.10500000000012832
60.0,BaselineStack,0,0.10500000000012832
60.0,BaselineStack,0,0.11100000000013566
60.0,BaselineStack,0,0.11800000000014421
60.0,BaselineStack,0,0.12100000000014788
60.0,BaselineStack,0,0.12500000000015277
60.0,BaselineStack,0,0.1310000000001601
60.0,BaselineStack,0,0.1310000000001601
60.0,BaselineStack,0,0.1400000000001711
60.0,BaselineStack,0,0.1670000000002041
60.0,BaselineStack,0,0.16800000000020532
60.0,BaselineStack,0,0.17000000000020776
60.0,BaselineStack,0,0.17500000000021387
60.0,BaselineStack,0,0.17700000000021632
60.0,BaselineStack,0,0.17700000000021632
60.0,BaselineStack,0,0.17700000000021632
60.0,BaselineStack,0,0.17800000000021754
60.0,BaselineStack,0,0.19600000000023954
60.0,BaselineStack,0,0.1990000000002432
60.0,BaselineStack,0,0.23600000000028842
60.0,BaselineStack,0,0.23600000000028842
60.0,BaselineStack,0,0.23600000000028842
60.0,BaselineStack,0,0.24700000000030187
60.0,BaselineStack,0,0.33600000000041064
60.0,BaselineStack,0,0.33600000000041064
60.0,BaselineStack,0,0.37800000000046197
60.0,BaselineStack,0,0.8740000000010681
60.0,BaselineStack,0,0.8750000000010694
60.0,BaselineStack,0,0.905000000001106
60.0,BaselineStack,0,0.9330000000011403
60.0,BaselineStack,0,0.9600000000011732
60.0,BaselineStack,0,0.0010000000000012221
60.0,BaselineStack,0,0.0020000000000024443
60.0,BaselineStack,0,0.0020000000000024443
60.0,BaselineStack,0,0.0020000000000024443
60.0,BaselineStack,0,0.0020000000000024443
60.0,BaselineStack,0,0.0030000000000036664
60.0,BaselineStack,0,0.0030000000000036664
60.0,BaselineStack,0,0.0030000000000036664
60.0,BaselineStack,0,0.005000000000006111
60.0,BaselineStack,0,0.005000000000006111
60.0,BaselineStack,0,0.006000000000007333
60.0,BaselineStack,0,0.008000000000009777
60.0,BaselineStack,0,0.008000000000009777
60.0,BaselineStack,0,0.009000000000011
60.0,BaselineStack,0,1.0120000000012368
60.0,BaselineStack,0,0.012000000000014666
60.0,BaselineStack,0,0.013000000000015888
60.0,BaselineStack,0,0.01400000000001711
60.0,BaselineStack,0,0.01400000000001711
60.0,BaselineStack,0,0.01400000000001711
60.0,BaselineStack,0,0.01400000000001711
60.0,BaselineStack,0,0.018000000000022
60.0,BaselineStack,0,0.01900000000002322
60.0,BaselineStack,0,0.020000000000024443
60.0,BaselineStack,0,0.020000000000024443
60.0,BaselineStack,0,0.020000000000024443
60.0,BaselineStack,0,0.02400000000002933
60.0,BaselineStack,0,0.025000000000030553
60.0,BaselineStack,0,0.02800000000003422
60.0,BaselineStack,0,0.029000000000035442
60.0,BaselineStack,0,0.03300000000004033
60.0,BaselineStack,0,0.03700000000004522
60.0,BaselineStack,0,0.04100000000005011
60.0,BaselineStack,0,0.04300000000005255
60.0,BaselineStack,0,0.05100000000006233
60.0,BaselineStack,0,0.05200000000006355
60.0,BaselineStack,0,0.05200000000006355
60.0,BaselineStack,0,0.05200000000006355
60.0,BaselineStack,0,0.05200000000006355
60.0,BaselineStack,0,0.058000000000070884
60.0,BaselineStack,0,0.058000000000070884
60.0,BaselineStack,0,0.06500000000007944
60.0,BaselineStack,0,0.072000000000088
60.0,BaselineStack,0,0.072000000000088
60.0,BaselineStack,0,0.07600000000009288
60.0,BaselineStack,0,0.0770000000000941
60.0,BaselineStack,0,0.08700000000010633
60.0,BaselineStack,0,0.09900000000012099
60.0,BaselineStack,0,0.10600000000012955
60.0,BaselineStack,0,0.10800000000013199
60.0,BaselineStack,0,0.12000000000014666
60.0,BaselineStack,0,0.17000000000020776
60.0,BaselineStack,0,0.18400000000022487
60.0,BaselineStack,0,0.18400000000022487
60.0,BaselineStack,0,0.18400000000022487
60.0,BaselineStack,0,0.19700000000024076
60.0,BaselineStack,0,0.1990000000002432
60.0,BaselineStack,0,0.0010000000000012221
60.0,BaselineStack,0,0.0020000000000024443
60.0,BaselineStack,0,1.0050000000012282
60.0,BaselineStack,0,0.005000000000006111
60.0,BaselineStack,0,0.006000000000007333
60.0,BaselineStack,0,0.006000000000007333
60.0,BaselineStack,0,0.006000000000007333
60.0,BaselineStack,0,0.006000000000007333
60.0,BaselineStack,0,0.006000000000007333
60.0,BaselineStack,0,0.007000000000008555
60.0,BaselineStack,0,1.008000000001232
60.0,BaselineStack,0,0.009000000000011
60.0,BaselineStack,0,0.009000000000011
60.0,BaselineStack,0,0.011000000000013443
60.0,BaselineStack,0,0.011000000000013443
60.0,BaselineStack,0,1.0110000000012356
60.0,BaselineStack,0,0.012000000000014666
60.0,BaselineStack,0,0.015000000000018332
60.0,BaselineStack,0,1.0200000000012466
60.0,BaselineStack,0,1.0210000000012478
60.0,BaselineStack,0,0.021000000000025665
60.0,BaselineStack,0,0.025000000000030553
60.0,BaselineStack,0,0.025000000000030553
60.0,BaselineStack,0,0.025000000000030553
60.0,BaselineStack,0,1.035000000001265
60.0,BaselineStack,0,1.035000000001265
60.0,BaselineStack,0,0.04300000000005255
60.0,BaselineStack,0,0.044000000000053774
60.0,BaselineStack,0,0.04800000000005866
60.0,BaselineStack,0,0.05300000000006477
60.0,BaselineStack,0,0.058000000000070884
60.0,BaselineStack,0,0.058000000000070884
60.0,BaselineStack,0,0.059000000000072106
60.0,BaselineStack,0,0.059000000000072106
60.0,BaselineStack,0,0.059000000000072106
60.0,BaselineStack,0,0.06400000000007822
60.0,BaselineStack,0,0.06400000000007822
60.0,BaselineStack,0,0.06700000000008188
60.0,BaselineStack,0,0.06700000000008188
60.0,BaselineStack,0,0.06700000000008188
60.0,BaselineStack,0,1.0730000000013113
60.0,BaselineStack,0,0.07300000000008922
60.0,BaselineStack,0,0.07400000000009044
60.0,BaselineStack,0,0.07800000000009533
60.0,BaselineStack,0,0.07800000000009533
60.0,BaselineStack,0,0.08400000000010266
60.0,BaselineStack,0,0.09200000000011244
60.0,BaselineStack,0,0.09600000000011732
60.0,BaselineStack,0,0.1040000000001271
60.0,BaselineStack,0,0.20100000000024565
60.0,BaselineStack,0,1.2440000000015203
60.0,BaselineStack,0,1.2440000000015203
60.0,BaselineStack,0,0.2440000000002982
60.0,BaselineStack,0,0.25000000000030553
60.0,BaselineStack,0,0.252000000000308
60.0,BaselineStack,0,0.2750000000003361
60.0,BaselineStack,0,0.30000000000036664
60.0,BaselineStack,0,0.35900000000043875
60.0,BaselineStack,0,0.3610000000004412
60.0,BaselineStack,0,0.0020000000000024443
60.0,BaselineStack,0,0.0030000000000036664
60.0,BaselineStack,0,0.0040000000000048885
60.0,BaselineStack,0,0.005000000000006111
60.0,BaselineStack,0,0.005000000000006111
60.0,BaselineStack,0,0.005000000000006111
60.0,BaselineStack,0,0.007000000000008555
60.0,BaselineStack,0,0.007000000000008555
60.0,BaselineStack,0,0.008000000000009777
60.0,BaselineStack,0,0.010000000000012221
60.0,BaselineStack,0,0.010000000000012221
60.0,BaselineStack,0,0.011000000000013443
60.0,BaselineStack,0,0.011000000000013443
60.0,BaselineStack,0,0.011000000000013443
60.0,BaselineStack,0,0.012000000000014666
60.0,BaselineStack,0,0.012000000000014666
60.0,BaselineStack,0,0.012000000000014666
60.0,BaselineStack,0,0.012000000000014666
60.0,BaselineStack,0,0.013000000000015888
60.0,BaselineStack,0,0.013000000000015888
60.0,BaselineStack,0,0.015000000000018332
60.0,BaselineStack,0,0.017000000000020776
60.0,BaselineStack,0,0.021000000000025665
60.0,BaselineStack,0,0.022000000000026887
60.0,BaselineStack,0,0.02300000000002811
60.0,BaselineStack,0,0.02300000000002811
60.0,BaselineStack,0,0.02300000000002811
60.0,BaselineStack,0,0.02400000000002933
60.0,BaselineStack,0,0.02400000000002933
60.0,BaselineStack,0,0.027000000000032998
60.0,BaselineStack,0,0.027000000000032998
60.0,BaselineStack,0,0.030000000000036664
60.0,BaselineStack,0,0.03300000000004033
60.0,BaselineStack,0,0.03400000000004155
60.0,BaselineStack,0,0.03400000000004155
60.0,BaselineStack,0,0.035000000000042775
60.0,BaselineStack,0,0.03800000000004644
60.0,BaselineStack,0,0.03900000000004766
60.0,BaselineStack,0,0.04100000000005011
60.0,BaselineStack,0,0.04600000000005622
60.0,BaselineStack,0,0.04800000000005866
60.0,BaselineStack,0,0.05600000000006844
60.0,BaselineStack,0,0.05600000000006844
60.0,BaselineStack,0,0.05600000000006844
60.0,BaselineStack,0,0.05600000000006844
60.0,BaselineStack,0,0.05600000000006844
60.0,BaselineStack,0,0.05700000000006966
60.0,BaselineStack,0,0.06100000000007455
60.0,BaselineStack,0,0.06400000000007822
60.0,BaselineStack,0,0.08800000000010755
60.0,BaselineStack,0,0.09200000000011244
60.0,BaselineStack,0,0.09300000000011366
60.0,BaselineStack,0,0.09800000000011977
60.0,BaselineStack,0,0.11500000000014055
60.0,BaselineStack,0,0.1220000000001491
60.0,BaselineStack,0,0.1220000000001491
60.0,BaselineStack,0,0.13400000000016377
60.0,BaselineStack,0,0.13400000000016377
60.0,BaselineStack,0,0.13900000000016988
60.0,BaselineStack,0,0.16200000000019799
60.0,BaselineStack,0,0.18900000000023098
60.0,BaselineStack,0,0.2930000000003581
60.0,BaselineStack,0,0.2930000000003581
60.0,BaselineStack,0,0.2930000000003581
60.0,BaselineStack,0,0.30100000000036786
60.0,BaselineStack,0,0.3310000000004045
60.0,BaselineStack,0,0.3580000000004375
60.0,BaselineStack,0,0.37700000000046074
60.0,BaselineStack,0,0.37700000000046074
60.0,BaselineStack,0,0.45500000000055607
60.0,BaselineStack,0,0.5390000000006587
60.0,BaselineStack,0,0.5390000000006587
60.0,BaselineStack,0,0.7760000000009484
60.0,BaselineStack,0,0.0010000000000012221
60.0,BaselineStack,0,0.0020000000000024443
60.0,BaselineStack,0,0.0030000000000036664
60.0,BaselineStack,0,0.0030000000000036664
60.0,BaselineStack,0,0.0030000000000036664
60.0,BaselineStack,0,0.0030000000000036664
60.0,BaselineStack,0,0.005000000000006111
60.0,BaselineStack,0,0.005000000000006111
60.0,BaselineStack,0,0.005000000000006111
60.0,BaselineStack,0,0.007000000000008555
60.0,BaselineStack,0,0.008000000000009777
60.0,BaselineStack,0,0.009000000000011
60.0,BaselineStack,0,0.010000000000012221
60.0,BaselineStack,0,0.010000000000012221
60.0,BaselineStack,0,0.010000000000012221
60.0,BaselineStack,0,0.011000000000013443
60.0,BaselineStack,0,0.013000000000015888
60.0,BaselineStack,0,0.013000000000015888
60.0,BaselineStack,0,0.01400000000001711
60.0,BaselineStack,0,0.01400000000001711
60.0,BaselineStack,0,0.015000000000018332
60.0,BaselineStack,0,0.015000000000018332
60.0,BaselineStack,0,0.017000000000020776
60.0,BaselineStack,0,0.022000000000026887
60.0,BaselineStack,0,0.022000000000026887
60.0,BaselineStack,0,0.02400000000002933
60.0,BaselineStack,0,0.027000000000032998
60.0,BaselineStack,0,0.03400000000004155
60.0,BaselineStack,0,0.03700000000004522
60.0,BaselineStack,0,0.04100000000005011
60.0,BaselineStack,0,0.04300000000005255
60.0,BaselineStack,0,0.049000000000059885
60.0,BaselineStack,0,0.05100000000006233
60.0,BaselineStack,0,0.05300000000006477
60.0,BaselineStack,0,0.054000000000065995
60.0,BaselineStack,0,0.054000000000065995
60.0,BaselineStack,0,0.054000000000065995
60.0,BaselineStack,0,0.05700000000006966
60.0,BaselineStack,0,0.06700000000008188
60.0,BaselineStack,0,0.072000000000088
60.0,BaselineStack,0,0.07400000000009044
60.0,BaselineStack,0,0.07400000000009044
60.0,BaselineStack,0,0.0860000000001051
60.0,BaselineStack,0,0.10100000000012344
60.0,BaselineStack,0,0.12900000000015766
60.0,BaselineStack,0,0.153000000000187
60.0,BaselineStack,0,0.1540000000001882
60.0,BaselineStack,0,0.23400000000028598
60.0,BaselineStack,0,0.2390000000002921
60.0,BaselineStack,0,0.24700000000030187
60.0,BaselineStack,0,0.2620000000003202
60.0,BaselineStack,0,0.2620000000003202
60.0,BaselineStack,0,0.2620000000003202
60.0,BaselineStack,0,0.2630000000003214
60.0,BaselineStack,0,0.2630000000003214
60.0,BaselineStack,0,0.2760000000003373
60.0,BaselineStack,0,0.2840000000003471
60.0,BaselineStack,0,0.29600000000036175
60.0,BaselineStack,0,0.4010000000004901
60.0,BaselineStack,0,0.4380000000005353
60.0,BaselineStack,0,0.45900000000056096
60.0,BaselineStack,0,0.45900000000056096
60.0,BaselineStack,0,0.4740000000005793
60.0,BaselineStack,0,0.0010000000000012221
60.0,BaselineStack,0,1.0010000000012234
60.0,BaselineStack,0,0.0030000000000036664
60.0,BaselineStack,0,0.0040000000000048885
60.0,BaselineStack,0,0.005000000000006111
60.0,BaselineStack,0,0.005000000000006111
60.0,BaselineStack,0,0.007000000000008555
60.0,BaselineStack,0,0.007000000000008555
60.0,BaselineStack,0,0.007000000000008555
60.0,BaselineStack,0,0.007000000000008555
60.0,BaselineStack,0,0.009000000000011
60.0,BaselineStack,0,0.013000000000015888
60.0,BaselineStack,0,0.01400000000001711
60.0,BaselineStack,0,0.01400000000001711
60.0,BaselineStack,0,0.01400000000001711
60.0,BaselineStack,0,0.015000000000018332
60.0,BaselineStack,0,0.015000000000018332
60.0,BaselineStack,0,0.015000000000018332
60.0,BaselineStack,0,1.0150000000012405
60.0,BaselineStack,0,0.016000000000019554
60.0,BaselineStack,0,0.016000000000019554
60.0,BaselineStack,0,0.016000000000019554
60.0,BaselineStack,0,0.017000000000020776
60.0,BaselineStack,0,0.017000000000020776
60.0,BaselineStack,0,1.0190000000012454
60.0,BaselineStack,0,1.0190000000012454
60.0,BaselineStack,0,0.020000000000024443
60.0,BaselineStack,0,0.020000000000024443
60.0,BaselineStack,0,0.021000000000025665
60.0,BaselineStack,0,1.0290000000012576
60.0,BaselineStack,0,1.0290000000012576
60.0,BaselineStack,0,0.029000000000035442
60.0,BaselineStack,0,0.030000000000036664
60.0,BaselineStack,0,0.030000000000036664
60.0,BaselineStack,0,0.031000000000037886
60.0,BaselineStack,0,0.031000000000037886
60.0,BaselineStack,0,0.031000000000037886
60.0,BaselineStack,0,0.031000000000037886
60.0,BaselineStack,0,0.03300000000004033
60.0,BaselineStack,0,0.03300000000004033
60.0,BaselineStack,0,0.03300000000004033
60.0,BaselineStack,0,0.03300000000004033
60.0,BaselineStack,0,0.035000000000042775
60.0,BaselineStack,0,0.036000000000044
60.0,BaselineStack,0,0.036000000000044
60.0,BaselineStack,0,0.03700000000004522
60.0,BaselineStack,0,0.03900000000004766
60.0,BaselineStack,0,0.04300000000005255
60.0,BaselineStack,0,0.04700000000005744
60.0,BaselineStack,0,0.05000000000006111
60.0,BaselineStack,0,0.07100000000008677
60.0,BaselineStack,0,0.07100000000008677
60.0,BaselineStack,0,0.072000000000088
60.0,BaselineStack,0,0.07600000000009288
60.0,BaselineStack,0,0.07900000000009655
60.0,BaselineStack,0,0.08000000000009777
60.0,BaselineStack,0,0.08000000000009777
60.0,BaselineStack,0,0.08200000000010021
60.0,BaselineStack,0,0.09600000000011732
60.0,BaselineStack,0,0.09600000000011732
60.0,BaselineStack,0,0.09800000000011977
60.0,BaselineStack,0,0.09800000000011977
60.0,BaselineStack,0,0.1220000000001491
60.0,BaselineStack,0,0.1360000000001662
60.0,BaselineStack,0,0.1360000000001662
60.0,BaselineStack,0,0.15900000000019432
60.0,BaselineStack,0,0.16000000000019554
60.0,BaselineStack,0,0.16600000000020287
60.0,BaselineStack,0,0.17100000000020898
60.0,BaselineStack,0,0.2440000000002982
60.0,BaselineStack,0,0.2620000000003202
60.0,BaselineStack,0,0.27700000000033853
60.0,BaselineStack,0,0.2800000000003422
60.0,BaselineStack,0,0.3890000000004754
60.0,BaselineStack,0,0.3890000000004754
60.0,BaselineStack,0,0.40900000000049985
60.0,BaselineStack,0,0.5250000000006416
60.0,BaselineStack,0,0.5890000000007198
60.0,BaselineStack,0,0.6200000000007577
60.0,BaselineStack,0,0.0010000000000012221
60.0,BaselineStack,0,0.0030000000000036664
60.0,BaselineStack,0,0.0030000000000036664
60.0,BaselineStack,0,0.0040000000000048885
60.0,BaselineStack,0,0.0040000000000048885
60.0,BaselineStack,0,0.005000000000006111
60.0,BaselineStack,0,0.007000000000008555
60.0,BaselineStack,0,0.008000000000009777
60.0,BaselineStack,0,0.009000000000011
60.0,BaselineStack,0,0.009000000000011
60.0,BaselineStack,0,0.009000000000011
60.0,BaselineStack,0,0.009000000000011
60.0,BaselineStack,0,0.010000000000012221
60.0,BaselineStack,0,0.011000000000013443
60.0,BaselineStack,0,0.011000000000013443
60.0,BaselineStack,0,0.012000000000014666
60.0,BaselineStack,0,0.013000000000015888
60.0,BaselineStack,0,0.016000000000019554
60.0,BaselineStack,0,0.017000000000020776
60.0,BaselineStack,0,0.020000000000024443
60.0,BaselineStack,0,0.020000000000024443
60.0,BaselineStack,0,0.020000000000024443
60.0,BaselineStack,0,0.021000000000025665
60.0,BaselineStack,0,0.025000000000030553
60.0,BaselineStack,0,0.025000000000030553
60.0,BaselineStack,0,0.029000000000035442
60.0,BaselineStack,0,0.030000000000036664
60.0,BaselineStack,0,0.030000000000036664
60.0,BaselineStack,0,0.03300000000004033
60.0,BaselineStack,0,0.035000000000042775
60.0,BaselineStack,0,0.035000000000042775
60.0,BaselineStack,0,0.03700000000004522
60.0,BaselineStack,0,0.03900000000004766
60.0,BaselineStack,0,0.04200000000005133
60.0,BaselineStack,0,0.04700000000005744
60.0,BaselineStack,0,0.049000000000059885
60.0,BaselineStack,0,0.049000000000059885
60.0,BaselineStack,0,0.049000000000059885
60.0,BaselineStack,0,0.05500000000006722
60.0,BaselineStack,0,0.058000000000070884
60.0,BaselineStack,0,0.059000000000072106
60.0,BaselineStack,0,0.059000000000072106
60.0,BaselineStack,0,0.06000000000007333
60.0,BaselineStack,0,0.063000000000077
60.0,BaselineStack,0,0.06500000000007944
60.0,BaselineStack,0,0.06500000000007944
60.0,BaselineStack,0,0.06600000000008066
60.0,BaselineStack,0,0.0680000000000831
60.0,BaselineStack,0,0.07400000000009044
60.0,BaselineStack,0,0.07600000000009288
60.0,BaselineStack,0,0.0770000000000941
60.0,BaselineStack,0,0.07900000000009655
60.0,BaselineStack,0,0.08500000000010388
60.0,BaselineStack,0,0.10100000000012344
60.0,BaselineStack,0,0.11200000000013688
60.0,BaselineStack,0,0.11200000000013688
60.0,BaselineStack,0,0.11400000000013932
60.0,BaselineStack,0,0.11400000000013932
60.0,BaselineStack,0,0.135000000000165
60.0,BaselineStack,0,0.1400000000001711
60.0,BaselineStack,0,0.144000000000176
60.0,BaselineStack,0,0.15200000000018576
60.0,BaselineStack,0,0.16400000000020043
60.0,BaselineStack,0,0.17500000000021387
60.0,BaselineStack,0,0.1810000000002212
60.0,BaselineStack,0,0.20900000000025543
60.0,BaselineStack,0,0.20900000000025543
60.0,BaselineStack,0,0.25900000000031653
60.0,BaselineStack,0,0.0030000000000036664
60.0,BaselineStack,0,0.0030000000000036664
60.0,BaselineStack,0,0.0040000000000048885
60.0,BaselineStack,0,0.006000000000007333
60.0,BaselineStack,0,0.007000000000008555
60.0,BaselineStack,0,0.007000000000008555
60.0,BaselineStack,0,0.008000000000009777
60.0,BaselineStack,0,0.008000000000009777
60.0,BaselineStack,0,0.008000000000009777
60.0,BaselineStack,0,0.008000000000009777
60.0,BaselineStack,0,0.008000000000009777
60.0,BaselineStack,0,0.008000000000009777
60.0,BaselineStack,0,0.009000000000011
60.0,BaselineStack,0,0.009000000000011
60.0,BaselineStack,0,0.011000000000013443
60.0,BaselineStack,0,0.012000000000014666
60.0,BaselineStack,0,0.012000000000014666
60.0,BaselineStack,0,0.015000000000018332
60.0,BaselineStack,0,0.016000000000019554
60.0,BaselineStack,0,1.017000000001243
60.0,BaselineStack,0,0.01900000000002322
60.0,BaselineStack,0,0.01900000000002322
60.0,BaselineStack,0,0.020000000000024443
60.0,BaselineStack,0,0.020000000000024443
60.0,BaselineStack,0,0.02300000000002811
60.0,BaselineStack,0,0.02300000000002811
60.0,BaselineStack,0,0.02400000000002933
60.0,BaselineStack,0,1.026000000001254
60.0,BaselineStack,0,0.026000000000031775
60.0,BaselineStack,0,0.030000000000036664
60.0,BaselineStack,0,0.03200000000003911
60.0,BaselineStack,0,0.03300000000004033
60.0,BaselineStack,0,1.0330000000012625
60.0,BaselineStack,0,1.0330000000012625
60.0,BaselineStack,0,0.035000000000042775
60.0,BaselineStack,0,0.036000000000044
60.0,BaselineStack,0,0.03800000000004644
60.0,BaselineStack,0,0.03900000000004766
60.0,BaselineStack,0,0.03900000000004766
60.0,BaselineStack,0,0.03900000000004766
60.0,BaselineStack,0,0.04300000000005255
60.0,BaselineStack,0,0.045000000000054996
60.0,BaselineStack,0,0.045000000000054996
60.0,BaselineStack,0,0.04700000000005744
60.0,BaselineStack,0,0.04700000000005744
60.0,BaselineStack,0,0.04800000000005866
60.0,BaselineStack,0,0.049000000000059885
60.0,BaselineStack,0,0.049000000000059885
60.0,BaselineStack,0,0.05300000000006477
60.0,BaselineStack,0,1.0720000000013101
60.0,BaselineStack,0,1.0720000000013101
60.0,BaselineStack,0,0.07400000000009044
60.0,BaselineStack,0,0.07600000000009288
60.0,BaselineStack,0,0.0860000000001051
60.0,BaselineStack,0,0.08800000000010755
60.0,BaselineStack,0,0.09100000000011121
60.0,BaselineStack,0,1.094000000001337
60.0,BaselineStack,0,1.094000000001337
60.0,BaselineStack,0,1.094000000001337
60.0,BaselineStack,0,0.09400000000011488
60.0,BaselineStack,0,0.09400000000011488
60.0,BaselineStack,0,0.0950000000001161
60.0,BaselineStack,0,0.0950000000001161
60.0,BaselineStack,0,0.09700000000011855
60.0,BaselineStack,0,1.098000000001342
60.0,BaselineStack,0,0.10100000000012344
60.0,BaselineStack,0,0.10100000000012344
60.0,BaselineStack,0,0.10100000000012344
60.0,BaselineStack,0,0.10300000000012588
60.0,BaselineStack,0,0.1040000000001271
60.0,BaselineStack,0,0.10800000000013199
60.0,BaselineStack,0,0.10900000000013321
60.0,BaselineStack,0,0.10900000000013321
60.0,BaselineStack,0,0.10900000000013321
60.0,BaselineStack,0,0.11000000000013443
60.0,BaselineStack,0,0.11000000000013443
60.0,BaselineStack,0,0.11200000000013688
60.0,BaselineStack,0,0.11200000000013688
60.0,BaselineStack,0,0.11200000000013688
60.0,BaselineStack,0,0.1130000000001381
60.0,BaselineStack,0,0.1130000000001381
60.0,BaselineStack,0,0.1130000000001381
60.0,BaselineStack,0,0.11500000000014055
60.0,BaselineStack,0,0.12100000000014788
60.0,BaselineStack,0,0.12400000000015154
60.0,BaselineStack,0,0.1270000000001552
60.0,BaselineStack,0,0.12800000000015643
60.0,BaselineStack,0,0.13700000000016743
60.0,BaselineStack,0,0.13700000000016743
60.0,BaselineStack,0,0.13800000000016865
60.0,BaselineStack,0,0.13800000000016865
60.0,BaselineStack,0,0.1450000000001772
60.0,BaselineStack,0,0.153000000000187
60.0,BaselineStack,0,0.153000000000187
60.0,BaselineStack,0,0.31500000000038497
60.0,BaselineStack,0,0.31500000000038497
60.0,BaselineStack,0,0.0010000000000012221
60.0,BaselineStack,0,0.0010000000000012221
60.0,BaselineStack,0,0.0020000000000024443
60.0,BaselineStack,0,0.0030000000000036664
60.0,BaselineStack,0,0.0040000000000048885
60.0,BaselineStack,0,0.0040000000000048885
60.0,BaselineStack,0,0.0040000000000048885
60.0,BaselineStack,0,0.0040000000000048885
60.0,BaselineStack,0,0.005000000000006111
60.0,BaselineStack,0,0.005000000000006111
60.0,BaselineStack,0,0.005000000000006111
60.0,BaselineStack,0,0.005000000000006111
60.0,BaselineStack,0,0.006000000000007333
60.0,BaselineStack,0,0.009000000000011
60.0,BaselineStack,0,0.009000000000011
60.0,BaselineStack,0,0.009000000000011
60.0,BaselineStack,0,0.009000000000011
60.0,BaselineStack,0,0.013000000000015888
60.0,BaselineStack,0,0.013000000000015888
60.0,BaselineStack,0,0.015000000000018332
60.0,BaselineStack,0,0.015000000000018332
60.0,BaselineStack,0,0.018000000000022
60.0,BaselineStack,0,0.018000000000022
60.0,BaselineStack,0,0.01900000000002322
60.0,BaselineStack,0,0.020000000000024443
60.0,BaselineStack,0,0.020000000000024443
60.0,BaselineStack,0,0.020000000000024443
60.0,BaselineStack,0,0.020000000000024443
60.0,BaselineStack,0,0.021000000000025665
60.0,BaselineStack,0,0.022000000000026887
60.0,BaselineStack,0,0.022000000000026887
60.0,BaselineStack,0,0.022000000000026887
60.0,BaselineStack,0,0.022000000000026887
60.0,BaselineStack,0,0.027000000000032998
60.0,BaselineStack,0,0.02800000000003422
60.0,BaselineStack,0,0.029000000000035442
60.0,BaselineStack,0,0.029000000000035442
60.0,BaselineStack,0,0.031000000000037886
60.0,BaselineStack,0,0.031000000000037886
60.0,BaselineStack,0,0.031000000000037886
60.0,BaselineStack,0,0.031000000000037886
60.0,BaselineStack,0,0.03200000000003911
60.0,BaselineStack,0,0.03200000000003911
60.0,BaselineStack,0,0.035000000000042775
60.0,BaselineStack,0,0.035000000000042775
60.0,BaselineStack,0,0.036000000000044
60.0,BaselineStack,0,0.03700000000004522
60.0,BaselineStack,0,0.04300000000005255
60.0,BaselineStack,0,0.045000000000054996
60.0,BaselineStack,0,0.045000000000054996
60.0,BaselineStack,0,0.04600000000005622
60.0,BaselineStack,0,0.05100000000006233
60.0,BaselineStack,0,0.059000000000072106
60.0,BaselineStack,0,0.059000000000072106
60.0,BaselineStack,0,0.059000000000072106
60.0,BaselineStack,0,0.06000000000007333
60.0,BaselineStack,0,0.06400000000007822
60.0,BaselineStack,0,0.07000000000008555
60.0,BaselineStack,0,0.07400000000009044
60.0,BaselineStack,0,0.07800000000009533
60.0,BaselineStack,0,0.08500000000010388
60.0,BaselineStack,0,0.0860000000001051
60.0,BaselineStack,0,0.0860000000001051
60.0,BaselineStack,0,0.09600000000011732
60.0,BaselineStack,0,0.09700000000011855
60.0,BaselineStack,0,0.135000000000165
60.0,BaselineStack,0,0.15500000000018943
60.0,BaselineStack,0,0.15500000000018943
60.0,BaselineStack,0,0.15500000000018943
60.0,BaselineStack,0,0.1630000000001992
60.0,BaselineStack,0,0.21100000000025787
60.0,BaselineStack,0,0.21900000000026765
60.0,BaselineStack,0,0.21900000000026765
60.0,BaselineStack,0,0.2810000000003434
60.0,BaselineStack,0,0.28200000000034464
60.0,BaselineStack,0,0.2900000000003544
60.0,BaselineStack,0,0.0009999999999976694
60.0,BaselineStack,0,0.0029999999999930083
60.0,BaselineStack,0,0.0029999999999930083
60.0,BaselineStack,0,0.003999999999990678
60.0,BaselineStack,0,0.003999999999990678
60.0,BaselineStack,0,1.005000000001207
60.0,BaselineStack,0,0.004999999999988347
60.0,BaselineStack,0,1.0070000000012023
60.0,BaselineStack,0,0.007999999999981355
60.0,BaselineStack,0,0.007999999999981355
60.0,BaselineStack,0,0.007999999999981355
60.0,BaselineStack,0,0.007999999999981355
60.0,BaselineStack,0,0.008999999999979025
60.0,BaselineStack,0,0.008999999999979025
60.0,BaselineStack,0,0.010999999999974364
60.0,BaselineStack,0,0.010999999999974364
60.0,BaselineStack,0,0.01599999999996271
60.0,BaselineStack,0,0.01599999999996271
60.0,BaselineStack,0,0.01799999999995805
60.0,BaselineStack,0,0.01799999999995805
60.0,BaselineStack,0,0.01999999999995339
60.0,BaselineStack,0,0.020999999999951058
60.0,BaselineStack,0,0.020999999999951058
60.0,BaselineStack,0,0.020999999999951058
60.0,BaselineStack,0,0.021999999999948727
60.0,BaselineStack,0,0.022999999999946397
60.0,BaselineStack,0,0.024999999999941735
60.0,BaselineStack,0,0.025999999999939405
60.0,BaselineStack,0,0.029999999999930083
60.0,BaselineStack,0,1.0300000000011487
60.0,BaselineStack,0,0.030999999999927752
60.0,BaselineStack,0,0.030999999999927752
60.0,BaselineStack,0,0.03199999999992542
60.0,BaselineStack,0,0.03199999999992542
60.0,BaselineStack,0,0.03199999999992542
60.0,BaselineStack,0,0.03299999999992309
60.0,BaselineStack,0,0.03499999999991843
60.0,BaselineStack,0,0.03499999999991843
60.0,BaselineStack,0,0.03499999999991843
60.0,BaselineStack,0,0.03799999999991144
60.0,BaselineStack,0,0.03999999999990678
60.0,BaselineStack,0,0.03999999999990678
60.0,BaselineStack,0,0.03999999999990678
60.0,BaselineStack,0,0.041999999999902116
60.0,BaselineStack,0,0.04599999999989279
60.0,BaselineStack,0,0.0489999999998858
60.0,BaselineStack,0,0.05499999999987182
60.0,BaselineStack,0,0.05499999999987182
60.0,BaselineStack,0,0.05699999999986716
60.0,BaselineStack,0,0.05699999999986716
60.0,BaselineStack,0,0.058999999999862496
60.0,BaselineStack,0,0.06399999999985084
60.0,BaselineStack,0,0.06399999999985084
60.0,BaselineStack,0,0.06699999999984385
60.0,BaselineStack,0,0.06699999999984385
60.0,BaselineStack,0,0.0719999999998322
60.0,BaselineStack,0,0.0719999999998322
60.0,BaselineStack,0,0.07399999999982754
60.0,BaselineStack,0,0.07699999999982055
60.0,BaselineStack,0,0.07899999999981588
60.0,BaselineStack,0,0.07999999999981355
60.0,BaselineStack,0,0.08099999999981122
60.0,BaselineStack,0,0.08099999999981122
60.0,BaselineStack,0,0.08699999999979724
60.0,BaselineStack,0,0.08699999999979724
60.0,BaselineStack,0,0.08699999999979724
60.0,BaselineStack,0,0.08999999999979025
60.0,BaselineStack,0,0.08999999999979025
60.0,BaselineStack,0,0.09099999999978792
60.0,BaselineStack,0,0.09099999999978792
60.0,BaselineStack,0,0.09099999999978792
60.0,BaselineStack,0,0.09099999999978792
60.0,BaselineStack,0,0.10099999999976461
60.0,BaselineStack,0,0.10099999999976461
60.0,BaselineStack,0,0.10499999999975529
60.0,BaselineStack,0,0.10599999999975296
60.0,BaselineStack,0,0.1079999999997483
60.0,BaselineStack,0,0.15299999999964342
60.0,BaselineStack,0,0.15299999999964342
60.0,BaselineStack,0,0.17599999999958982
60.0,BaselineStack,0,0.21199999999950592
60.0,BaselineStack,0,0.28899999999932646
60.0,BaselineStack,0,0.6539999999984758
60.0,BaselineStack,0,0.961999999997758
60.0,BaselineStack,0,0.0009999999999976694
60.0,BaselineStack,0,0.0009999999999976694
60.0,BaselineStack,0,0.0029999999999930083
60.0,BaselineStack,0,0.003999999999990678
60.0,BaselineStack,0,0.004999999999988347
60.0,BaselineStack,0,0.006999999999983686
60.0,BaselineStack,0,0.008999999999979025
60.0,BaselineStack,0,0.012999999999969702
60.0,BaselineStack,0,0.014999999999965041
60.0,BaselineStack,0,0.01599999999996271
60.0,BaselineStack,0,0.01799999999995805
60.0,BaselineStack,0,0.01799999999995805
60.0,BaselineStack,0,0.01899999999995572
60.0,BaselineStack,0,0.01999999999995339
60.0,BaselineStack,0,0.020999999999951058
60.0,BaselineStack,0,0.021999999999948727
60.0,BaselineStack,0,0.021999999999948727
60.0,BaselineStack,0,0.021999999999948727
60.0,BaselineStack,0,0.024999999999941735
60.0,BaselineStack,0,0.026999999999937074
60.0,BaselineStack,0,0.026999999999937074
60.0,BaselineStack,0,0.026999999999937074
60.0,BaselineStack,0,0.026999999999937074
60.0,BaselineStack,0,0.029999999999930083
60.0,BaselineStack,0,0.041999999999902116
60.0,BaselineStack,0,0.041999999999902116
60.0,BaselineStack,0,0.042999999999899785
60.0,BaselineStack,0,0.04699999999989046
60.0,BaselineStack,0,0.04799999999988813
60.0,BaselineStack,0,0.0489999999998858
60.0,BaselineStack,0,0.0489999999998858
60.0,BaselineStack,0,0.05499999999987182
60.0,BaselineStack,0,0.058999999999862496
60.0,BaselineStack,0,0.060999999999857835
60.0,BaselineStack,0,0.06599999999984618
60.0,BaselineStack,0,0.06599999999984618
60.0,BaselineStack,0,0.06699999999984385
60.0,BaselineStack,0,0.06899999999983919
60.0,BaselineStack,0,0.06899999999983919
60.0,BaselineStack,0,0.0719999999998322
60.0,BaselineStack,0,0.0719999999998322
60.0,BaselineStack,0,0.07299999999982987
60.0,BaselineStack,0,0.07899999999981588
60.0,BaselineStack,0,0.08099999999981122
60.0,BaselineStack,0,0.08099999999981122
60.0,BaselineStack,0,0.0849999999998019
60.0,BaselineStack,0,0.08799999999979491
60.0,BaselineStack,0,0.0949999999997786
60.0,BaselineStack,0,0.09899999999976927
60.0,BaselineStack,0,0.09999999999976694
60.0,BaselineStack,0,0.09999999999976694
60.0,BaselineStack,0,0.09999999999976694
60.0,BaselineStack,0,0.10099999999976461
60.0,BaselineStack,0,0.10899999999974597
60.0,BaselineStack,0,0.11499999999973198
60.0,BaselineStack,0,0.12599999999970635
60.0,BaselineStack,0,0.12599999999970635
60.0,BaselineStack,0,0.12599999999970635
60.0,BaselineStack,0,0.12699999999970402
60.0,BaselineStack,0,0.12699999999970402
60.0,BaselineStack,0,0.12699999999970402
60.0,BaselineStack,0,0.12699999999970402
60.0,BaselineStack,0,0.19399999999954787
60.0,BaselineStack,0,0.19499999999954554
60.0,BaselineStack,0,0.30899999999927985
60.0,BaselineStack,0,0.30899999999927985
60.0,BaselineStack,0,0.31499999999926587
60.0,BaselineStack,0,0.3199999999992542
60.0,BaselineStack,0,0.3199999999992542
60.0,BaselineStack,0,0.3339999999992216
60.0,BaselineStack,0,0.3849999999991027
60.0,BaselineStack,0,0.0009999999999976694
60.0,BaselineStack,0,0.001999999999995339
60.0,BaselineStack,0,0.0029999999999930083
60.0,BaselineStack,0,0.0029999999999930083
60.0,BaselineStack,0,0.003999999999990678
60.0,BaselineStack,0,0.003999999999990678
60.0,BaselineStack,0,0.006999999999983686
60.0,BaselineStack,0,0.006999999999983686
60.0,BaselineStack,0,0.007999999999981355
60.0,BaselineStack,0,0.007999999999981355
60.0,BaselineStack,0,0.008999999999979025
60.0,BaselineStack,0,0.010999999999974364
60.0,BaselineStack,0,0.011999999999972033
60.0,BaselineStack,0,0.012999999999969702
60.0,BaselineStack,0,0.012999999999969702
60.0,BaselineStack,0,0.012999999999969702
60.0,BaselineStack,0,0.013999999999967372
60.0,BaselineStack,0,0.013999999999967372
60.0,BaselineStack,0,0.013999999999967372
60.0,BaselineStack,0,0.013999999999967372
60.0,BaselineStack,0,0.013999999999967372
60.0,BaselineStack,0,0.014999999999965041
60.0,BaselineStack,0,0.014999999999965041
60.0,BaselineStack,0,0.014999999999965041
60.0,BaselineStack,0,0.01699999999996038
60.0,BaselineStack,0,0.01799999999995805
60.0,BaselineStack,0,0.01799999999995805
60.0,BaselineStack,0,0.01799999999995805
60.0,BaselineStack,0,0.01899999999995572
60.0,BaselineStack,0,0.01999999999995339
60.0,BaselineStack,0,0.022999999999946397
60.0,BaselineStack,0,0.024999999999941735
60.0,BaselineStack,0,0.024999999999941735
60.0,BaselineStack,0,0.025999999999939405
60.0,BaselineStack,0,0.026999999999937074
60.0,BaselineStack,0,0.027999999999934744
60.0,BaselineStack,0,0.030999999999927752
60.0,BaselineStack,0,0.030999999999927752
60.0,BaselineStack,0,0.03399999999992076
60.0,BaselineStack,0,1.0379999999975809
60.0,BaselineStack,0,1.0409999999975739
60.0,BaselineStack,0,0.042999999999899785
60.0,BaselineStack,0,0.043999999999897454
60.0,BaselineStack,0,0.044999999999895124
60.0,BaselineStack,0,0.044999999999895124
60.0,BaselineStack,0,1.0449999999975645
60.0,BaselineStack,0,0.0489999999998858
60.0,BaselineStack,0,1.0509999999975506
60.0,BaselineStack,0,1.0509999999975506
60.0,BaselineStack,0,1.0509999999975506
60.0,BaselineStack,0,0.05199999999987881
60.0,BaselineStack,0,0.05199999999987881
60.0,BaselineStack,0,0.05399999999987415
60.0,BaselineStack,0,0.05399999999987415
60.0,BaselineStack,0,1.0549999999975412
60.0,BaselineStack,0,0.05699999999986716
60.0,BaselineStack,0,0.06399999999985084
60.0,BaselineStack,0,0.07799999999981821
60.0,BaselineStack,0,0.07799999999981821
60.0,BaselineStack,0,0.07799999999981821
60.0,BaselineStack,0,0.08399999999980423
60.0,BaselineStack,0,0.0849999999998019
60.0,BaselineStack,0,0.08899999999979258
60.0,BaselineStack,0,0.0979999999997716
60.0,BaselineStack,0,0.0979999999997716
60.0,BaselineStack,0,0.09899999999976927
60.0,BaselineStack,0,0.09899999999976927
60.0,BaselineStack,0,0.10399999999975762
60.0,BaselineStack,0,0.10499999999975529
60.0,BaselineStack,0,0.10499999999975529
60.0,BaselineStack,0,0.11699999999972732
60.0,BaselineStack,0,0.11699999999972732
60.0,BaselineStack,0,0.12399999999971101
60.0,BaselineStack,0,0.12999999999969702
60.0,BaselineStack,0,0.13599999999968304
60.0,BaselineStack,0,0.15799999999963177
60.0,BaselineStack,0,0.15799999999963177
60.0,BaselineStack,0,0.16199999999962245
60.0,BaselineStack,0,0.16299999999962012
60.0,BaselineStack,0,0.17199999999959914
60.0,BaselineStack,0,0.19899999999953621
60.0,BaselineStack,0,0.19999999999953388
60.0,BaselineStack,0,0.24299999999943367
60.0,BaselineStack,0,0.24299999999943367
60.0,BaselineStack,0,0.24299999999943367
60.0,BaselineStack,0,0.250999999999415
60.0,BaselineStack,0,0.2749999999993591
60.0,BaselineStack,0,0.2749999999993591
60.0,BaselineStack,0,0.2849999999993358
60.0,BaselineStack,0,0.001999999999995339
60.0,BaselineStack,0,0.001999999999995339
60.0,BaselineStack,0,0.0029999999999930083
60.0,BaselineStack,0,0.003999999999990678
60.0,BaselineStack,0,0.003999999999990678
60.0,BaselineStack,0,0.0059999999999860165
60.0,BaselineStack,0,0.006999999999983686
60.0,BaselineStack,0,0.007999999999981355
60.0,BaselineStack,0,0.007999999999981355
60.0,BaselineStack,0,0.007999999999981355
60.0,BaselineStack,0,0.007999999999981355
60.0,BaselineStack,0,0.007999999999981355
60.0,BaselineStack,0,0.009999999999976694
60.0,BaselineStack,0,0.009999999999976694
60.0,BaselineStack,0,0.010999999999974364
60.0,BaselineStack,0,0.010999999999974364
60.0,BaselineStack,0,0.011999999999972033
60.0,BaselineStack,0,0.012999999999969702
60.0,BaselineStack,0,0.013999999999967372
60.0,BaselineStack,0,0.013999999999967372
60.0,BaselineStack,0,0.013999999999967372
60.0,BaselineStack,0,0.013999999999967372
60.0,BaselineStack,0,0.013999999999967372
60.0,BaselineStack,0,0.014999999999965041
60.0,BaselineStack,0,0.01699999999996038
60.0,BaselineStack,0,0.01699999999996038
60.0,BaselineStack,0,0.01699999999996038
60.0,BaselineStack,0,0.01799999999995805
60.0,BaselineStack,0,0.01799999999995805
60.0,BaselineStack,0,0.01999999999995339
60.0,BaselineStack,0,0.020999999999951058
60.0,BaselineStack,0,0.022999999999946397
60.0,BaselineStack,0,0.022999999999946397
60.0,BaselineStack,0,0.023999999999944066
60.0,BaselineStack,0,0.023999999999944066
60.0,BaselineStack,0,0.023999999999944066
60.0,BaselineStack,0,0.025999999999939405
60.0,BaselineStack,0,0.025999999999939405
60.0,BaselineStack,0,0.026999999999937074
60.0,BaselineStack,0,0.026999999999937074
60.0,BaselineStack,0,0.026999999999937074
60.0,BaselineStack,0,0.026999999999937074
60.0,BaselineStack,0,0.030999999999927752
60.0,BaselineStack,0,0.030999999999927752
60.0,BaselineStack,0,0.030999999999927752
60.0,BaselineStack,0,0.03199999999992542
60.0,BaselineStack,0,0.03199999999992542
60.0,BaselineStack,0,0.03199999999992542
60.0,BaselineStack,0,0.03299999999992309
60.0,BaselineStack,0,0.03399999999992076
60.0,BaselineStack,0,0.03499999999991843
60.0,BaselineStack,0,0.03499999999991843
60.0,BaselineStack,0,0.03499999999991843
60.0,BaselineStack,0,0.03699999999991377
60.0,BaselineStack,0,0.03699999999991377
60.0,BaselineStack,0,0.03899999999990911
60.0,BaselineStack,0,0.040999999999904446
60.0,BaselineStack,0,0.041999999999902116
60.0,BaselineStack,0,0.043999999999897454
60.0,BaselineStack,0,0.044999999999895124
60.0,BaselineStack,0,0.04599999999989279
60.0,BaselineStack,0,0.04999999999988347
60.0,BaselineStack,0,0.04999999999988347
60.0,BaselineStack,0,0.04999999999988347
60.0,BaselineStack,0,0.05499999999987182
60.0,BaselineStack,0,0.05499999999987182
60.0,BaselineStack,0,0.05699999999986716
60.0,BaselineStack,0,0.06399999999985084
60.0,BaselineStack,0,0.06599999999984618
60.0,BaselineStack,0,0.06699999999984385
60.0,BaselineStack,0,0.06699999999984385
60.0,BaselineStack,0,0.08199999999980889
60.0,BaselineStack,0,0.08699999999979724
60.0,BaselineStack,0,0.08999999999979025
60.0,BaselineStack,0,0.08999999999979025
60.0,BaselineStack,0,0.11599999999972965
60.0,BaselineStack,0,1.1349999999973548
60.0,BaselineStack,0,0.13599999999968304
60.0,BaselineStack,0,0.13999999999967372
60.0,BaselineStack,0,0.1439999999996644
60.0,BaselineStack,0,0.14499999999966207
60.0,BaselineStack,0,0.14499999999966207
60.0,BaselineStack,0,0.14599999999965974
60.0,BaselineStack,0,0.14599999999965974
60.0,BaselineStack,0,0.14899999999965274
60.0,BaselineStack,0,0.15199999999964575
60.0,BaselineStack,0,0.15599999999963643
60.0,BaselineStack,0,0.1569999999996341
60.0,BaselineStack,0,1.1629999999972895
60.0,BaselineStack,0,0.241999999999436
60.0,BaselineStack,0,0.24299999999943367
60.0,BaselineStack,0,1.3179999999969283
60.0,BaselineStack,0,0.35499999999917264
60.0,BaselineStack,0,0.8799999999979491
60.0,BaselineStack,0,0.9349999999978209
60.0,BaselineStack,0,0.9349999999978209
60.0,BaselineStack,0,0.001999999999995339
60.0,BaselineStack,0,0.001999999999995339
60.0,BaselineStack,0,0.001999999999995339
60.0,BaselineStack,0,0.001999999999995339
60.0,BaselineStack,0,0.001999999999995339
60.0,BaselineStack,0,0.003999999999990678
60.0,BaselineStack,0,0.003999999999990678
60.0,BaselineStack,0,0.003999999999990678
60.0,BaselineStack,0,0.004999999999988347
60.0,BaselineStack,0,0.004999999999988347
60.0,BaselineStack,0,0.0059999999999860165
60.0,BaselineStack,0,0.006999999999983686
60.0,BaselineStack,0,0.006999999999983686
60.0,BaselineStack,0,0.006999999999983686
60.0,BaselineStack,0,0.007999999999981355
60.0,BaselineStack,0,0.007999999999981355
60.0,BaselineStack,0,0.007999999999981355
60.0,BaselineStack,0,0.007999999999981355
60.0,BaselineStack,0,0.008999999999979025
60.0,BaselineStack,0,0.009999999999976694
60.0,BaselineStack,0,0.009999999999976694
60.0,BaselineStack,0,0.010999999999974364
60.0,BaselineStack,0,0.011999999999972033
60.0,BaselineStack,0,0.012999999999969702
60.0,BaselineStack,0,0.013999999999967372
60.0,BaselineStack,0,0.013999999999967372
60.0,BaselineStack,0,0.014999999999965041
60.0,BaselineStack,0,0.01799999999995805
60.0,BaselineStack,0,0.01899999999995572
60.0,BaselineStack,0,0.01999999999995339
60.0,BaselineStack,0,0.020999999999951058
60.0,BaselineStack,0,0.020999999999951058
60.0,BaselineStack,0,0.024999999999941735
60.0,BaselineStack,0,0.025999999999939405
60.0,BaselineStack,0,0.025999999999939405
60.0,BaselineStack,0,0.026999999999937074
60.0,BaselineStack,0,0.03199999999992542
60.0,BaselineStack,0,0.03299999999992309
60.0,BaselineStack,0,0.03399999999992076
60.0,BaselineStack,0,0.03399999999992076
60.0,BaselineStack,0,0.03499999999991843
60.0,BaselineStack,0,0.0359999999999161
60.0,BaselineStack,0,0.03699999999991377
60.0,BaselineStack,0,0.03699999999991377
60.0,BaselineStack,0,0.03699999999991377
60.0,BaselineStack,0,0.03699999999991377
60.0,BaselineStack,0,0.03799999999991144
60.0,BaselineStack,0,0.03899999999990911
60.0,BaselineStack,0,0.03899999999990911
60.0,BaselineStack,0,0.03899999999990911
60.0,BaselineStack,0,0.03899999999990911
60.0,BaselineStack,0,0.042999999999899785
60.0,BaselineStack,0,0.04799999999988813
60.0,BaselineStack,0,0.04799999999988813
60.0,BaselineStack,0,0.04799999999988813
60.0,BaselineStack,0,0.0489999999998858
60.0,BaselineStack,0,0.05299999999987648
60.0,BaselineStack,0,0.05499999999987182
60.0,BaselineStack,0,0.06599999999984618
60.0,BaselineStack,0,0.07999999999981355
60.0,BaselineStack,0,0.08299999999980656
60.0,BaselineStack,0,0.08299999999980656
60.0,BaselineStack,0,0.08399999999980423
60.0,BaselineStack,0,0.08599999999979957
60.0,BaselineStack,0,0.09199999999978559
60.0,BaselineStack,0,0.1109999999997413
60.0,BaselineStack,0,0.11599999999972965
60.0,BaselineStack,0,0.1309999999996947
60.0,BaselineStack,0,0.1409999999996714
60.0,BaselineStack,0,0.18199999999957583
60.0,BaselineStack,0,0.2159999999994966
60.0,BaselineStack,0,0.22799999999946863
60.0,BaselineStack,0,0.22799999999946863
60.0,BaselineStack,0,0.22799999999946863
60.0,BaselineStack,0,0.26699999999937774
60.0,BaselineStack,0,0.27999999999934744
60.0,BaselineStack,0,0.28999999999932413
60.0,BaselineStack,0,0.2969999999993078
60.0,BaselineStack,0,0.3109999999992752
60.0,BaselineStack,0,0.31599999999926354
60.0,BaselineStack,0,0.3229999999992472
60.0,BaselineStack,0,0.3229999999992472
60.0,BaselineStack,0,0.3459999999991936
60.0,BaselineStack,0,0.37799999999911904
60.0,BaselineStack,0,0.3799999999991144
60.0,BaselineStack,0,0.5719999999986669
60.0,BaselineStack,0,0.0009999999999976694
60.0,BaselineStack,0,0.0009999999999976694
60.0,BaselineStack,0,0.001999999999995339
60.0,BaselineStack,0,0.0029999999999930083
60.0,BaselineStack,0,0.0029999999999930083
60.0,BaselineStack,0,0.0029999999999930083
60.0,BaselineStack,0,0.0029999999999930083
60.0,BaselineStack,0,0.0029999999999930083
60.0,BaselineStack,0,0.0029999999999930083
60.0,BaselineStack,0,0.003999999999990678
60.0,BaselineStack,0,0.004999999999988347
60.0,BaselineStack,0,0.004999999999988347
60.0,BaselineStack,0,0.0059999999999860165
60.0,BaselineStack,0,0.0059999999999860165
60.0,BaselineStack,0,0.007999999999981355
60.0,BaselineStack,0,0.009999999999976694
60.0,BaselineStack,0,0.010999999999974364
60.0,BaselineStack,0,0.010999999999974364
60.0,BaselineStack,0,0.013999999999967372
60.0,BaselineStack,0,0.013999999999967372
60.0,BaselineStack,0,0.013999999999967372
60.0,BaselineStack,0,0.014999999999965041
60.0,BaselineStack,0,0.014999999999965041
60.0,BaselineStack,0,0.01599999999996271
60.0,BaselineStack,0,0.01599999999996271
60.0,BaselineStack,0,0.01699999999996038
60.0,BaselineStack,0,0.01699999999996038
60.0,BaselineStack,0,0.01799999999995805
60.0,BaselineStack,0,0.020999999999951058
60.0,BaselineStack,0,0.021999999999948727
60.0,BaselineStack,0,0.021999999999948727
60.0,BaselineStack,0,0.021999999999948727
60.0,BaselineStack,0,0.021999999999948727
60.0,BaselineStack,0,0.023999999999944066
60.0,BaselineStack,0,0.024999999999941735
60.0,BaselineStack,0,0.03699999999991377
60.0,BaselineStack,0,0.042999999999899785
60.0,BaselineStack,0,0.044999999999895124
60.0,BaselineStack,0,0.04599999999989279
60.0,BaselineStack,0,0.04599999999989279
60.0,BaselineStack,0,0.05499999999987182
60.0,BaselineStack,0,0.05699999999986716
60.0,BaselineStack,0,0.058999999999862496
60.0,BaselineStack,0,0.060999999999857835
60.0,BaselineStack,0,0.06599999999984618
60.0,BaselineStack,0,0.06799999999984152
60.0,BaselineStack,0,0.06799999999984152
60.0,BaselineStack,0,0.06799999999984152
60.0,BaselineStack,0,0.08099999999981122
60.0,BaselineStack,0,0.08099999999981122
60.0,BaselineStack,0,0.08099999999981122
60.0,BaselineStack,0,0.08799999999979491
60.0,BaselineStack,0,0.08999999999979025
60.0,BaselineStack,0,0.09599999999977626
60.0,BaselineStack,0,0.09899999999976927
60.0,BaselineStack,0,0.09899999999976927
60.0,BaselineStack,0,0.1079999999997483
60.0,BaselineStack,0,0.11699999999972732
60.0,BaselineStack,0,0.11699999999972732
60.0,BaselineStack,0,0.11699999999972732
60.0,BaselineStack,0,0.11799999999972499
60.0,BaselineStack,0,0.12899999999969936
60.0,BaselineStack,0,0.12999999999969702
60.0,BaselineStack,0,0.1409999999996714
60.0,BaselineStack,0,0.1499999999996504
60.0,BaselineStack,0,0.1669999999996108
60.0,BaselineStack,0,0.16799999999960846
60.0,BaselineStack,0,0.17199999999959914
60.0,BaselineStack,0,0.17199999999959914
60.0,BaselineStack,0,0.17799999999958516
60.0,BaselineStack,0,0.17799999999958516
60.0,BaselineStack,0,0.1829999999995735
60.0,BaselineStack,0,0.20199999999952922
60.0,BaselineStack,0,0.20199999999952922
60.0,BaselineStack,0,0.23299999999945697
60.0,BaselineStack,0,0.2819999999993428
60.0,BaselineStack,0,0.0009999999999976694
60.0,BaselineStack,0,0.001999999999995339
60.0,BaselineStack,0,0.001999999999995339
60.0,BaselineStack,0,1.0029999999976624
60.0,BaselineStack,0,1.0029999999976624
60.0,BaselineStack,0,0.003999999999990678
60.0,BaselineStack,0,1.00399999999766
60.0,BaselineStack,0,1.00399999999766
60.0,BaselineStack,0,1.00399999999766
60.0,BaselineStack,0,0.003999999999990678
60.0,BaselineStack,0,0.004999999999988347
60.0,BaselineStack,0,0.004999999999988347
60.0,BaselineStack,0,0.0059999999999860165
60.0,BaselineStack,0,0.0059999999999860165
60.0,BaselineStack,0,0.0059999999999860165
60.0,BaselineStack,0,0.0059999999999860165
60.0,BaselineStack,0,0.006999999999983686
60.0,BaselineStack,0,0.006999999999983686
60.0,BaselineStack,0,1.006999999997653
60.0,BaselineStack,0,1.006999999997653
60.0,BaselineStack,0,0.008999999999979025
60.0,BaselineStack,0,0.009999999999976694
60.0,BaselineStack,0,0.009999999999976694
60.0,BaselineStack,0,0.009999999999976694
60.0,BaselineStack,0,0.010999999999974364
60.0,BaselineStack,0,0.011999999999972033
60.0,BaselineStack,0,0.011999999999972033
60.0,BaselineStack,0,0.011999999999972033
60.0,BaselineStack,0,0.011999999999972033
60.0,BaselineStack,0,0.011999999999972033
60.0,BaselineStack,0,1.0119999999976415
60.0,BaselineStack,0,1.0119999999976415
60.0,BaselineStack,0,0.012999999999969702
60.0,BaselineStack,0,0.012999999999969702
60.0,BaselineStack,0,0.013999999999967372
60.0,BaselineStack,0,0.014999999999965041
60.0,BaselineStack,0,0.014999999999965041
60.0,BaselineStack,0,0.01599999999996271
60.0,BaselineStack,0,0.01599999999996271
60.0,BaselineStack,0,1.0159999999976321
60.0,BaselineStack,0,0.01699999999996038
60.0,BaselineStack,0,0.01699999999996038
60.0,BaselineStack,0,0.01799999999995805
60.0,BaselineStack,0,0.01899999999995572
60.0,BaselineStack,0,0.01899999999995572
60.0,BaselineStack,0,0.020999999999951058
60.0,BaselineStack,0,0.020999999999951058
60.0,BaselineStack,0,0.020999999999951058
60.0,BaselineStack,0,0.021999999999948727
60.0,BaselineStack,0,0.022999999999946397
60.0,BaselineStack,0,0.023999999999944066
60.0,BaselineStack,0,0.023999999999944066
60.0,BaselineStack,0,0.023999999999944066
60.0,BaselineStack,0,0.024999999999941735
60.0,BaselineStack,0,0.024999999999941735
60.0,BaselineStack,0,0.027999999999934744
60.0,BaselineStack,0,0.030999999999927752
60.0,BaselineStack,0,0.03199999999992542
60.0,BaselineStack,0,0.03199999999992542
60.0,BaselineStack,0,0.03299999999992309
60.0,BaselineStack,0,0.03499999999991843
60.0,BaselineStack,0,0.03499999999991843
60.0,BaselineStack,0,0.0359999999999161
60.0,BaselineStack,0,0.0359999999999161
60.0,BaselineStack,0,0.0359999999999161
60.0,BaselineStack,0,0.0359999999999161
60.0,BaselineStack,0,0.03699999999991377
60.0,BaselineStack,0,0.03799999999991144
60.0,BaselineStack,0,0.03799999999991144
60.0,BaselineStack,0,0.03899999999990911
60.0,BaselineStack,0,0.03999999999990678
60.0,BaselineStack,0,0.042999999999899785
60.0,BaselineStack,0,0.042999999999899785
60.0,BaselineStack,0,0.04599999999989279
60.0,BaselineStack,0,0.04699999999989046
60.0,BaselineStack,0,0.04699999999989046
60.0,BaselineStack,0,0.04799999999988813
60.0,BaselineStack,0,0.04999999999988347
60.0,BaselineStack,0,0.05199999999987881
60.0,BaselineStack,0,0.05199999999987881
60.0,BaselineStack,0,0.05199999999987881
60.0,BaselineStack,0,0.05499999999987182
60.0,BaselineStack,0,0.05499999999987182
60.0,BaselineStack,0,0.06599999999984618
60.0,BaselineStack,0,0.07099999999983453
60.0,BaselineStack,0,0.07099999999983453
60.0,BaselineStack,0,0.07099999999983453
60.0,BaselineStack,0,0.0749999999998252
60.0,BaselineStack,0,0.08199999999980889
60.0,BaselineStack,0,0.08199999999980889
60.0,BaselineStack,0,0.08999999999979025
60.0,BaselineStack,0,0.10199999999976228
60.0,BaselineStack,0,0.10199999999976228
60.0,BaselineStack,0,0.1079999999997483
60.0,BaselineStack,0,0.1109999999997413
60.0,BaselineStack,0,0.11299999999973664
60.0,BaselineStack,0,0.11299999999973664
60.0,BaselineStack,0,0.11499999999973198
60.0,BaselineStack,0,0.11699999999972732
60.0,BaselineStack,0,0.1599999999996271
60.0,BaselineStack,0,0.1599999999996271
60.0,BaselineStack,0,0.16099999999962478
60.0,BaselineStack,0,0.1959999999995432
60.0,BaselineStack,0,0.22299999999948028
60.0,BaselineStack,0,0.2619999999993894
60.0,BaselineStack,0,0.2819999999993428
60.0,BaselineStack,0,0.29299999999931714
60.0,BaselineStack,0,0.0009999999999976694
60.0,BaselineStack,0,0.0009999999999976694
60.0,BaselineStack,0,0.001999999999995339
60.0,BaselineStack,0,0.0029999999999930083
60.0,BaselineStack,0,0.0029999999999930083
60.0,BaselineStack,0,0.003999999999990678
60.0,BaselineStack,0,0.003999999999990678
60.0,BaselineStack,0,0.003999999999990678
60.0,BaselineStack,0,0.004999999999988347
60.0,BaselineStack,0,0.004999999999988347
60.0,BaselineStack,0,0.004999999999988347
60.0,BaselineStack,0,0.0059999999999860165
60.0,BaselineStack,0,0.0059999999999860165
60.0,BaselineStack,0,0.006999999999983686
60.0,BaselineStack,0,0.007999999999981355
60.0,BaselineStack,0,0.007999999999981355
60.0,BaselineStack,0,0.007999999999981355
60.0,BaselineStack,0,0.007999999999981355
60.0,BaselineStack,0,0.008999999999979025
60.0,BaselineStack,0,0.008999999999979025
60.0,BaselineStack,0,0.009999999999976694
60.0,BaselineStack,0,0.009999999999976694
60.0,BaselineStack,0,0.009999999999976694
60.0,BaselineStack,0,0.009999999999976694
60.0,BaselineStack,0,0.011999999999972033
60.0,BaselineStack,0,0.012999999999969702
60.0,BaselineStack,0,0.012999999999969702
60.0,BaselineStack,0,0.012999999999969702
60.0,BaselineStack,0,0.012999999999969702
60.0,BaselineStack,0,0.012999999999969702
60.0,BaselineStack,0,0.013999999999967372
60.0,BaselineStack,0,0.014999999999965041
60.0,BaselineStack,0,0.014999999999965041
60.0,BaselineStack,0,0.01699999999996038
60.0,BaselineStack,0,0.01999999999995339
60.0,BaselineStack,0,0.01999999999995339
60.0,BaselineStack,0,0.01999999999995339
60.0,BaselineStack,0,0.020999999999951058
60.0,BaselineStack,0,0.021999999999948727
60.0,BaselineStack,0,0.022999999999946397
60.0,BaselineStack,0,0.022999999999946397
60.0,BaselineStack,0,0.023999999999944066
60.0,BaselineStack,0,0.023999999999944066
60.0,BaselineStack,0,0.025999999999939405
60.0,BaselineStack,0,0.025999999999939405
60.0,BaselineStack,0,0.029999999999930083
60.0,BaselineStack,0,0.029999999999930083
60.0,BaselineStack,0,0.030999999999927752
60.0,BaselineStack,0,0.03199999999992542
60.0,BaselineStack,0,0.03699999999991377
60.0,BaselineStack,0,0.03799999999991144
60.0,BaselineStack,0,0.03799999999991144
60.0,BaselineStack,0,0.03899999999990911
60.0,BaselineStack,0,0.03899999999990911
60.0,BaselineStack,0,0.04599999999989279
60.0,BaselineStack,0,0.04599999999989279
60.0,BaselineStack,0,0.04999999999988347
60.0,BaselineStack,0,0.04999999999988347
60.0,BaselineStack,0,0.05099999999988114
60.0,BaselineStack,0,0.05099999999988114
60.0,BaselineStack,0,0.05199999999987881
60.0,BaselineStack,0,0.05199999999987881
60.0,BaselineStack,0,0.05399999999987415
60.0,BaselineStack,0,0.05399999999987415
60.0,BaselineStack,0,0.05399999999987415
60.0,BaselineStack,0,0.05599999999986949
60.0,BaselineStack,0,0.05599999999986949
60.0,BaselineStack,0,0.05699999999986716
60.0,BaselineStack,0,0.057999999999864826
60.0,BaselineStack,0,0.057999999999864826
60.0,BaselineStack,0,0.06599999999984618
60.0,BaselineStack,0,0.06799999999984152
60.0,BaselineStack,0,0.06999999999983686
60.0,BaselineStack,0,0.06999999999983686
60.0,BaselineStack,0,0.0719999999998322
60.0,BaselineStack,0,0.07299999999982987
60.0,BaselineStack,0,0.07299999999982987
60.0,BaselineStack,0,0.07399999999982754
60.0,BaselineStack,0,0.07599999999982288
60.0,BaselineStack,0,0.07599999999982288
60.0,BaselineStack,0,0.07999999999981355
60.0,BaselineStack,0,0.07999999999981355
60.0,BaselineStack,0,0.08199999999980889
60.0,BaselineStack,0,0.08199999999980889
60.0,BaselineStack,0,0.08199999999980889
60.0,BaselineStack,0,0.08399999999980423
60.0,BaselineStack,0,0.09099999999978792
60.0,BaselineStack,0,0.09399999999978093
60.0,BaselineStack,0,0.0949999999997786
60.0,BaselineStack,0,0.09699999999977393
60.0,BaselineStack,0,0.0979999999997716
60.0,BaselineStack,0,0.10899999999974597
60.0,BaselineStack,0,0.10899999999974597
60.0,BaselineStack,0,0.10899999999974597
60.0,BaselineStack,0,0.10899999999974597
60.0,BaselineStack,0,0.11499999999973198
60.0,BaselineStack,0,0.11499999999973198
60.0,BaselineStack,0,0.12399999999971101
60.0,BaselineStack,0,0.12699999999970402
60.0,BaselineStack,0,0.12699999999970402
60.0,BaselineStack,0,0.12999999999969702
60.0,BaselineStack,0,0.13299999999969003
60.0,BaselineStack,0,0.13599999999968304
60.0,BaselineStack,0,0.14299999999966673
60.0,BaselineStack,0,0.14299999999966673
60.0,BaselineStack,0,0.14799999999965507
60.0,BaselineStack,0,0.14799999999965507
60.0,BaselineStack,0,0.14899999999965274
60.0,BaselineStack,0,0.15499999999963876
60.0,BaselineStack,0,0.15499999999963876
60.0,BaselineStack,0,0.1569999999996341
60.0,BaselineStack,0,0.25399999999940803
60.0,BaselineStack,0,0.26699999999937774
60.0,BaselineStack,0,0.2679999999993754
60.0,BaselineStack,0,0.30599999999928684
60.0,BaselineStack,0,0.32199999999924955
60.0,BaselineStack,0,0.38099999999911205
60.0,BaselineStack,0,0.47299999999889764
60.0,BaselineStack,0,0.4739999999988953
60.0,BaselineStack,0,0.483999999998872
60.0,BaselineStack,0,0.5199999999987881
60.0,BaselineStack,0,0.0009999999999976694
60.0,BaselineStack,0,0.0009999999999976694
60.0,BaselineStack,0,0.0009999999999976694
60.0,BaselineStack,0,0.0009999999999976694
60.0,BaselineStack,0,0.001999999999995339
60.0,BaselineStack,0,0.001999999999995339
60.0,BaselineStack,0,0.0029999999999930083
60.0,BaselineStack,0,0.0029999999999930083
60.0,BaselineStack,0,0.0029999999999930083
60.0,BaselineStack,0,0.003999999999990678
60.0,BaselineStack,0,0.003999999999990678
60.0,BaselineStack,0,0.004999999999988347
60.0,BaselineStack,0,0.004999999999988347
60.0,BaselineStack,0,0.004999999999988347
60.0,BaselineStack,0,0.0059999999999860165
60.0,BaselineStack,0,0.0059999999999860165
60.0,BaselineStack,0,0.0059999999999860165
60.0,BaselineStack,0,0.008999999999979025
60.0,BaselineStack,0,0.009999999999976694
60.0,BaselineStack,0,0.010999999999974364
60.0,BaselineStack,0,0.012999999999969702
60.0,BaselineStack,0,0.012999999999969702
60.0,BaselineStack,0,0.013999999999967372
60.0,BaselineStack,0,0.013999999999967372
60.0,BaselineStack,0,0.01599999999996271
60.0,BaselineStack,0,0.01599999999996271
60.0,BaselineStack,0,0.01899999999995572
60.0,BaselineStack,0,0.01899999999995572
60.0,BaselineStack,0,0.01999999999995339
60.0,BaselineStack,0,0.01999999999995339
60.0,BaselineStack,0,0.021999999999948727
60.0,BaselineStack,0,0.021999999999948727
60.0,BaselineStack,0,0.021999999999948727
60.0,BaselineStack,0,0.022999999999946397
60.0,BaselineStack,0,0.025999999999939405
60.0,BaselineStack,0,0.025999999999939405
60.0,BaselineStack,0,0.025999999999939405
60.0,BaselineStack,0,0.025999999999939405
60.0,BaselineStack,0,0.025999999999939405
60.0,BaselineStack,0,0.028999999999932413
60.0,BaselineStack,0,0.03299999999992309
60.0,BaselineStack,0,0.03499999999991843
60.0,BaselineStack,0,0.03499999999991843
60.0,BaselineStack,0,0.0359999999999161
60.0,BaselineStack,0,0.0359999999999161
60.0,BaselineStack,0,0.03699999999991377
60.0,BaselineStack,0,0.040999999999904446
60.0,BaselineStack,0,0.042999999999899785
60.0,BaselineStack,0,0.043999999999897454
60.0,BaselineStack,0,0.044999999999895124
60.0,BaselineStack,0,0.04999999999988347
60.0,BaselineStack,0,0.05199999999987881
60.0,BaselineStack,0,0.05499999999987182
60.0,BaselineStack,0,0.05699999999986716
60.0,BaselineStack,0,0.05699999999986716
60.0,BaselineStack,0,0.06299999999985317
60.0,BaselineStack,0,0.06299999999985317
60.0,BaselineStack,0,0.06299999999985317
60.0,BaselineStack,0,0.06399999999985084
60.0,BaselineStack,0,0.06599999999984618
60.0,BaselineStack,0,0.06799999999984152
60.0,BaselineStack,0,0.06799999999984152
60.0,BaselineStack,0,0.06999999999983686
60.0,BaselineStack,0,0.07099999999983453
60.0,BaselineStack,0,0.07899999999981588
60.0,BaselineStack,0,0.09899999999976927
60.0,BaselineStack,0,0.09899999999976927
60.0,BaselineStack,0,0.09999999999976694
60.0,BaselineStack,0,0.10699999999975063
60.0,BaselineStack,0,0.10899999999974597
60.0,BaselineStack,0,0.10899999999974597
60.0,BaselineStack,0,0.1109999999997413
60.0,BaselineStack,0,0.1109999999997413
60.0,BaselineStack,0,0.11499999999973198
60.0,BaselineStack,0,0.12499999999970868
60.0,BaselineStack,0,0.1439999999996644
60.0,BaselineStack,0,0.1439999999996644
60.0,BaselineStack,0,0.1439999999996644
60.0,BaselineStack,0,0.14599999999965974
60.0,BaselineStack,0,0.14599999999965974
60.0,BaselineStack,0,0.1539999999996411
60.0,BaselineStack,0,0.1539999999996411
60.0,BaselineStack,0,0.16899999999960613
60.0,BaselineStack,0,0.16899999999960613
60.0,BaselineStack,0,0.1729999999995968
60.0,BaselineStack,0,0.18099999999957816
60.0,BaselineStack,0,0.18099999999957816
60.0,BaselineStack,0,0.1859999999995665
60.0,BaselineStack,0,0.18799999999956185
60.0,BaselineStack,0,0.2059999999995199
60.0,BaselineStack,0,0.2059999999995199
60.0,BaselineStack,0,0.2059999999995199
60.0,BaselineStack,0,0.2259999999994733
60.0,BaselineStack,0,0.2879999999993288
60.0,BaselineStack,0,0.353999999999175
60.0,BaselineStack,0,0.3669999999991447
60.0,BaselineStack,0,0.3729999999991307
60.0,BaselineStack,0,0.4029999999990608
60.0,BaselineStack,0,0.45999999999892793
60.0,BaselineStack,0,0.4679999999989093
60.0,BaselineStack,0,0.0009999999999976694
60.0,BaselineStack,0,0.001999999999995339
60.0,BaselineStack,0,0.001999999999995339
60.0,BaselineStack,0,0.001999999999995339
60.0,BaselineStack,0,0.001999999999995339
60.0,BaselineStack,0,0.0029999999999930083
60.0,BaselineStack,0,0.0029999999999930083
60.0,BaselineStack,0,0.003999999999990678
60.0,BaselineStack,0,0.003999999999990678
60.0,BaselineStack,0,0.003999999999990678
60.0,BaselineStack,0,0.004999999999988347
60.0,BaselineStack,0,0.004999999999988347
60.0,BaselineStack,0,0.0059999999999860165
60.0,BaselineStack,0,0.007999999999981355
60.0,BaselineStack,0,0.007999999999981355
60.0,BaselineStack,0,0.007999999999981355
60.0,BaselineStack,0,0.007999999999981355
60.0,BaselineStack,0,0.007999999999981355
60.0,BaselineStack,0,0.011999999999972033
60.0,BaselineStack,0,0.012999999999969702
60.0,BaselineStack,0,0.014999999999965041
60.0,BaselineStack,0,0.014999999999965041
60.0,BaselineStack,0,0.01599999999996271
60.0,BaselineStack,0,0.01599999999996271
60.0,BaselineStack,0,0.01699999999996038
60.0,BaselineStack,0,0.01699999999996038
60.0,BaselineStack,0,0.01699999999996038
60.0,BaselineStack,0,0.01799999999995805
60.0,BaselineStack,0,0.01899999999995572
60.0,BaselineStack,0,0.01999999999995339
60.0,BaselineStack,0,0.01999999999995339
60.0,BaselineStack,0,0.020999999999951058
60.0,BaselineStack,0,0.021999999999948727
60.0,BaselineStack,0,0.021999999999948727
60.0,BaselineStack,0,0.023999999999944066
60.0,BaselineStack,0,0.023999999999944066
60.0,BaselineStack,0,0.024999999999941735
60.0,BaselineStack,0,0.024999999999941735
60.0,BaselineStack,0,0.026999999999937074
60.0,BaselineStack,0,0.026999999999937074
60.0,BaselineStack,0,0.027999999999934744
60.0,BaselineStack,0,0.028999999999932413
60.0,BaselineStack,0,0.028999999999932413
60.0,BaselineStack,0,0.029999999999930083
60.0,BaselineStack,0,0.029999999999930083
60.0,BaselineStack,0,0.03399999999992076
60.0,BaselineStack,0,0.03899999999990911
60.0,BaselineStack,0,0.041999999999902116
60.0,BaselineStack,0,0.041999999999902116
60.0,BaselineStack,0,0.041999999999902116
60.0,BaselineStack,0,0.042999999999899785
60.0,BaselineStack,0,0.042999999999899785
60.0,BaselineStack,0,0.04799999999988813
60.0,BaselineStack,0,0.04999999999988347
60.0,BaselineStack,0,0.04999999999988347
60.0,BaselineStack,0,0.05099999999988114
60.0,BaselineStack,0,0.05399999999987415
60.0,BaselineStack,0,0.05499999999987182
60.0,BaselineStack,0,0.058999999999862496
60.0,BaselineStack,0,0.058999999999862496
60.0,BaselineStack,0,0.058999999999862496
60.0,BaselineStack,0,0.059999999999860165
60.0,BaselineStack,0,0.06299999999985317
60.0,BaselineStack,0,0.06299999999985317
60.0,BaselineStack,0,0.06299999999985317
60.0,BaselineStack,0,0.06599999999984618
60.0,BaselineStack,0,0.08699999999979724
60.0,BaselineStack,0,0.08899999999979258
60.0,BaselineStack,0,0.10399999999975762
60.0,BaselineStack,0,0.1109999999997413
60.0,BaselineStack,0,0.12799999999970169
60.0,BaselineStack,0,0.12999999999969702
60.0,BaselineStack,0,0.1829999999995735
60.0,BaselineStack,0,0.1829999999995735
60.0,BaselineStack,0,0.20999999999951058
60.0,BaselineStack,0,0.4549999999989396
60.0,BaselineStack,0,0.598999999998604
60.0,BaselineStack,0,0.5999999999986017
60.0,BaselineStack,0,0.5999999999986017
60.0,BaselineStack,0,0.5999999999986017
60.0,BaselineStack,0,0.0009999999999976694
60.0,BaselineStack,0,0.0009999999999976694
60.0,BaselineStack,0,0.001999999999995339
60.0,BaselineStack,0,0.001999999999995339
60.0,BaselineStack,0,0.001999999999995339
60.0,BaselineStack,0,0.0029999999999930083
60.0,BaselineStack,0,0.003999999999990678
60.0,BaselineStack,0,0.004999999999988347
60.0,BaselineStack,0,0.006999999999983686
60.0,BaselineStack,0,0.006999999999983686
60.0,BaselineStack,0,0.006999999999983686
60.0,BaselineStack,0,0.007999999999981355
60.0,BaselineStack,0,0.008999999999979025
60.0,BaselineStack,0,0.008999999999979025
60.0,BaselineStack,0,0.010999999999974364
60.0,BaselineStack,0,0.011999999999972033
60.0,BaselineStack,0,0.011999999999972033
60.0,BaselineStack,0,0.013999999999967372
60.0,BaselineStack,0,0.014999999999965041
60.0,BaselineStack,0,0.01599999999996271
60.0,BaselineStack,0,0.01699999999996038
60.0,BaselineStack,0,0.01699999999996038
60.0,BaselineStack,0,0.01699999999996038
60.0,BaselineStack,0,0.01699999999996038
60.0,BaselineStack,0,0.01799999999995805
60.0,BaselineStack,0,0.01899999999995572
60.0,BaselineStack,0,0.01999999999995339
60.0,BaselineStack,0,0.020999999999951058
60.0,BaselineStack,0,0.021999999999948727
60.0,BaselineStack,0,0.021999999999948727
60.0,BaselineStack,0,0.021999999999948727
60.0,BaselineStack,0,0.022999999999946397
60.0,BaselineStack,0,0.022999999999946397
60.0,BaselineStack,0,0.022999999999946397
60.0,BaselineStack,0,0.022999999999946397
60.0,BaselineStack,0,0.026999999999937074
60.0,BaselineStack,0,0.026999999999937074
60.0,BaselineStack,0,0.027999999999934744
60.0,BaselineStack,0,0.028999999999932413
60.0,BaselineStack,0,0.030999999999927752
60.0,BaselineStack,0,0.030999999999927752
60.0,BaselineStack,0,0.03199999999992542
60.0,BaselineStack,0,0.0359999999999161
60.0,BaselineStack,0,0.03699999999991377
60.0,BaselineStack,0,0.03699999999991377
60.0,BaselineStack,0,0.03699999999991377
60.0,BaselineStack,0,0.03899999999990911
60.0,BaselineStack,0,0.040999999999904446
60.0,BaselineStack,0,0.041999999999902116
60.0,BaselineStack,0,0.043999999999897454
60.0,BaselineStack,0,0.043999999999897454
60.0,BaselineStack,0,0.04599999999989279
60.0,BaselineStack,0,0.04599999999989279
60.0,BaselineStack,0,0.04799999999988813
60.0,BaselineStack,0,0.058999999999862496
60.0,BaselineStack,0,0.058999999999862496
60.0,BaselineStack,0,0.061999999999855504
60.0,BaselineStack,0,0.061999999999855504
60.0,BaselineStack,0,0.06599999999984618
60.0,BaselineStack,0,0.06599999999984618
60.0,BaselineStack,0,0.06599999999984618
60.0,BaselineStack,0,0.06999999999983686
60.0,BaselineStack,0,0.07599999999982288
60.0,BaselineStack,0,0.07699999999982055
60.0,BaselineStack,0,0.07699999999982055
60.0,BaselineStack,0,0.07699999999982055
60.0,BaselineStack,0,0.07699999999982055
60.0,BaselineStack,0,0.07799999999981821
60.0,BaselineStack,0,0.07799999999981821
60.0,BaselineStack,0,0.07799999999981821
60.0,BaselineStack,0,0.07899999999981588
60.0,BaselineStack,0,0.07899999999981588
60.0,BaselineStack,0,0.08299999999980656
60.0,BaselineStack,0,0.08299999999980656
60.0,BaselineStack,0,0.08399999999980423
60.0,BaselineStack,0,0.0849999999998019
60.0,BaselineStack,0,0.0849999999998019
60.0,BaselineStack,0,0.08799999999979491
60.0,BaselineStack,0,0.08799999999979491
60.0,BaselineStack,0,0.09199999999978559
60.0,BaselineStack,0,0.09199999999978559
60.0,BaselineStack,0,0.09299999999978326
60.0,BaselineStack,0,0.09299999999978326
60.0,BaselineStack,0,0.09299999999978326
60.0,BaselineStack,0,0.09299999999978326
60.0,BaselineStack,0,0.09399999999978093
60.0,BaselineStack,0,0.09599999999977626
60.0,BaselineStack,0,0.11299999999973664
60.0,BaselineStack,0,0.11699999999972732
60.0,BaselineStack,0,0.11699999999972732
60.0,BaselineStack,0,0.12399999999971101
60.0,BaselineStack,0,0.12499999999970868
60.0,BaselineStack,0,0.12799999999970169
60.0,BaselineStack,0,0.13599999999968304
60.0,BaselineStack,0,0.13899999999967605
60.0,BaselineStack,0,0.1669999999996108
60.0,BaselineStack,0,0.1669999999996108
60.0,BaselineStack,0,0.17499999999959215
60.0,BaselineStack,0,0.17899999999958283
60.0,BaselineStack,0,0.1859999999995665
60.0,BaselineStack,0,0.1859999999995665
60.0,BaselineStack,0,0.2059999999995199
60.0,BaselineStack,0,0.2059999999995199
60.0,BaselineStack,0,0.21399999999950126
60.0,BaselineStack,0,0.21499999999949893
60.0,BaselineStack,0,0.21699999999949426
60.0,BaselineStack,0,0.21799999999949193
60.0,BaselineStack,0,0.2189999999994896
60.0,BaselineStack,0,0.250999999999415
60.0,BaselineStack,0,0.2679999999993754
60.0,BaselineStack,0,0.27999999999934744
60.0,BaselineStack,0,0.3269999999992379
60.0,BaselineStack,0,0.3269999999992379
60.0,BaselineStack,0,0.3269999999992379
60.0,BaselineStack,0,0.34199999999920294
60.0,BaselineStack,0,0.34199999999920294
60.0,BaselineStack,0,0.34799999999918896
60.0,BaselineStack,0,0.34799999999918896
60.0,BaselineStack,0,0.34799999999918896
60.0,BaselineStack,0,0.3849999999991027
60.0,BaselineStack,0,0.41399999999903514
60.0,BaselineStack,0,0.5889999999986273
60.0,BaselineStack,0,0.0009999999999976694
60.0,BaselineStack,0,0.0059999999999860165
60.0,BaselineStack,0,0.006999999999983686
60.0,BaselineStack,0,0.008999999999979025
60.0,BaselineStack,0,0.008999999999979025
60.0,BaselineStack,0,0.009999999999976694
60.0,BaselineStack,0,0.010999999999974364
60.0,BaselineStack,0,0.010999999999974364
60.0,BaselineStack,0,0.011999999999972033
60.0,BaselineStack,0,0.012999999999969702
60.0,BaselineStack,0,0.012999999999969702
60.0,BaselineStack,0,0.013999999999967372
60.0,BaselineStack,0,0.013999999999967372
60.0,BaselineStack,0,0.013999999999967372
60.0,BaselineStack,0,0.013999999999967372
60.0,BaselineStack,0,0.014999999999965041
60.0,BaselineStack,0,0.01899999999995572
60.0,BaselineStack,0,0.021999999999948727
60.0,BaselineStack,0,0.021999999999948727
60.0,BaselineStack,0,0.022999999999946397
60.0,BaselineStack,0,0.023999999999944066
60.0,BaselineStack,0,0.026999999999937074
60.0,BaselineStack,0,0.027999999999934744
60.0,BaselineStack,0,0.027999999999934744
60.0,BaselineStack,0,0.029999999999930083
60.0,BaselineStack,0,0.029999999999930083
60.0,BaselineStack,0,0.030999999999927752
60.0,BaselineStack,0,0.03199999999992542
60.0,BaselineStack,0,0.03199999999992542
60.0,BaselineStack,0,0.03199999999992542
60.0,BaselineStack,0,0.03299999999992309
60.0,BaselineStack,0,0.03699999999991377
60.0,BaselineStack,0,0.03699999999991377
60.0,BaselineStack,0,0.03699999999991377
60.0,BaselineStack,0,0.03899999999990911
60.0,BaselineStack,0,0.041999999999902116
60.0,BaselineStack,0,0.044999999999895124
60.0,BaselineStack,0,0.04799999999988813
60.0,BaselineStack,0,0.04799999999988813
60.0,BaselineStack,0,0.05099999999988114
60.0,BaselineStack,0,0.05199999999987881
60.0,BaselineStack,0,0.05199999999987881
60.0,BaselineStack,0,0.05399999999987415
60.0,BaselineStack,0,0.061999999999855504
60.0,BaselineStack,0,0.06299999999985317
60.0,BaselineStack,0,0.06299999999985317
60.0,BaselineStack,0,0.06499999999984851
60.0,BaselineStack,0,0.0719999999998322
60.0,BaselineStack,0,0.0719999999998322
60.0,BaselineStack,0,0.0749999999998252
60.0,BaselineStack,0,0.07699999999982055
60.0,BaselineStack,0,0.07799999999981821
60.0,BaselineStack,0,0.07799999999981821
60.0,BaselineStack,0,0.07899999999981588
60.0,BaselineStack,0,0.07999999999981355
60.0,BaselineStack,0,0.08299999999980656
60.0,BaselineStack,0,0.08299999999980656
60.0,BaselineStack,0,0.08299999999980656
60.0,BaselineStack,0,0.09199999999978559
60.0,BaselineStack,0,0.10299999999975995
60.0,BaselineStack,0,1.1269999999973734
60.0,BaselineStack,0,0.12699999999970402
60.0,BaselineStack,0,0.12799999999970169
60.0,BaselineStack,0,0.12799999999970169
60.0,BaselineStack,0,0.12799999999970169
60.0,BaselineStack,0,0.12899999999969936
60.0,BaselineStack,0,0.13299999999969003
60.0,BaselineStack,0,0.16299999999962012
60.0,BaselineStack,0,0.16899999999960613
60.0,BaselineStack,0,0.17199999999959914
60.0,BaselineStack,0,0.17499999999959215
60.0,BaselineStack,0,0.20099999999953155
60.0,BaselineStack,0,0.21399999999950126
60.0,BaselineStack,0,0.2979999999993055
60.0,BaselineStack,0,0.3069999999992845
60.0,BaselineStack,0,0.356999999999168
60.0,BaselineStack,0,0.356999999999168
60.0,BaselineStack,0,0.356999999999168
60.0,BaselineStack,0,0.356999999999168
60.0,BaselineStack,0,0.3589999999991633
60.0,BaselineStack,0,0.3669999999991447
60.0,BaselineStack,0,0.3669999999991447
60.0,BaselineStack,0,0.3669999999991447
60.0,BaselineStack,0,0.3819999999991097
60.0,BaselineStack,0,0.3829999999991074
60.0,BaselineStack,0,0.39799999999907243
60.0,BaselineStack,0,0.43299999999899086
60.0,BaselineStack,0,0.43299999999899086
60.0,BaselineStack,0,0.4389999999989769
60.0,BaselineStack,0,0.4579999999989326
60.0,BaselineStack,0,0.4579999999989326
60.0,BaselineStack,0,0.4579999999989326
60.0,BaselineStack,0,0.4579999999989326
60.0,BaselineStack,0,0.4709999999989023
60.0,BaselineStack,0,0.4799999999988813
60.0,BaselineStack,0,0.5259999999987741
60.0,BaselineStack,0,0.5819999999986436
60.0,BaselineStack,0,0.6149999999985667
60.0,BaselineStack,0,0.734999999998287
60.0,BaselineStack,0,0.0009999999999976694
60.0,BaselineStack,0,0.0009999999999976694
60.0,BaselineStack,0,0.001999999999995339
60.0,BaselineStack,0,0.001999999999995339
60.0,BaselineStack,0,0.001999999999995339
60.0,BaselineStack,0,0.001999999999995339
60.0,BaselineStack,0,0.003999999999990678
60.0,BaselineStack,0,0.003999999999990678
60.0,BaselineStack,0,0.003999999999990678
60.0,BaselineStack,0,0.003999999999990678
60.0,BaselineStack,0,0.004999999999988347
60.0,BaselineStack,0,0.0059999999999860165
60.0,BaselineStack,0,0.0059999999999860165
60.0,BaselineStack,0,0.0059999999999860165
60.0,BaselineStack,0,0.006999999999983686
60.0,BaselineStack,0,0.007999999999981355
60.0,BaselineStack,0,0.007999999999981355
60.0,BaselineStack,0,0.008999999999979025
60.0,BaselineStack,0,0.008999999999979025
60.0,BaselineStack,0,0.008999999999979025
60.0,BaselineStack,0,0.009999999999976694
60.0,BaselineStack,0,0.009999999999976694
60.0,BaselineStack,0,0.009999999999976694
60.0,BaselineStack,0,0.009999999999976694
60.0,BaselineStack,0,0.011999999999972033
60.0,BaselineStack,0,0.012999999999969702
60.0,BaselineStack,0,0.012999999999969702
60.0,BaselineStack,0,0.013999999999967372
60.0,BaselineStack,0,0.013999999999967372
60.0,BaselineStack,0,0.014999999999965041
60.0,BaselineStack,0,0.014999999999965041
60.0,BaselineStack,0,0.014999999999965041
60.0,BaselineStack,0,0.014999999999965041
60.0,BaselineStack,0,0.01599999999996271
60.0,BaselineStack,0,0.01699999999996038
60.0,BaselineStack,0,0.01699999999996038
60.0,BaselineStack,0,0.01899999999995572
60.0,BaselineStack,0,0.020999999999951058
60.0,BaselineStack,0,0.021999999999948727
60.0,BaselineStack,0,0.025999999999939405
60.0,BaselineStack,0,0.025999999999939405
60.0,BaselineStack,0,0.030999999999927752
60.0,BaselineStack,0,0.03199999999992542
60.0,BaselineStack,0,0.03299999999992309
60.0,BaselineStack,0,0.03699999999991377
60.0,BaselineStack,0,0.03699999999991377
60.0,BaselineStack,0,0.03699999999991377
60.0,BaselineStack,0,0.03799999999991144
60.0,BaselineStack,0,0.03799999999991144
60.0,BaselineStack,0,0.03799999999991144
60.0,BaselineStack,0,0.03799999999991144
60.0,BaselineStack,0,0.03899999999990911
60.0,BaselineStack,0,0.03899999999990911
60.0,BaselineStack,0,0.03899999999990911
60.0,BaselineStack,0,0.03899999999990911
60.0,BaselineStack,0,0.040999999999904446
60.0,BaselineStack,0,0.040999999999904446
60.0,BaselineStack,0,0.040999999999904446
60.0,BaselineStack,0,0.041999999999902116
60.0,BaselineStack,0,0.041999999999902116
60.0,BaselineStack,0,0.043999999999897454
60.0,BaselineStack,0,0.044999999999895124
60.0,BaselineStack,0,0.044999999999895124
60.0,BaselineStack,0,0.04599999999989279
60.0,BaselineStack,0,0.04799999999988813
60.0,BaselineStack,0,0.04799999999988813
60.0,BaselineStack,0,0.04999999999988347
60.0,BaselineStack,0,0.05099999999988114
60.0,BaselineStack,0,0.05599999999986949
60.0,BaselineStack,0,0.05599999999986949
60.0,BaselineStack,0,0.05599999999986949
60.0,BaselineStack,0,0.05699999999986716
60.0,BaselineStack,0,0.05699999999986716
60.0,BaselineStack,0,0.060999999999857835
60.0,BaselineStack,0,0.06799999999984152
60.0,BaselineStack,0,0.06999999999983686
60.0,BaselineStack,0,0.06999999999983686
60.0,BaselineStack,0,0.07099999999983453
60.0,BaselineStack,0,0.07099999999983453
60.0,BaselineStack,0,0.07399999999982754
60.0,BaselineStack,0,0.07799999999981821
60.0,BaselineStack,0,0.07799999999981821
60.0,BaselineStack,0,0.07799999999981821
60.0,BaselineStack,0,0.08099999999981122
60.0,BaselineStack,0,0.08399999999980423
60.0,BaselineStack,0,0.09099999999978792
60.0,BaselineStack,0,0.09199999999978559
60.0,BaselineStack,0,0.09999999999976694
60.0,BaselineStack,0,0.10899999999974597
60.0,BaselineStack,0,0.11699999999972732
60.0,BaselineStack,0,0.13199999999969236
60.0,BaselineStack,0,0.13799999999967838
60.0,BaselineStack,0,0.13799999999967838
60.0,BaselineStack,0,0.13799999999967838
60.0,BaselineStack,0,0.13899999999967605
60.0,BaselineStack,0,0.13999999999967372
60.0,BaselineStack,0,0.13999999999967372
60.0,BaselineStack,0,0.1469999999996574
60.0,BaselineStack,0,0.15299999999964342
60.0,BaselineStack,0,0.16299999999962012
60.0,BaselineStack,0,0.17499999999959215
60.0,BaselineStack,0,0.19399999999954787
60.0,BaselineStack,0,0.19699999999954088
60.0,BaselineStack,0,0.20199999999952922
60.0,BaselineStack,0,0.20199999999952922
60.0,BaselineStack,0,0.20999999999951058
60.0,BaselineStack,0,0.31199999999927286
60.0,BaselineStack,0,0.4079999999990491
60.0,BaselineStack,0,0.4079999999990491
60.0,BaselineStack,0,0.4089999999990468
60.0,BaselineStack,0,0.4349999999989862
60.0,BaselineStack,0,0.9979999999976741
60.0,BaselineStack,0,0.0009999999999976694
60.0,BaselineStack,0,0.001999999999995339
60.0,BaselineStack,0,1.0019999999976648
60.0,BaselineStack,0,0.0029999999999930083
60.0,BaselineStack,0,0.0029999999999930083
60.0,BaselineStack,0,0.0029999999999930083
60.0,BaselineStack,0,0.0029999999999930083
60.0,BaselineStack,0,1.0049999999976578
60.0,BaselineStack,0,0.0059999999999860165
60.0,BaselineStack,0,0.006999999999983686
60.0,BaselineStack,0,0.006999999999983686
60.0,BaselineStack,0,0.007999999999981355
60.0,BaselineStack,0,0.008999999999979025
60.0,BaselineStack,0,0.008999999999979025
60.0,BaselineStack,0,0.008999999999979025
60.0,BaselineStack,0,0.010999999999974364
60.0,BaselineStack,0,0.011999999999972033
60.0,BaselineStack,0,0.011999999999972033
60.0,BaselineStack,0,0.011999999999972033
60.0,BaselineStack,0,0.013999999999967372
60.0,BaselineStack,0,0.013999999999967372
60.0,BaselineStack,0,0.014999999999965041
60.0,BaselineStack,0,0.01899999999995572
60.0,BaselineStack,0,0.01899999999995572
60.0,BaselineStack,0,0.01899999999995572
60.0,BaselineStack,0,0.01999999999995339
60.0,BaselineStack,0,0.01999999999995339
60.0,BaselineStack,0,0.021999999999948727
60.0,BaselineStack,0,0.022999999999946397
60.0,BaselineStack,0,0.022999999999946397
60.0,BaselineStack,0,1.0239999999976135
60.0,BaselineStack,0,1.0239999999976135
60.0,BaselineStack,0,1.0239999999976135
60.0,BaselineStack,0,0.023999999999944066
60.0,BaselineStack,0,0.025999999999939405
60.0,BaselineStack,0,0.027999999999934744
60.0,BaselineStack,0,0.028999999999932413
60.0,BaselineStack,0,0.028999999999932413
60.0,BaselineStack,0,0.029999999999930083
60.0,BaselineStack,0,0.030999999999927752
60.0,BaselineStack,0,0.030999999999927752
60.0,BaselineStack,0,0.03199999999992542
60.0,BaselineStack,0,0.03299999999992309
60.0,BaselineStack,0,0.03399999999992076
60.0,BaselineStack,0,0.03399999999992076
60.0,BaselineStack,0,0.0359999999999161
60.0,BaselineStack,0,0.03799999999991144
60.0,BaselineStack,0,0.03799999999991144
60.0,BaselineStack,0,0.03999999999990678
60.0,BaselineStack,0,0.03999999999990678
60.0,BaselineStack,0,0.040999999999904446
60.0,BaselineStack,0,0.040999999999904446
60.0,BaselineStack,0,0.040999999999904446
60.0,BaselineStack,0,0.042999999999899785
60.0,BaselineStack,0,0.042999999999899785
60.0,BaselineStack,0,0.04699999999989046
60.0,BaselineStack,0,0.04699999999989046
60.0,BaselineStack,0,0.04799999999988813
60.0,BaselineStack,0,0.0489999999998858
60.0,BaselineStack,0,1.0489999999975552
60.0,BaselineStack,0,0.0489999999998858
60.0,BaselineStack,0,0.05099999999988114
60.0,BaselineStack,0,0.05199999999987881
60.0,BaselineStack,0,0.05199999999987881
60.0,BaselineStack,0,0.05599999999986949
60.0,BaselineStack,0,0.05699999999986716
60.0,BaselineStack,0,0.059999999999860165
60.0,BaselineStack,0,0.060999999999857835
60.0,BaselineStack,0,0.061999999999855504
60.0,BaselineStack,0,0.061999999999855504
60.0,BaselineStack,0,0.061999999999855504
60.0,BaselineStack,0,0.06499999999984851
60.0,BaselineStack,0,0.06599999999984618
60.0,BaselineStack,0,0.06799999999984152
60.0,BaselineStack,0,0.07399999999982754
60.0,BaselineStack,0,0.0749999999998252
60.0,BaselineStack,0,0.07799999999981821
60.0,BaselineStack,0,0.07799999999981821
60.0,BaselineStack,0,0.07799999999981821
60.0,BaselineStack,0,0.07999999999981355
60.0,BaselineStack,0,0.07999999999981355
60.0,BaselineStack,0,0.08199999999980889
60.0,BaselineStack,0,0.0849999999998019
60.0,BaselineStack,0,0.0849999999998019
60.0,BaselineStack,0,0.0849999999998019
60.0,BaselineStack,0,0.0849999999998019
60.0,BaselineStack,0,0.08599999999979957
60.0,BaselineStack,0,0.08599999999979957
60.0,BaselineStack,0,0.08899999999979258
60.0,BaselineStack,0,0.08899999999979258
60.0,BaselineStack,0,0.09199999999978559
60.0,BaselineStack,0,0.09199999999978559
60.0,BaselineStack,0,0.09599999999977626
60.0,BaselineStack,0,0.0979999999997716
60.0,BaselineStack,0,0.0979999999997716
60.0,BaselineStack,0,0.10399999999975762
60.0,BaselineStack,0,0.10599999999975296
60.0,BaselineStack,0,0.11199999999973898
60.0,BaselineStack,0,0.11299999999973664
60.0,BaselineStack,0,0.11399999999973431
60.0,BaselineStack,0,0.11399999999973431
60.0,BaselineStack,0,0.11699999999972732
60.0,BaselineStack,0,0.11799999999972499
60.0,BaselineStack,0,0.11799999999972499
60.0,BaselineStack,0,0.12199999999971567
60.0,BaselineStack,0,0.12599999999970635
60.0,BaselineStack,0,0.12699999999970402
60.0,BaselineStack,0,0.12699999999970402
60.0,BaselineStack,0,0.12799999999970169
60.0,BaselineStack,0,1.1319999999973618
60.0,BaselineStack,0,1.1319999999973618
60.0,BaselineStack,0,0.1409999999996714
60.0,BaselineStack,0,0.14299999999966673
60.0,BaselineStack,0,0.1469999999996574
60.0,BaselineStack,0,0.15799999999963177
60.0,BaselineStack,0,0.1669999999996108
60.0,BaselineStack,0,0.1669999999996108
60.0,BaselineStack,0,0.16799999999960846
60.0,BaselineStack,0,0.16899999999960613
60.0,BaselineStack,0,0.17099999999960147
60.0,BaselineStack,0,0.17099999999960147
60.0,BaselineStack,0,0.17099999999960147
60.0,BaselineStack,0,0.17199999999959914
60.0,BaselineStack,0,0.17199999999959914
60.0,BaselineStack,0,0.1829999999995735
60.0,BaselineStack,0,0.1829999999995735
60.0,BaselineStack,0,1.1869999999972336
60.0,BaselineStack,0,0.20099999999953155
60.0,BaselineStack,0,1.200999999997201
60.0,BaselineStack,0,1.2089999999971823
60.0,BaselineStack,0,0.23099999999946164
60.0,BaselineStack,0,0.26999999999937074
60.0,BaselineStack,0,0.2709999999993684
60.0,BaselineStack,0,1.2769999999970238
60.0,BaselineStack,0,0.27699999999935443
60.0,BaselineStack,0,0.3039999999992915
60.0,BaselineStack,0,0.36799999999914235
60.0,BaselineStack,0,0.36799999999914235
60.0,BaselineStack,0,0.3819999999991097
60.0,BaselineStack,0,0.4389999999989769
60.0,BaselineStack,0,0.45599999999893726
60.0,BaselineStack,0,0.45599999999893726
60.0,BaselineStack,0,0.619999999998555
60.0,BaselineStack,0,0.619999999998555
60.0,BaselineStack,0,0.619999999998555
60.0,BaselineStack,0,0.0009999999999976694
60.0,BaselineStack,0,0.0009999999999976694
60.0,BaselineStack,0,1.000999999997667
60.0,BaselineStack,0,0.001999999999995339
60.0,BaselineStack,0,0.001999999999995339
60.0,BaselineStack,0,1.0029999999976624
60.0,BaselineStack,0,1.0029999999976624
60.0,BaselineStack,0,0.0029999999999930083
60.0,BaselineStack,0,0.004999999999988347
60.0,BaselineStack,0,0.004999999999988347
60.0,BaselineStack,0,0.006999999999983686
60.0,BaselineStack,0,0.006999999999983686
60.0,BaselineStack,0,0.007999999999981355
60.0,BaselineStack,0,0.007999999999981355
60.0,BaselineStack,0,0.007999999999981355
60.0,BaselineStack,0,0.007999999999981355
60.0,BaselineStack,0,0.008999999999979025
60.0,BaselineStack,0,0.009999999999976694
60.0,BaselineStack,0,0.009999999999976694
60.0,BaselineStack,0,0.010999999999974364
60.0,BaselineStack,0,0.010999999999974364
60.0,BaselineStack,0,0.010999999999974364
60.0,BaselineStack,0,0.010999999999974364
60.0,BaselineStack,0,0.010999999999974364
60.0,BaselineStack,0,0.011999999999972033
60.0,BaselineStack,0,0.012999999999969702
60.0,BaselineStack,0,0.012999999999969702
60.0,BaselineStack,0,0.014999999999965041
60.0,BaselineStack,0,0.01599999999996271
60.0,BaselineStack,0,0.01599999999996271
60.0,BaselineStack,0,0.01699999999996038
60.0,BaselineStack,0,0.01699999999996038
60.0,BaselineStack,0,0.01799999999995805
60.0,BaselineStack,0,0.01899999999995572
60.0,BaselineStack,0,0.01899999999995572
60.0,BaselineStack,0,0.01999999999995339
60.0,BaselineStack,0,0.020999999999951058
60.0,BaselineStack,0,0.020999999999951058
60.0,BaselineStack,0,0.020999999999951058
60.0,BaselineStack,0,0.020999999999951058
60.0,BaselineStack,0,0.020999999999951058
60.0,BaselineStack,0,0.021999999999948727
60.0,BaselineStack,0,0.022999999999946397
60.0,BaselineStack,0,0.022999999999946397
60.0,BaselineStack,0,0.022999999999946397
60.0,BaselineStack,0,0.023999999999944066
60.0,BaselineStack,0,0.025999999999939405
60.0,BaselineStack,0,0.025999999999939405
60.0,BaselineStack,0,0.026999999999937074
60.0,BaselineStack,0,0.026999999999937074
60.0,BaselineStack,0,0.027999999999934744
60.0,BaselineStack,0,0.028999999999932413
60.0,BaselineStack,0,0.028999999999932413
60.0,BaselineStack,0,0.030999999999927752
60.0,BaselineStack,0,0.030999999999927752
60.0,BaselineStack,0,0.030999999999927752
60.0,BaselineStack,0,0.030999999999927752
60.0,BaselineStack,0,0.030999999999927752
60.0,BaselineStack,0,0.03199999999992542
60.0,BaselineStack,0,0.03199999999992542
60.0,BaselineStack,0,0.03299999999992309
60.0,BaselineStack,0,0.03299999999992309
60.0,BaselineStack,0,0.03299999999992309
60.0,BaselineStack,0,0.03299999999992309
60.0,BaselineStack,0,0.03299999999992309
60.0,BaselineStack,0,0.03399999999992076
60.0,BaselineStack,0,0.03399999999992076
60.0,BaselineStack,0,0.03399999999992076
60.0,BaselineStack,0,0.0359999999999161
60.0,BaselineStack,0,0.0359999999999161
60.0,BaselineStack,0,0.03799999999991144
60.0,BaselineStack,0,0.03899999999990911
60.0,BaselineStack,0,0.03999999999990678
60.0,BaselineStack,0,0.041999999999902116
60.0,BaselineStack,0,0.044999999999895124
60.0,BaselineStack,0,0.044999999999895124
60.0,BaselineStack,0,0.04799999999988813
60.0,BaselineStack,0,0.0489999999998858
60.0,BaselineStack,0,0.0489999999998858
60.0,BaselineStack,0,0.05399999999987415
60.0,BaselineStack,0,0.058999999999862496
60.0,BaselineStack,0,0.061999999999855504
60.0,BaselineStack,0,0.06299999999985317
60.0,BaselineStack,0,0.06299999999985317
60.0,BaselineStack,0,0.06299999999985317
60.0,BaselineStack,0,0.06399999999985084
60.0,BaselineStack,0,0.06599999999984618
60.0,BaselineStack,0,0.07399999999982754
60.0,BaselineStack,0,0.07399999999982754
60.0,BaselineStack,0,0.07699999999982055
60.0,BaselineStack,0,0.08299999999980656
60.0,BaselineStack,0,0.1339999999996877
60.0,BaselineStack,0,0.1339999999996877
60.0,BaselineStack,0,0.1929999999995502
60.0,BaselineStack,0,0.22099999999948494
60.0,BaselineStack,0,0.27899999999934977
60.0,BaselineStack,0,0.3919999999990864
60.0,BaselineStack,0,0.3919999999990864
60.0,BaselineStack,0,0.4049999999990561
60.0,BaselineStack,0,0.4159999999990305
60.0,BaselineStack,0,0.43299999999899086
60.0,BaselineStack,0,0.4999999999988347
60.0,BaselineStack,0,0.5309999999987625
60.0,BaselineStack,0,0.5389999999987438
60.0,BaselineStack,0,0.5389999999987438
60.0,BaselineStack,0,0.5389999999987438
60.0,BaselineStack,0,0.7489999999982544
60.0,BaselineStack,0,0.0009999999999976694
60.0,BaselineStack,0,0.0029999999999930083
60.0,BaselineStack,0,0.003999999999990678
60.0,BaselineStack,0,0.004999999999988347
60.0,BaselineStack,0,0.004999999999988347
60.0,BaselineStack,0,0.004999999999988347
60.0,BaselineStack,0,0.004999999999988347
60.0,BaselineStack,0,0.004999999999988347
60.0,BaselineStack,0,0.0059999999999860165
60.0,BaselineStack,0,0.0059999999999860165
60.0,BaselineStack,0,0.0059999999999860165
60.0,BaselineStack,0,0.006999999999983686
60.0,BaselineStack,0,0.006999999999983686
60.0,BaselineStack,0,0.007999999999981355
60.0,BaselineStack,0,0.007999999999981355
60.0,BaselineStack,0,0.008999999999979025
60.0,BaselineStack,0,0.010999999999974364
60.0,BaselineStack,0,0.012999999999969702
60.0,BaselineStack,0,0.012999999999969702
60.0,BaselineStack,0,0.012999999999969702
60.0,BaselineStack,0,0.012999999999969702
60.0,BaselineStack,0,0.014999999999965041
60.0,BaselineStack,0,0.01599999999996271
60.0,BaselineStack,0,0.01699999999996038
60.0,BaselineStack,0,0.01699999999996038
60.0,BaselineStack,0,0.01699999999996038
60.0,BaselineStack,0,0.01899999999995572
60.0,BaselineStack,0,0.01899999999995572
60.0,BaselineStack,0,0.01999999999995339
60.0,BaselineStack,0,0.01999999999995339
60.0,BaselineStack,0,0.020999999999951058
60.0,BaselineStack,0,0.020999999999951058
60.0,BaselineStack,0,0.020999999999951058
60.0,BaselineStack,0,0.021999999999948727
60.0,BaselineStack,0,0.023999999999944066
60.0,BaselineStack,0,0.024999999999941735
60.0,BaselineStack,0,0.024999999999941735
60.0,BaselineStack,0,0.025999999999939405
60.0,BaselineStack,0,0.026999999999937074
60.0,BaselineStack,0,0.026999999999937074
60.0,BaselineStack,0,0.027999999999934744
60.0,BaselineStack,0,0.028999999999932413
60.0,BaselineStack,0,0.029999999999930083
60.0,BaselineStack,0,0.03199999999992542
60.0,BaselineStack,0,0.03199999999992542
60.0,BaselineStack,0,0.03299999999992309
60.0,BaselineStack,0,0.03299999999992309
60.0,BaselineStack,0,0.03299999999992309
60.0,BaselineStack,0,0.03799999999991144
60.0,BaselineStack,0,0.03799999999991144
60.0,BaselineStack,0,0.03799999999991144
60.0,BaselineStack,0,0.03899999999990911
60.0,BaselineStack,0,0.03899999999990911
60.0,BaselineStack,0,0.03899999999990911
60.0,BaselineStack,0,0.03999999999990678
60.0,BaselineStack,0,0.040999999999904446
60.0,BaselineStack,0,0.040999999999904446
60.0,BaselineStack,0,0.044999999999895124
60.0,BaselineStack,0,0.04599999999989279
60.0,BaselineStack,0,0.04599999999989279
60.0,BaselineStack,0,0.04599999999989279
60.0,BaselineStack,0,0.04599999999989279
60.0,BaselineStack,0,0.04599999999989279
60.0,BaselineStack,0,0.04699999999989046
60.0,BaselineStack,0,0.04699999999989046
60.0,BaselineStack,0,0.04699999999989046
60.0,BaselineStack,0,0.04699999999989046
60.0,BaselineStack,0,0.04699999999989046
60.0,BaselineStack,0,0.04999999999988347
60.0,BaselineStack,0,0.04999999999988347
60.0,BaselineStack,0,0.05299999999987648
60.0,BaselineStack,0,0.05499999999987182
60.0,BaselineStack,0,0.05699999999986716
60.0,BaselineStack,0,0.060999999999857835
60.0,BaselineStack,0,0.06499999999984851
60.0,BaselineStack,0,0.06599999999984618
60.0,BaselineStack,0,0.0719999999998322
60.0,BaselineStack,0,0.0749999999998252
60.0,BaselineStack,0,0.07699999999982055
60.0,BaselineStack,0,0.0949999999997786
60.0,BaselineStack,0,0.0949999999997786
60.0,BaselineStack,0,0.0949999999997786
60.0,BaselineStack,0,0.09699999999977393
60.0,BaselineStack,0,0.10299999999975995
60.0,BaselineStack,0,0.10299999999975995
60.0,BaselineStack,0,0.10299999999975995
60.0,BaselineStack,0,0.10299999999975995
60.0,BaselineStack,0,0.11199999999973898
60.0,BaselineStack,0,0.11399999999973431
60.0,BaselineStack,0,0.11399999999973431
60.0,BaselineStack,0,0.13899999999967605
60.0,BaselineStack,0,0.16099999999962478
60.0,BaselineStack,0,0.16199999999962245
60.0,BaselineStack,0,0.1669999999996108
60.0,BaselineStack,0,0.16799999999960846
60.0,BaselineStack,0,0.16799999999960846
60.0,BaselineStack,0,0.16799999999960846
60.0,BaselineStack,0,0.16799999999960846
60.0,BaselineStack,0,0.1699999999996038
60.0,BaselineStack,0,0.17099999999960147
60.0,BaselineStack,0,0.17099999999960147
60.0,BaselineStack,0,0.1729999999995968
60.0,BaselineStack,0,0.1729999999995968
60.0,BaselineStack,0,0.1729999999995968
60.0,BaselineStack,0,0.17899999999958283
60.0,BaselineStack,0,0.17899999999958283
60.0,BaselineStack,0,0.1899999999995572
60.0,BaselineStack,0,0.20999999999951058
60.0,BaselineStack,0,0.20999999999951058
60.0,BaselineStack,0,0.21399999999950126
60.0,BaselineStack,0,0.23699999999944765
60.0,BaselineStack,0,0.23999999999944066
60.0,BaselineStack,0,0.2819999999993428
60.0,BaselineStack,0,0.28299999999934045
60.0,BaselineStack,0,0.362999999999154
60.0,BaselineStack,0,0.39799999999907243
60.0,BaselineStack,0,0.45299999999894425
60.0,BaselineStack,0,0.0009999999999976694
60.0,BaselineStack,0,0.001999999999995339
60.0,BaselineStack,0,0.001999999999995339
60.0,BaselineStack,0,0.001999999999995339
60.0,BaselineStack,0,0.001999999999995339
60.0,BaselineStack,0,0.001999999999995339
60.0,BaselineStack,0,0.0029999999999930083
60.0,BaselineStack,0,0.0029999999999930083
60.0,BaselineStack,0,0.003999999999990678
60.0,BaselineStack,0,0.003999999999990678
60.0,BaselineStack,0,0.004999999999988347
60.0,BaselineStack,0,0.004999999999988347
60.0,BaselineStack,0,0.0059999999999860165
60.0,BaselineStack,0,0.0059999999999860165
60.0,BaselineStack,0,1.006999999997653
60.0,BaselineStack,0,1.006999999997653
60.0,BaselineStack,0,0.006999999999983686
60.0,BaselineStack,0,0.006999999999983686
60.0,BaselineStack,0,0.007999999999981355
60.0,BaselineStack,0,0.007999999999981355
60.0,BaselineStack,0,0.007999999999981355
60.0,BaselineStack,0,1.0089999999976484
60.0,BaselineStack,0,1.0089999999976484
60.0,BaselineStack,0,0.008999999999979025
60.0,BaselineStack,0,0.008999999999979025
60.0,BaselineStack,0,0.008999999999979025
60.0,BaselineStack,0,0.008999999999979025
60.0,BaselineStack,0,0.008999999999979025
60.0,BaselineStack,0,0.009999999999976694
60.0,BaselineStack,0,0.009999999999976694
60.0,BaselineStack,0,0.009999999999976694
60.0,BaselineStack,0,0.009999999999976694
60.0,BaselineStack,0,1.0099999999976461
60.0,BaselineStack,0,1.0109999999976438
60.0,BaselineStack,0,0.010999999999974364
60.0,BaselineStack,0,0.011999999999972033
60.0,BaselineStack,0,0.011999999999972033
60.0,BaselineStack,0,1.0129999999976391
60.0,BaselineStack,0,0.013999999999967372
60.0,BaselineStack,0,1.0149999999976345
60.0,BaselineStack,0,1.0149999999976345
60.0,BaselineStack,0,1.0149999999976345
60.0,BaselineStack,0,0.01599999999996271
60.0,BaselineStack,0,0.01599999999996271
60.0,BaselineStack,0,0.01599999999996271
60.0,BaselineStack,0,0.01799999999995805
60.0,BaselineStack,0,0.01799999999995805
60.0,BaselineStack,0,1.0199999999976228
60.0,BaselineStack,0,1.0199999999976228
60.0,BaselineStack,0,0.01999999999995339
60.0,BaselineStack,0,0.01999999999995339
60.0,BaselineStack,0,0.020999999999951058
60.0,BaselineStack,0,0.020999999999951058
60.0,BaselineStack,0,0.022999999999946397
60.0,BaselineStack,0,0.023999999999944066
60.0,BaselineStack,0,0.024999999999941735
60.0,BaselineStack,0,1.0279999999976042
60.0,BaselineStack,0,0.029999999999930083
60.0,BaselineStack,0,0.029999999999930083
60.0,BaselineStack,0,0.030999999999927752
60.0,BaselineStack,0,0.03199999999992542
60.0,BaselineStack,0,0.03299999999992309
60.0,BaselineStack,0,0.03299999999992309
60.0,BaselineStack,0,0.03399999999992076
60.0,BaselineStack,0,0.03399999999992076
60.0,BaselineStack,0,0.03499999999991843
60.0,BaselineStack,0,0.0359999999999161
60.0,BaselineStack,0,0.03699999999991377
60.0,BaselineStack,0,0.03699999999991377
60.0,BaselineStack,0,0.03699999999991377
60.0,BaselineStack,0,0.03899999999990911
60.0,BaselineStack,0,0.03899999999990911
60.0,BaselineStack,0,0.03899999999990911
60.0,BaselineStack,0,0.03999999999990678
60.0,BaselineStack,0,0.03999999999990678
60.0,BaselineStack,0,0.040999999999904446
60.0,BaselineStack,0,0.040999999999904446
60.0,BaselineStack,0,0.042999999999899785
60.0,BaselineStack,0,0.04599999999989279
60.0,BaselineStack,0,0.04599999999989279
60.0,BaselineStack,0,0.04999999999988347
60.0,BaselineStack,0,0.04999999999988347
60.0,BaselineStack,0,0.05099999999988114
60.0,BaselineStack,0,0.05299999999987648
60.0,BaselineStack,0,0.05299999999987648
60.0,BaselineStack,0,0.05499999999987182
60.0,BaselineStack,0,1.0669999999975133
60.0,BaselineStack,0,0.06899999999983919
60.0,BaselineStack,0,0.06899999999983919
60.0,BaselineStack,0,0.0719999999998322
60.0,BaselineStack,0,0.0719999999998322
60.0,BaselineStack,0,0.0749999999998252
60.0,BaselineStack,0,0.07599999999982288
60.0,BaselineStack,0,0.07599999999982288
60.0,BaselineStack,0,0.07699999999982055
60.0,BaselineStack,0,0.08299999999980656
60.0,BaselineStack,0,0.08299999999980656
60.0,BaselineStack,0,0.08299999999980656
60.0,BaselineStack,0,0.08699999999979724
60.0,BaselineStack,0,0.08899999999979258
60.0,BaselineStack,0,0.08999999999979025
60.0,BaselineStack,0,0.09199999999978559
60.0,BaselineStack,0,0.09399999999978093
60.0,BaselineStack,0,0.09399999999978093
60.0,BaselineStack,0,0.0949999999997786
60.0,BaselineStack,0,0.09599999999977626
60.0,BaselineStack,0,0.10399999999975762
60.0,BaselineStack,0,0.10499999999975529
60.0,BaselineStack,0,0.10499999999975529
60.0,BaselineStack,0,0.1079999999997483
60.0,BaselineStack,0,0.1109999999997413
60.0,BaselineStack,0,0.1109999999997413
60.0,BaselineStack,0,0.11399999999973431
60.0,BaselineStack,0,0.11999999999972033
60.0,BaselineStack,0,0.12299999999971334
60.0,BaselineStack,0,0.12499999999970868
60.0,BaselineStack,0,0.12499999999970868
60.0,BaselineStack,0,0.12999999999969702
60.0,BaselineStack,0,0.1309999999996947
60.0,BaselineStack,0,0.13199999999969236
60.0,BaselineStack,0,0.13299999999969003
60.0,BaselineStack,0,0.1369999999996807
60.0,BaselineStack,0,0.1409999999996714
60.0,BaselineStack,0,0.14299999999966673
60.0,BaselineStack,0,0.1469999999996574
60.0,BaselineStack,0,0.1469999999996574
60.0,BaselineStack,0,0.14799999999965507
60.0,BaselineStack,0,0.14799999999965507
60.0,BaselineStack,0,0.15199999999964575
60.0,BaselineStack,0,0.15199999999964575
60.0,BaselineStack,0,0.15299999999964342
60.0,BaselineStack,0,0.1539999999996411
60.0,BaselineStack,0,0.15799999999963177
60.0,BaselineStack,0,0.15799999999963177
60.0,BaselineStack,0,0.15799999999963177
60.0,BaselineStack,0,0.17499999999959215
60.0,BaselineStack,0,0.1769999999995875
60.0,BaselineStack,0,0.18199999999957583
60.0,BaselineStack,0,0.1829999999995735
60.0,BaselineStack,0,0.1959999999995432
60.0,BaselineStack,0,0.21199999999950592
60.0,BaselineStack,0,0.2289999999994663
60.0,BaselineStack,0,0.2289999999994663
60.0,BaselineStack,0,0.2589999999993964
60.0,BaselineStack,0,0.28899999999932646
60.0,BaselineStack,0,0.33899999999920993
60.0,BaselineStack,0,0.353999999999175
60.0,BaselineStack,0,0.4249999999990095
60.0,BaselineStack,0,0.4249999999990095
60.0,BaselineStack,0,0.4249999999990095
60.0,BaselineStack,0,0.0009999999999976694
60.0,BaselineStack,0,0.0009999999999976694
60.0,BaselineStack,0,0.0029999999999930083
60.0,BaselineStack,0,0.003999999999990678
60.0,BaselineStack,0,0.003999999999990678
60.0,BaselineStack,0,0.003999999999990678
60.0,BaselineStack,0,0.003999999999990678
60.0,BaselineStack,0,0.003999999999990678
60.0,BaselineStack,0,0.004999999999988347
60.0,BaselineStack,0,0.004999999999988347
60.0,BaselineStack,0,0.0059999999999860165
60.0,BaselineStack,0,0.0059999999999860165
60.0,BaselineStack,0,0.0059999999999860165
60.0,BaselineStack,0,0.006999999999983686
60.0,BaselineStack,0,0.006999999999983686
60.0,BaselineStack,0,0.007999999999981355
60.0,BaselineStack,0,0.007999999999981355
60.0,BaselineStack,0,0.008999999999979025
60.0,BaselineStack,0,0.008999999999979025
60.0,BaselineStack,0,0.009999999999976694
60.0,BaselineStack,0,0.009999999999976694
60.0,BaselineStack,0,0.009999999999976694
60.0,BaselineStack,0,0.009999999999976694
60.0,BaselineStack,0,0.010999999999974364
60.0,BaselineStack,0,0.010999999999974364
60.0,BaselineStack,0,0.010999999999974364
60.0,BaselineStack,0,0.010999999999974364
60.0,BaselineStack,0,0.011999999999972033
60.0,BaselineStack,0,0.013999999999967372
60.0,BaselineStack,0,0.013999999999967372
60.0,BaselineStack,0,0.013999999999967372
60.0,BaselineStack,0,0.013999999999967372
60.0,BaselineStack,0,0.013999999999967372
60.0,BaselineStack,0,0.014999999999965041
60.0,BaselineStack,0,0.01699999999996038
60.0,BaselineStack,0,0.01699999999996038
60.0,BaselineStack,0,0.01799999999995805
60.0,BaselineStack,0,0.01799999999995805
60.0,BaselineStack,0,0.01799999999995805
60.0,BaselineStack,0,0.01999999999995339
60.0,BaselineStack,0,0.020999999999951058
60.0,BaselineStack,0,0.020999999999951058
60.0,BaselineStack,0,0.021999999999948727
60.0,BaselineStack,0,0.021999999999948727
60.0,BaselineStack,0,0.023999999999944066
60.0,BaselineStack,0,0.024999999999941735
60.0,BaselineStack,0,0.024999999999941735
60.0,BaselineStack,0,0.024999999999941735
60.0,BaselineStack,0,0.024999999999941735
60.0,BaselineStack,0,0.025999999999939405
60.0,BaselineStack,0,0.026999999999937074
60.0,BaselineStack,0,0.026999999999937074
60.0,BaselineStack,0,0.026999999999937074
60.0,BaselineStack,0,0.027999999999934744
60.0,BaselineStack,0,0.028999999999932413
60.0,BaselineStack,0,1.0299999999975995
60.0,BaselineStack,0,0.029999999999930083
60.0,BaselineStack,0,0.03199999999992542
60.0,BaselineStack,0,0.03299999999992309
60.0,BaselineStack,0,0.03299999999992309
60.0,BaselineStack,0,0.03299999999992309
60.0,BaselineStack,0,0.03299999999992309
60.0,BaselineStack,0,1.0339999999975902
60.0,BaselineStack,0,0.03699999999991377
60.0,BaselineStack,0,0.03899999999990911
60.0,BaselineStack,0,0.03999999999990678
60.0,BaselineStack,0,0.03999999999990678
60.0,BaselineStack,0,0.040999999999904446
60.0,BaselineStack,0,0.040999999999904446
60.0,BaselineStack,0,0.041999999999902116
60.0,BaselineStack,0,0.043999999999897454
60.0,BaselineStack,0,0.043999999999897454
60.0,BaselineStack,0,0.044999999999895124
60.0,BaselineStack,0,0.04599999999989279
60.0,BaselineStack,0,0.04699999999989046
60.0,BaselineStack,0,0.04799999999988813
60.0,BaselineStack,0,0.04799999999988813
60.0,BaselineStack,0,0.04799999999988813
60.0,BaselineStack,0,0.0489999999998858
60.0,BaselineStack,0,0.0489999999998858
60.0,BaselineStack,0,0.04999999999988347
60.0,BaselineStack,0,0.04999999999988347
60.0,BaselineStack,0,0.05299999999987648
60.0,BaselineStack,0,0.05399999999987415
60.0,BaselineStack,0,0.05599999999986949
60.0,BaselineStack,0,0.05599999999986949
60.0,BaselineStack,0,0.057999999999864826
60.0,BaselineStack,0,0.060999999999857835
60.0,BaselineStack,0,0.06299999999985317
60.0,BaselineStack,0,0.06399999999985084
60.0,BaselineStack,0,0.06499999999984851
60.0,BaselineStack,0,0.06899999999983919
60.0,BaselineStack,0,0.07599999999982288
60.0,BaselineStack,0,0.07599999999982288
60.0,BaselineStack,0,0.07699999999982055
60.0,BaselineStack,0,0.07699999999982055
60.0,BaselineStack,0,0.07699999999982055
60.0,BaselineStack,0,0.07899999999981588
60.0,BaselineStack,0,0.08399999999980423
60.0,BaselineStack,0,0.0849999999998019
60.0,BaselineStack,0,0.08699999999979724
60.0,BaselineStack,0,0.08699999999979724
60.0,BaselineStack,0,0.08999999999979025
60.0,BaselineStack,0,0.09099999999978792
60.0,BaselineStack,0,0.09699999999977393
60.0,BaselineStack,0,0.0979999999997716
60.0,BaselineStack,0,0.09999999999976694
60.0,BaselineStack,0,0.10499999999975529
60.0,BaselineStack,0,0.10499999999975529
60.0,BaselineStack,0,0.10499999999975529
60.0,BaselineStack,0,0.1109999999997413
60.0,BaselineStack,0,0.1109999999997413
60.0,BaselineStack,0,0.11299999999973664
60.0,BaselineStack,0,0.11399999999973431
60.0,BaselineStack,0,0.11399999999973431
60.0,BaselineStack,0,0.11499999999973198
60.0,BaselineStack,0,0.11999999999972033
60.0,BaselineStack,0,0.11999999999972033
60.0,BaselineStack,0,0.12199999999971567
60.0,BaselineStack,0,0.12199999999971567
60.0,BaselineStack,0,0.12999999999969702
60.0,BaselineStack,0,0.12999999999969702
60.0,BaselineStack,0,0.12999999999969702
60.0,BaselineStack,0,0.13199999999969236
60.0,BaselineStack,0,0.1409999999996714
60.0,BaselineStack,0,0.14199999999966906
60.0,BaselineStack,0,0.1499999999996504
60.0,BaselineStack,0,0.1499999999996504
60.0,BaselineStack,0,0.1499999999996504
60.0,BaselineStack,0,0.1599999999996271
60.0,BaselineStack,0,0.17399999999959448
60.0,BaselineStack,0,0.1959999999995432
60.0,BaselineStack,0,0.22099999999948494
60.0,BaselineStack,0,0.3329999999992239
60.0,BaselineStack,0,0.3329999999992239
60.0,BaselineStack,0,0.3459999999991936
60.0,BaselineStack,0,0.3469999999991913
60.0,BaselineStack,0,0.483999999998872
60.0,BaselineStack,0,0.5359999999987508
60.0,BaselineStack,0,0.001999999999995339
60.0,BaselineStack,0,0.001999999999995339
60.0,BaselineStack,0,0.001999999999995339
60.0,BaselineStack,0,0.001999999999995339
60.0,BaselineStack,0,0.001999999999995339
60.0,BaselineStack,0,0.001999999999995339
60.0,BaselineStack,0,0.0029999999999930083
60.0,BaselineStack,0,0.0029999999999930083
60.0,BaselineStack,0,0.003999999999990678
60.0,BaselineStack,0,0.003999999999990678
60.0,BaselineStack,0,0.003999999999990678
60.0,BaselineStack,0,0.003999999999990678
60.0,BaselineStack,0,0.003999999999990678
60.0,BaselineStack,0,0.004999999999988347
60.0,BaselineStack,0,0.004999999999988347
60.0,BaselineStack,0,0.004999999999988347
60.0,BaselineStack,0,0.0059999999999860165
60.0,BaselineStack,0,0.006999999999983686
60.0,BaselineStack,0,0.007999999999981355
60.0,BaselineStack,0,0.007999999999981355
60.0,BaselineStack,0,0.007999999999981355
60.0,BaselineStack,0,0.008999999999979025
60.0,BaselineStack,0,0.009999999999976694
60.0,BaselineStack,0,0.009999999999976694
60.0,BaselineStack,0,0.009999999999976694
60.0,BaselineStack,0,0.009999999999976694
60.0,BaselineStack,0,0.010999999999974364
60.0,BaselineStack,0,0.013999999999967372
60.0,BaselineStack,0,0.013999999999967372
60.0,BaselineStack,0,0.014999999999965041
60.0,BaselineStack,0,0.014999999999965041
60.0,BaselineStack,0,0.01599999999996271
60.0,BaselineStack,0,0.01599999999996271
60.0,BaselineStack,0,0.01699999999996038
60.0,BaselineStack,0,0.01799999999995805
60.0,BaselineStack,0,0.01899999999995572
60.0,BaselineStack,0,0.01899999999995572
60.0,BaselineStack,0,0.01999999999995339
60.0,BaselineStack,0,0.01999999999995339
60.0,BaselineStack,0,0.01999999999995339
60.0,BaselineStack,0,0.01999999999995339
60.0,BaselineStack,0,0.01999999999995339
60.0,BaselineStack,0,0.020999999999951058
60.0,BaselineStack,0,0.020999999999951058
60.0,BaselineStack,0,0.023999999999944066
60.0,BaselineStack,0,0.024999999999941735
60.0,BaselineStack,0,0.026999999999937074
60.0,BaselineStack,0,0.027999999999934744
60.0,BaselineStack,0,0.03199999999992542
60.0,BaselineStack,0,0.03199999999992542
60.0,BaselineStack,0,0.03199999999992542
60.0,BaselineStack,0,0.03299999999992309
60.0,BaselineStack,0,0.03399999999992076
60.0,BaselineStack,0,0.03399999999992076
60.0,BaselineStack,0,0.03399999999992076
60.0,BaselineStack,0,0.03699999999991377
60.0,BaselineStack,0,0.03699999999991377
60.0,BaselineStack,0,0.03899999999990911
60.0,BaselineStack,0,0.03899999999990911
60.0,BaselineStack,0,0.040999999999904446
60.0,BaselineStack,0,0.040999999999904446
60.0,BaselineStack,0,0.040999999999904446
60.0,BaselineStack,0,0.041999999999902116
60.0,BaselineStack,0,0.043999999999897454
60.0,BaselineStack,0,0.043999999999897454
60.0,BaselineStack,0,0.044999999999895124
60.0,BaselineStack,0,0.044999999999895124
60.0,BaselineStack,0,0.04699999999989046
60.0,BaselineStack,0,0.04699999999989046
60.0,BaselineStack,0,0.04699999999989046
60.0,BaselineStack,0,0.04699999999989046
60.0,BaselineStack,0,0.05099999999988114
60.0,BaselineStack,0,0.05099999999988114
60.0,BaselineStack,0,0.05399999999987415
60.0,BaselineStack,0,0.05399999999987415
60.0,BaselineStack,0,0.05399999999987415
60.0,BaselineStack,0,0.05499999999987182
60.0,BaselineStack,0,0.05699999999986716
60.0,BaselineStack,0,0.05699999999986716
60.0,BaselineStack,0,0.057999999999864826
60.0,BaselineStack,0,0.057999999999864826
60.0,BaselineStack,0,0.06399999999985084
60.0,BaselineStack,0,0.06399999999985084
60.0,BaselineStack,0,0.06599999999984618
60.0,BaselineStack,0,0.06599999999984618
60.0,BaselineStack,0,0.0749999999998252
60.0,BaselineStack,0,0.07699999999982055
60.0,BaselineStack,0,0.09299999999978326
60.0,BaselineStack,0,0.09699999999977393
60.0,BaselineStack,0,0.09699999999977393
60.0,BaselineStack,0,0.10399999999975762
60.0,BaselineStack,0,0.10499999999975529
60.0,BaselineStack,0,0.10499999999975529
60.0,BaselineStack,0,0.10699999999975063
60.0,BaselineStack,0,0.10899999999974597
60.0,BaselineStack,0,0.11199999999973898
60.0,BaselineStack,0,0.11499999999973198
60.0,BaselineStack,0,0.11799999999972499
60.0,BaselineStack,0,0.12199999999971567
60.0,BaselineStack,0,0.12199999999971567
60.0,BaselineStack,0,0.12699999999970402
60.0,BaselineStack,0,0.13499999999968537
60.0,BaselineStack,0,0.1369999999996807
60.0,BaselineStack,0,0.1369999999996807
60.0,BaselineStack,0,0.1369999999996807
60.0,BaselineStack,0,0.1369999999996807
60.0,BaselineStack,0,0.13799999999967838
60.0,BaselineStack,0,0.1409999999996714
60.0,BaselineStack,0,0.1409999999996714
60.0,BaselineStack,0,0.14799999999965507
60.0,BaselineStack,0,0.1499999999996504
60.0,BaselineStack,0,0.15799999999963177
60.0,BaselineStack,0,0.16199999999962245
60.0,BaselineStack,0,0.1669999999996108
60.0,BaselineStack,0,0.16899999999960613
60.0,BaselineStack,0,0.16899999999960613
60.0,BaselineStack,0,0.16899999999960613
60.0,BaselineStack,0,0.17499999999959215
60.0,BaselineStack,0,0.17499999999959215
60.0,BaselineStack,0,0.17499999999959215
60.0,BaselineStack,0,0.17499999999959215
60.0,BaselineStack,0,0.17499999999959215
60.0,BaselineStack,0,0.1829999999995735
60.0,BaselineStack,0,0.1829999999995735
60.0,BaselineStack,0,0.18399999999957117
60.0,BaselineStack,0,0.18799999999956185
60.0,BaselineStack,0,0.1959999999995432
60.0,BaselineStack,0,0.2089999999995129
60.0,BaselineStack,0,0.2089999999995129
60.0,BaselineStack,0,0.2089999999995129
60.0,BaselineStack,0,0.2589999999993964
60.0,BaselineStack,0,0.2709999999993684
60.0,BaselineStack,0,0.2869999999993311
60.0,BaselineStack,0,0.30899999999927985
60.0,BaselineStack,0,0.3109999999992752
60.0,BaselineStack,0,0.3109999999992752
60.0,BaselineStack,0,0.3109999999992752
60.0,BaselineStack,0,0.3199999999992542
60.0,BaselineStack,0,0.3359999999992169
60.0,BaselineStack,0,0.3439999999991983
60.0,BaselineStack,0,0.0009999999999976694
60.0,BaselineStack,0,0.001999999999995339
60.0,BaselineStack,0,0.001999999999995339
60.0,BaselineStack,0,0.0029999999999930083
60.0,BaselineStack,0,0.0029999999999930083
60.0,BaselineStack,0,0.0029999999999930083
60.0,BaselineStack,0,0.003999999999990678
60.0,BaselineStack,0,0.003999999999990678
60.0,BaselineStack,0,0.003999999999990678
60.0,BaselineStack,0,0.003999999999990678
60.0,BaselineStack,0,0.004999999999988347
60.0,BaselineStack,0,0.0059999999999860165
60.0,BaselineStack,0,0.0059999999999860165
60.0,BaselineStack,0,0.0059999999999860165
60.0,BaselineStack,0,0.006999999999983686
60.0,BaselineStack,0,0.006999999999983686
60.0,BaselineStack,0,0.007999999999981355
60.0,BaselineStack,0,0.007999999999981355
60.0,BaselineStack,0,0.009999999999976694
60.0,BaselineStack,0,0.011999999999972033
60.0,BaselineStack,0,0.011999999999972033
60.0,BaselineStack,0,0.012999999999969702
60.0,BaselineStack,0,0.012999999999969702
60.0,BaselineStack,0,0.012999999999969702
60.0,BaselineStack,0,0.013999999999967372
60.0,BaselineStack,0,0.014999999999965041
60.0,BaselineStack,0,0.014999999999965041
60.0,BaselineStack,0,0.01599999999996271
60.0,BaselineStack,0,0.01599999999996271
60.0,BaselineStack,0,0.01599999999996271
60.0,BaselineStack,0,0.01799999999995805
60.0,BaselineStack,0,0.01799999999995805
60.0,BaselineStack,0,0.01899999999995572
60.0,BaselineStack,0,0.020999999999951058
60.0,BaselineStack,0,0.020999999999951058
60.0,BaselineStack,0,0.020999999999951058
60.0,BaselineStack,0,0.021999999999948727
60.0,BaselineStack,0,0.022999999999946397
60.0,BaselineStack,0,0.022999999999946397
60.0,BaselineStack,0,0.024999999999941735
60.0,BaselineStack,0,0.025999999999939405
60.0,BaselineStack,0,0.025999999999939405
60.0,BaselineStack,0,0.025999999999939405
60.0,BaselineStack,0,0.025999999999939405
60.0,BaselineStack,0,0.026999999999937074
60.0,BaselineStack,0,0.026999999999937074
60.0,BaselineStack,0,0.026999999999937074
60.0,BaselineStack,0,0.027999999999934744
60.0,BaselineStack,0,0.029999999999930083
60.0,BaselineStack,0,0.030999999999927752
60.0,BaselineStack,0,0.030999999999927752
60.0,BaselineStack,0,0.030999999999927752
60.0,BaselineStack,0,0.03299999999992309
60.0,BaselineStack,0,0.03399999999992076
60.0,BaselineStack,0,0.03399999999992076
60.0,BaselineStack,0,0.03399999999992076
60.0,BaselineStack,0,0.03499999999991843
60.0,BaselineStack,0,0.0359999999999161
60.0,BaselineStack,0,0.03699999999991377
60.0,BaselineStack,0,0.03699999999991377
60.0,BaselineStack,0,0.03799999999991144
60.0,BaselineStack,0,0.03799999999991144
60.0,BaselineStack,0,0.03899999999990911
60.0,BaselineStack,0,0.03999999999990678
60.0,BaselineStack,0,0.03999999999990678
60.0,BaselineStack,0,0.03999999999990678
60.0,BaselineStack,0,0.03999999999990678
60.0,BaselineStack,0,0.041999999999902116
60.0,BaselineStack,0,0.042999999999899785
60.0,BaselineStack,0,0.04599999999989279
60.0,BaselineStack,0,0.04599999999989279
60.0,BaselineStack,0,0.0489999999998858
60.0,BaselineStack,0,0.04999999999988347
60.0,BaselineStack,0,0.05099999999988114
60.0,BaselineStack,0,0.05099999999988114
60.0,BaselineStack,0,0.05199999999987881
60.0,BaselineStack,0,0.05199999999987881
60.0,BaselineStack,0,0.05199999999987881
60.0,BaselineStack,0,0.05299999999987648
60.0,BaselineStack,0,0.05399999999987415
60.0,BaselineStack,0,0.05399999999987415
60.0,BaselineStack,0,0.05399999999987415
60.0,BaselineStack,0,0.05399999999987415
60.0,BaselineStack,0,0.05499999999987182
60.0,BaselineStack,0,0.05499999999987182
60.0,BaselineStack,0,0.05599999999986949
60.0,BaselineStack,0,0.059999999999860165
60.0,BaselineStack,0,0.059999999999860165
60.0,BaselineStack,0,0.059999999999860165
60.0,BaselineStack,0,0.059999999999860165
60.0,BaselineStack,0,0.06299999999985317
60.0,BaselineStack,0,0.06299999999985317
60.0,BaselineStack,0,0.06299999999985317
60.0,BaselineStack,0,0.06399999999985084
60.0,BaselineStack,0,0.06399999999985084
60.0,BaselineStack,0,0.06399999999985084
60.0,BaselineStack,0,0.06399999999985084
60.0,BaselineStack,0,0.06599999999984618
60.0,BaselineStack,0,0.06599999999984618
60.0,BaselineStack,0,0.06599999999984618
60.0,BaselineStack,0,0.06699999999984385
60.0,BaselineStack,0,0.06799999999984152
60.0,BaselineStack,0,0.07099999999983453
60.0,BaselineStack,0,0.07099999999983453
60.0,BaselineStack,0,0.07099999999983453
60.0,BaselineStack,0,0.07099999999983453
60.0,BaselineStack,0,0.07299999999982987
60.0,BaselineStack,0,0.07399999999982754
60.0,BaselineStack,0,0.08799999999979491
60.0,BaselineStack,0,0.08899999999979258
60.0,BaselineStack,0,0.09099999999978792
60.0,BaselineStack,0,0.0979999999997716
60.0,BaselineStack,0,0.09999999999976694
60.0,BaselineStack,0,0.09999999999976694
60.0,BaselineStack,0,0.10099999999976461
60.0,BaselineStack,0,0.10099999999976461
60.0,BaselineStack,0,0.10099999999976461
60.0,BaselineStack,0,0.10099999999976461
60.0,BaselineStack,0,0.10099999999976461
60.0,BaselineStack,0,0.10499999999975529
60.0,BaselineStack,0,0.10499999999975529
60.0,BaselineStack,0,0.10699999999975063
60.0,BaselineStack,0,0.10699999999975063
60.0,BaselineStack,0,0.11299999999973664
60.0,BaselineStack,0,0.11399999999973431
60.0,BaselineStack,0,0.11399999999973431
60.0,BaselineStack,0,0.12899999999969936
60.0,BaselineStack,0,0.12899999999969936
60.0,BaselineStack,0,0.12899999999969936
60.0,BaselineStack,0,0.13199999999969236
60.0,BaselineStack,0,0.13199999999969236
60.0,BaselineStack,0,0.13199999999969236
60.0,BaselineStack,0,0.13499999999968537
60.0,BaselineStack,0,0.1369999999996807
60.0,BaselineStack,0,0.14599999999965974
60.0,BaselineStack,0,0.14899999999965274
60.0,BaselineStack,0,0.15299999999964342
60.0,BaselineStack,0,0.16099999999962478
60.0,BaselineStack,0,0.16099999999962478
60.0,BaselineStack,0,0.16799999999960846
60.0,BaselineStack,0,0.16799999999960846
60.0,BaselineStack,0,0.17899999999958283
60.0,BaselineStack,0,0.18199999999957583
60.0,BaselineStack,0,0.1959999999995432
60.0,BaselineStack,0,0.2059999999995199
60.0,BaselineStack,0,0.20799999999951524
60.0,BaselineStack,0,0.20999999999951058
60.0,BaselineStack,0,0.21199999999950592
60.0,BaselineStack,0,0.2189999999994896
60.0,BaselineStack,0,0.3069999999992845
60.0,BaselineStack,0,0.5229999999987811
60.0,BaselineStack,0,0.0009999999999976694
60.0,BaselineStack,0,1.000999999997667
60.0,BaselineStack,0,0.001999999999995339
60.0,BaselineStack,0,0.001999999999995339
60.0,BaselineStack,0,0.001999999999995339
60.0,BaselineStack,0,0.001999999999995339
60.0,BaselineStack,0,0.0029999999999930083
60.0,BaselineStack,0,0.0029999999999930083
60.0,BaselineStack,0,0.0029999999999930083
60.0,BaselineStack,0,0.003999999999990678
60.0,BaselineStack,0,1.0049999999976578
60.0,BaselineStack,0,0.0059999999999860165
60.0,BaselineStack,0,0.007999999999981355
60.0,BaselineStack,0,0.007999999999981355
60.0,BaselineStack,0,0.007999999999981355
60.0,BaselineStack,0,0.007999999999981355
60.0,BaselineStack,0,0.008999999999979025
60.0,BaselineStack,0,0.008999999999979025
60.0,BaselineStack,0,0.008999999999979025
60.0,BaselineStack,0,0.008999999999979025
60.0,BaselineStack,0,0.009999999999976694
60.0,BaselineStack,0,0.009999999999976694
60.0,BaselineStack,0,0.010999999999974364
60.0,BaselineStack,0,0.011999999999972033
60.0,BaselineStack,0,0.012999999999969702
60.0,BaselineStack,0,0.013999999999967372
60.0,BaselineStack,0,0.013999999999967372
60.0,BaselineStack,0,0.013999999999967372
60.0,BaselineStack,0,0.013999999999967372
60.0,BaselineStack,0,0.013999999999967372
60.0,BaselineStack,0,0.014999999999965041
60.0,BaselineStack,0,0.01599999999996271
60.0,BaselineStack,0,0.01799999999995805
60.0,BaselineStack,0,0.01899999999995572
60.0,BaselineStack,0,0.01899999999995572
60.0,BaselineStack,0,0.01899999999995572
60.0,BaselineStack,0,0.01899999999995572
60.0,BaselineStack,0,0.01899999999995572
60.0,BaselineStack,0,0.01999999999995339
60.0,BaselineStack,0,0.01999999999995339
60.0,BaselineStack,0,0.01999999999995339
60.0,BaselineStack,0,0.020999999999951058
60.0,BaselineStack,0,0.021999999999948727
60.0,BaselineStack,0,0.024999999999941735
60.0,BaselineStack,0,0.024999999999941735
60.0,BaselineStack,0,0.025999999999939405
60.0,BaselineStack,0,0.026999999999937074
60.0,BaselineStack,0,0.027999999999934744
60.0,BaselineStack,0,0.027999999999934744
60.0,BaselineStack,0,0.027999999999934744
60.0,BaselineStack,0,0.027999999999934744
60.0,BaselineStack,0,0.027999999999934744
60.0,BaselineStack,0,0.029999999999930083
60.0,BaselineStack,0,0.030999999999927752
60.0,BaselineStack,0,0.03199999999992542
60.0,BaselineStack,0,0.03199999999992542
60.0,BaselineStack,0,0.03199999999992542
60.0,BaselineStack,0,0.03399999999992076
60.0,BaselineStack,0,0.03499999999991843
60.0,BaselineStack,0,0.03699999999991377
60.0,BaselineStack,0,0.03699999999991377
60.0,BaselineStack,0,0.03699999999991377
60.0,BaselineStack,0,0.03799999999991144
60.0,BaselineStack,0,0.03799999999991144
60.0,BaselineStack,0,0.03799999999991144
60.0,BaselineStack,0,0.03899999999990911
60.0,BaselineStack,0,0.03999999999990678
60.0,BaselineStack,0,0.040999999999904446
60.0,BaselineStack,0,0.04799999999988813
60.0,BaselineStack,0,0.04999999999988347
60.0,BaselineStack,0,0.04999999999988347
60.0,BaselineStack,0,0.05099999999988114
60.0,BaselineStack,0,0.05099999999988114
60.0,BaselineStack,0,0.05499999999987182
60.0,BaselineStack,0,0.05499999999987182
60.0,BaselineStack,0,0.05499999999987182
60.0,BaselineStack,0,0.06599999999984618
60.0,BaselineStack,0,0.06799999999984152
60.0,BaselineStack,0,0.06799999999984152
60.0,BaselineStack,0,0.06899999999983919
60.0,BaselineStack,0,0.06999999999983686
60.0,BaselineStack,0,0.0719999999998322
60.0,BaselineStack,0,0.07399999999982754
60.0,BaselineStack,0,0.07399999999982754
60.0,BaselineStack,0,0.07599999999982288
60.0,BaselineStack,0,0.07699999999982055
60.0,BaselineStack,0,0.07699999999982055
60.0,BaselineStack,0,0.07799999999981821
60.0,BaselineStack,0,0.08099999999981122
60.0,BaselineStack,0,0.08199999999980889
60.0,BaselineStack,0,0.08199999999980889
60.0,BaselineStack,0,0.08299999999980656
60.0,BaselineStack,0,0.08399999999980423
60.0,BaselineStack,0,0.0849999999998019
60.0,BaselineStack,0,0.0849999999998019
60.0,BaselineStack,0,0.08699999999979724
60.0,BaselineStack,0,0.08899999999979258
60.0,BaselineStack,0,0.08999999999979025
60.0,BaselineStack,0,0.09899999999976927
60.0,BaselineStack,0,0.10699999999975063
60.0,BaselineStack,0,0.1079999999997483
60.0,BaselineStack,0,0.10899999999974597
60.0,BaselineStack,0,0.10899999999974597
60.0,BaselineStack,0,0.10999999999974364
60.0,BaselineStack,0,0.10999999999974364
60.0,BaselineStack,0,0.11599999999972965
60.0,BaselineStack,0,0.11699999999972732
60.0,BaselineStack,0,0.11699999999972732
60.0,BaselineStack,0,0.11999999999972033
60.0,BaselineStack,0,0.11999999999972033
60.0,BaselineStack,0,0.120999999999718
60.0,BaselineStack,0,0.12299999999971334
60.0,BaselineStack,0,0.1599999999996271
60.0,BaselineStack,0,0.16099999999962478
60.0,BaselineStack,0,0.16099999999962478
60.0,BaselineStack,0,0.17099999999960147
60.0,BaselineStack,0,0.1799999999995805
60.0,BaselineStack,0,0.18799999999956185
60.0,BaselineStack,0,0.19199999999955253
60.0,BaselineStack,0,0.22099999999948494
60.0,BaselineStack,0,0.22799999999946863
60.0,BaselineStack,0,0.23599999999944998
60.0,BaselineStack,0,0.250999999999415
60.0,BaselineStack,0,0.27999999999934744
60.0,BaselineStack,0,0.37799999999911904
60.0,BaselineStack,0,0.4409999999989722
60.0,BaselineStack,0,0.5059999999988207
60.0,BaselineStack,0,0.5539999999987089
60.0,BaselineStack,0,0.586999999998632
60.0,BaselineStack,0,0.7789999999981845
60.0,BaselineStack,0,0.7789999999981845
60.0,BaselineStack,0,0.7959999999981449
60.0,BaselineStack,0,0.0029999999999930083
60.0,BaselineStack,0,0.0029999999999930083
60.0,BaselineStack,0,0.004999999999988347
60.0,BaselineStack,0,0.004999999999988347
60.0,BaselineStack,0,0.006999999999983686
60.0,BaselineStack,0,0.006999999999983686
60.0,BaselineStack,0,0.006999999999983686
60.0,BaselineStack,0,0.006999999999983686
60.0,BaselineStack,0,0.007999999999981355
60.0,BaselineStack,0,0.008999999999979025
60.0,BaselineStack,0,0.008999999999979025
60.0,BaselineStack,0,0.010999999999974364
60.0,BaselineStack,0,0.011999999999972033
60.0,BaselineStack,0,0.012999999999969702
60.0,BaselineStack,0,0.013999999999967372
60.0,BaselineStack,0,0.01699999999996038
60.0,BaselineStack,0,0.01899999999995572
60.0,BaselineStack,0,0.01999999999995339
60.0,BaselineStack,0,0.020999999999951058
60.0,BaselineStack,0,0.020999999999951058
60.0,BaselineStack,0,0.020999999999951058
60.0,BaselineStack,0,0.020999999999951058
60.0,BaselineStack,0,0.023999999999944066
60.0,BaselineStack,0,0.023999999999944066
60.0,BaselineStack,0,0.024999999999941735
60.0,BaselineStack,0,0.024999999999941735
60.0,BaselineStack,0,0.025999999999939405
60.0,BaselineStack,0,0.025999999999939405
60.0,BaselineStack,0,0.025999999999939405
60.0,BaselineStack,0,0.028999999999932413
60.0,BaselineStack,0,0.030999999999927752
60.0,BaselineStack,0,0.03199999999992542
60.0,BaselineStack,0,0.03199999999992542
60.0,BaselineStack,0,0.03199999999992542
60.0,BaselineStack,0,0.03299999999992309
60.0,BaselineStack,0,0.03299999999992309
60.0,BaselineStack,0,0.03399999999992076
60.0,BaselineStack,0,0.03399999999992076
60.0,BaselineStack,0,0.03499999999991843
60.0,BaselineStack,0,0.03499999999991843
60.0,BaselineStack,0,0.03499999999991843
60.0,BaselineStack,0,0.03699999999991377
60.0,BaselineStack,0,0.03899999999990911
60.0,BaselineStack,0,0.03899999999990911
60.0,BaselineStack,0,0.03999999999990678
60.0,BaselineStack,0,0.03999999999990678
60.0,BaselineStack,0,0.041999999999902116
60.0,BaselineStack,0,0.041999999999902116
60.0,BaselineStack,0,0.041999999999902116
60.0,BaselineStack,0,0.041999999999902116
60.0,BaselineStack,0,0.042999999999899785
60.0,BaselineStack,0,0.042999999999899785
60.0,BaselineStack,0,0.044999999999895124
60.0,BaselineStack,0,0.044999999999895124
60.0,BaselineStack,0,0.04599999999989279
60.0,BaselineStack,0,0.04599999999989279
60.0,BaselineStack,0,0.0489999999998858
60.0,BaselineStack,0,0.0489999999998858
60.0,BaselineStack,0,0.05099999999988114
60.0,BaselineStack,0,0.05099999999988114
60.0,BaselineStack,0,0.05099999999988114
60.0,BaselineStack,0,0.05099999999988114
60.0,BaselineStack,0,0.05099999999988114
60.0,BaselineStack,0,0.05199999999987881
60.0,BaselineStack,0,0.05199999999987881
60.0,BaselineStack,0,0.05199999999987881
60.0,BaselineStack,0,0.05399999999987415
60.0,BaselineStack,0,0.057999999999864826
60.0,BaselineStack,0,0.057999999999864826
60.0,BaselineStack,0,0.057999999999864826
60.0,BaselineStack,0,0.058999999999862496
60.0,BaselineStack,0,0.059999999999860165
60.0,BaselineStack,0,0.06299999999985317
60.0,BaselineStack,0,0.06299999999985317
60.0,BaselineStack,0,0.06599999999984618
60.0,BaselineStack,0,0.06799999999984152
60.0,BaselineStack,0,0.06999999999983686
60.0,BaselineStack,0,0.07099999999983453
60.0,BaselineStack,0,0.0719999999998322
60.0,BaselineStack,0,0.07599999999982288
60.0,BaselineStack,0,0.07599999999982288
60.0,BaselineStack,0,0.07599999999982288
60.0,BaselineStack,0,0.07799999999981821
60.0,BaselineStack,0,0.07799999999981821
60.0,BaselineStack,0,0.07799999999981821
60.0,BaselineStack,0,0.07899999999981588
60.0,BaselineStack,0,0.07899999999981588
60.0,BaselineStack,0,0.07899999999981588
60.0,BaselineStack,0,0.0849999999998019
60.0,BaselineStack,0,0.0849999999998019
60.0,BaselineStack,0,0.08699999999979724
60.0,BaselineStack,0,0.08699999999979724
60.0,BaselineStack,0,0.08799999999979491
60.0,BaselineStack,0,0.08999999999979025
60.0,BaselineStack,0,0.09199999999978559
60.0,BaselineStack,0,0.0979999999997716
60.0,BaselineStack,0,0.0979999999997716
60.0,BaselineStack,0,0.0979999999997716
60.0,BaselineStack,0,0.10499999999975529
60.0,BaselineStack,0,0.10999999999974364
60.0,BaselineStack,0,0.10999999999974364
60.0,BaselineStack,0,0.11399999999973431
60.0,BaselineStack,0,0.12799999999970169
60.0,BaselineStack,0,0.13299999999969003
60.0,BaselineStack,0,0.13299999999969003
60.0,BaselineStack,0,0.14599999999965974
60.0,BaselineStack,0,0.15099999999964808
60.0,BaselineStack,0,0.16599999999961312
60.0,BaselineStack,0,0.1859999999995665
60.0,BaselineStack,0,0.19499999999954554
60.0,BaselineStack,0,0.24699999999942435
60.0,BaselineStack,0,0.2609999999993917
60.0,BaselineStack,0,0.26699999999937774
60.0,BaselineStack,0,0.28999999999932413
60.0,BaselineStack,0,0.0009999999999976694
60.0,BaselineStack,0,0.0009999999999976694
60.0,BaselineStack,0,0.001999999999995339
60.0,BaselineStack,0,0.0029999999999930083
60.0,BaselineStack,0,0.0029999999999930083
60.0,BaselineStack,0,0.0029999999999930083
60.0,BaselineStack,0,0.0029999999999930083
60.0,BaselineStack,0,0.0029999999999930083
60.0,BaselineStack,0,0.0029999999999930083
60.0,BaselineStack,0,0.0029999999999930083
60.0,BaselineStack,0,0.003999999999990678
60.0,BaselineStack,0,0.003999999999990678
60.0,BaselineStack,0,0.004999999999988347
60.0,BaselineStack,0,0.004999999999988347
60.0,BaselineStack,0,0.004999999999988347
60.0,BaselineStack,0,0.004999999999988347
60.0,BaselineStack,0,0.0059999999999860165
60.0,BaselineStack,0,0.006999999999983686
60.0,BaselineStack,0,0.007999999999981355
60.0,BaselineStack,0,0.007999999999981355
60.0,BaselineStack,0,0.007999999999981355
60.0,BaselineStack,0,0.009999999999976694
60.0,BaselineStack,0,0.010999999999974364
60.0,BaselineStack,0,0.010999999999974364
60.0,BaselineStack,0,0.011999999999972033
60.0,BaselineStack,0,0.011999999999972033
60.0,BaselineStack,0,0.011999999999972033
60.0,BaselineStack,0,0.011999999999972033
60.0,BaselineStack,0,0.012999999999969702
60.0,BaselineStack,0,0.012999999999969702
60.0,BaselineStack,0,0.012999999999969702
60.0,BaselineStack,0,0.013999999999967372
60.0,BaselineStack,0,0.013999999999967372
60.0,BaselineStack,0,0.013999999999967372
60.0,BaselineStack,0,0.014999999999965041
60.0,BaselineStack,0,0.014999999999965041
60.0,BaselineStack,0,0.014999999999965041
60.0,BaselineStack,0,0.01599999999996271
60.0,BaselineStack,0,0.01699999999996038
60.0,BaselineStack,0,0.01699999999996038
60.0,BaselineStack,0,0.01699999999996038
60.0,BaselineStack,0,0.01799999999995805
60.0,BaselineStack,0,0.01799999999995805
60.0,BaselineStack,0,0.01799999999995805
60.0,BaselineStack,0,0.01899999999995572
60.0,BaselineStack,0,0.01899999999995572
60.0,BaselineStack,0,0.020999999999951058
60.0,BaselineStack,0,0.020999999999951058
60.0,BaselineStack,0,0.021999999999948727
60.0,BaselineStack,0,0.021999999999948727
60.0,BaselineStack,0,0.022999999999946397
60.0,BaselineStack,0,0.022999999999946397
60.0,BaselineStack,0,0.022999999999946397
60.0,BaselineStack,0,0.023999999999944066
60.0,BaselineStack,0,0.023999999999944066
60.0,BaselineStack,0,0.025999999999939405
60.0,BaselineStack,0,0.027999999999934744
60.0,BaselineStack,0,0.028999999999932413
60.0,BaselineStack,0,0.03199999999992542
60.0,BaselineStack,0,0.03199999999992542
60.0,BaselineStack,0,0.0359999999999161
60.0,BaselineStack,0,0.0359999999999161
60.0,BaselineStack,0,0.03699999999991377
60.0,BaselineStack,0,0.03699999999991377
60.0,BaselineStack,0,0.03699999999991377
60.0,BaselineStack,0,0.03699999999991377
60.0,BaselineStack,0,0.03699999999991377
60.0,BaselineStack,0,0.03799999999991144
60.0,BaselineStack,0,0.03799999999991144
60.0,BaselineStack,0,0.041999999999902116
60.0,BaselineStack,0,0.043999999999897454
60.0,BaselineStack,0,0.043999999999897454
60.0,BaselineStack,0,0.04999999999988347
60.0,BaselineStack,0,0.05099999999988114
60.0,BaselineStack,0,0.05199999999987881
60.0,BaselineStack,0,0.05299999999987648
60.0,BaselineStack,0,0.05299999999987648
60.0,BaselineStack,0,0.05499999999987182
60.0,BaselineStack,0,0.057999999999864826
60.0,BaselineStack,0,0.057999999999864826
60.0,BaselineStack,0,0.057999999999864826
60.0,BaselineStack,0,0.057999999999864826
60.0,BaselineStack,0,0.058999999999862496
60.0,BaselineStack,0,0.06299999999985317
60.0,BaselineStack,0,0.06299999999985317
60.0,BaselineStack,0,0.06699999999984385
60.0,BaselineStack,0,0.06899999999983919
60.0,BaselineStack,0,0.07099999999983453
60.0,BaselineStack,0,0.07099999999983453
60.0,BaselineStack,0,0.07099999999983453
60.0,BaselineStack,0,0.0749999999998252
60.0,BaselineStack,0,0.0749999999998252
60.0,BaselineStack,0,0.07699999999982055
60.0,BaselineStack,0,0.07999999999981355
60.0,BaselineStack,0,0.07999999999981355
60.0,BaselineStack,0,0.08199999999980889
60.0,BaselineStack,0,0.08399999999980423
60.0,BaselineStack,0,0.0849999999998019
60.0,BaselineStack,0,0.0849999999998019
60.0,BaselineStack,0,0.08899999999979258
60.0,BaselineStack,0,0.08899999999979258
60.0,BaselineStack,0,0.09299999999978326
60.0,BaselineStack,0,0.09699999999977393
60.0,BaselineStack,0,0.09999999999976694
60.0,BaselineStack,0,0.10199999999976228
60.0,BaselineStack,0,0.1109999999997413
60.0,BaselineStack,0,0.12199999999971567
60.0,BaselineStack,0,0.12299999999971334
60.0,BaselineStack,0,0.12299999999971334
60.0,BaselineStack,0,0.12299999999971334
60.0,BaselineStack,0,0.12299999999971334
60.0,BaselineStack,0,0.12399999999971101
60.0,BaselineStack,0,0.12599999999970635
60.0,BaselineStack,0,0.1369999999996807
60.0,BaselineStack,0,0.13799999999967838
60.0,BaselineStack,0,0.15199999999964575
60.0,BaselineStack,0,0.15499999999963876
60.0,BaselineStack,0,0.1569999999996341
60.0,BaselineStack,0,0.17099999999960147
60.0,BaselineStack,0,0.17099999999960147
60.0,BaselineStack,0,0.17199999999959914
60.0,BaselineStack,0,0.17399999999959448
60.0,BaselineStack,0,0.18199999999957583
60.0,BaselineStack,0,0.1829999999995735
60.0,BaselineStack,0,0.1829999999995735
60.0,BaselineStack,0,0.18399999999957117
60.0,BaselineStack,0,0.18899999999955952
60.0,BaselineStack,0,0.20499999999952223
60.0,BaselineStack,0,0.21699999999949426
60.0,BaselineStack,0,0.24699999999942435
60.0,BaselineStack,0,0.2549999999994057
60.0,BaselineStack,0,0.27299999999936375
60.0,BaselineStack,0,0.4159999999990305
60.0,BaselineStack,0,0.49599999999884403
60.0,BaselineStack,0,1.000999999997667
60.0,BaselineStack,0,1.000999999997667
60.0,BaselineStack,0,1.000999999997667
60.0,BaselineStack,0,1.000999999997667
60.0,BaselineStack,0,0.001999999999995339
60.0,BaselineStack,0,0.001999999999995339
60.0,BaselineStack,0,0.001999999999995339
60.0,BaselineStack,0,1.0029999999976624
60.0,BaselineStack,0,0.004999999999988347
60.0,BaselineStack,0,1.0049999999976578
60.0,BaselineStack,0,1.0049999999976578
60.0,BaselineStack,0,0.004999999999988347
60.0,BaselineStack,0,0.004999999999988347
60.0,BaselineStack,0,0.0059999999999860165
60.0,BaselineStack,0,0.006999999999983686
60.0,BaselineStack,0,0.007999999999981355
60.0,BaselineStack,0,0.008999999999979025
60.0,BaselineStack,0,0.008999999999979025
60.0,BaselineStack,0,1.0089999999976484
60.0,BaselineStack,0,1.0089999999976484
60.0,BaselineStack,0,1.0089999999976484
60.0,BaselineStack,0,0.008999999999979025
60.0,BaselineStack,0,1.0099999999976461
60.0,BaselineStack,0,0.009999999999976694
60.0,BaselineStack,0,0.009999999999976694
60.0,BaselineStack,0,0.010999999999974364
60.0,BaselineStack,0,0.011999999999972033
60.0,BaselineStack,0,0.011999999999972033
60.0,BaselineStack,0,0.011999999999972033
60.0,BaselineStack,0,0.012999999999969702
60.0,BaselineStack,0,1.0139999999976368
60.0,BaselineStack,0,0.014999999999965041
60.0,BaselineStack,0,0.014999999999965041
60.0,BaselineStack,0,0.014999999999965041
60.0,BaselineStack,0,0.014999999999965041
60.0,BaselineStack,0,0.014999999999965041
60.0,BaselineStack,0,0.014999999999965041
60.0,BaselineStack,0,0.014999999999965041
60.0,BaselineStack,0,0.01599999999996271
60.0,BaselineStack,0,0.01599999999996271
60.0,BaselineStack,0,0.01699999999996038
60.0,BaselineStack,0,0.01699999999996038
60.0,BaselineStack,0,0.01699999999996038
60.0,BaselineStack,0,0.01699999999996038
60.0,BaselineStack,0,0.01799999999995805
60.0,BaselineStack,0,0.01799999999995805
60.0,BaselineStack,0,0.01799999999995805
60.0,BaselineStack,0,0.01799999999995805
60.0,BaselineStack,0,0.01799999999995805
60.0,BaselineStack,0,0.01799999999995805
60.0,BaselineStack,0,0.01899999999995572
60.0,BaselineStack,0,0.01899999999995572
60.0,BaselineStack,0,0.01899999999995572
60.0,BaselineStack,0,0.020999999999951058
60.0,BaselineStack,0,0.021999999999948727
60.0,BaselineStack,0,0.021999999999948727
60.0,BaselineStack,0,0.022999999999946397
60.0,BaselineStack,0,0.022999999999946397
60.0,BaselineStack,0,0.023999999999944066
60.0,BaselineStack,0,1.0239999999976135
60.0,BaselineStack,0,0.024999999999941735
60.0,BaselineStack,0,0.024999999999941735
60.0,BaselineStack,0,0.024999999999941735
60.0,BaselineStack,0,0.025999999999939405
60.0,BaselineStack,0,0.025999999999939405
60.0,BaselineStack,0,0.026999999999937074
60.0,BaselineStack,0,1.0279999999976042
60.0,BaselineStack,0,0.027999999999934744
60.0,BaselineStack,0,1.0289999999976018
60.0,BaselineStack,0,0.029999999999930083
60.0,BaselineStack,0,1.0299999999975995
60.0,BaselineStack,0,1.0299999999975995
60.0,BaselineStack,0,0.03199999999992542
60.0,BaselineStack,0,0.03399999999992076
60.0,BaselineStack,0,1.0339999999975902
60.0,BaselineStack,0,1.0349999999975878
60.0,BaselineStack,0,0.0359999999999161
60.0,BaselineStack,0,0.0359999999999161
60.0,BaselineStack,0,1.0359999999975855
60.0,BaselineStack,0,0.0359999999999161
60.0,BaselineStack,0,0.0359999999999161
60.0,BaselineStack,0,0.03899999999990911
60.0,BaselineStack,0,0.040999999999904446
60.0,BaselineStack,0,0.040999999999904446
60.0,BaselineStack,0,0.040999999999904446
60.0,BaselineStack,0,0.040999999999904446
60.0,BaselineStack,0,0.041999999999902116
60.0,BaselineStack,0,0.041999999999902116
60.0,BaselineStack,0,0.041999999999902116
60.0,BaselineStack,0,0.041999999999902116
60.0,BaselineStack,0,0.043999999999897454
60.0,BaselineStack,0,0.043999999999897454
60.0,BaselineStack,0,0.04599999999989279
60.0,BaselineStack,0,0.04699999999989046
60.0,BaselineStack,0,0.04699999999989046
60.0,BaselineStack,0,0.04999999999988347
60.0,BaselineStack,0,0.04999999999988347
60.0,BaselineStack,0,0.04999999999988347
60.0,BaselineStack,0,0.04999999999988347
60.0,BaselineStack,0,0.05099999999988114
60.0,BaselineStack,0,0.05199999999987881
60.0,BaselineStack,0,0.05299999999987648
60.0,BaselineStack,0,0.05299999999987648
60.0,BaselineStack,0,0.05299999999987648
60.0,BaselineStack,0,0.05599999999986949
60.0,BaselineStack,0,0.057999999999864826
60.0,BaselineStack,0,0.059999999999860165
60.0,BaselineStack,0,0.059999999999860165
60.0,BaselineStack,0,0.060999999999857835
60.0,BaselineStack,0,0.061999999999855504
60.0,BaselineStack,0,0.061999999999855504
60.0,BaselineStack,0,0.06299999999985317
60.0,BaselineStack,0,0.06899999999983919
60.0,BaselineStack,0,0.0719999999998322
60.0,BaselineStack,0,0.0719999999998322
60.0,BaselineStack,0,0.0719999999998322
60.0,BaselineStack,0,0.07299999999982987
60.0,BaselineStack,0,0.07399999999982754
60.0,BaselineStack,0,0.07399999999982754
60.0,BaselineStack,0,0.07399999999982754
60.0,BaselineStack,0,0.08999999999979025
60.0,BaselineStack,0,0.09099999999978792
60.0,BaselineStack,0,0.09699999999977393
60.0,BaselineStack,0,0.09699999999977393
60.0,BaselineStack,0,0.10599999999975296
60.0,BaselineStack,0,0.10699999999975063
60.0,BaselineStack,0,0.11499999999973198
60.0,BaselineStack,0,0.11599999999972965
60.0,BaselineStack,0,0.11899999999972266
60.0,BaselineStack,0,0.11899999999972266
60.0,BaselineStack,0,0.11899999999972266
60.0,BaselineStack,0,0.11999999999972033
60.0,BaselineStack,0,0.11999999999972033
60.0,BaselineStack,0,0.120999999999718
60.0,BaselineStack,0,0.120999999999718
60.0,BaselineStack,0,0.12799999999970169
60.0,BaselineStack,0,1.127999999997371
60.0,BaselineStack,0,1.127999999997371
60.0,BaselineStack,0,0.12999999999969702
60.0,BaselineStack,0,0.12999999999969702
60.0,BaselineStack,0,0.1309999999996947
60.0,BaselineStack,0,0.1309999999996947
60.0,BaselineStack,0,0.13199999999969236
60.0,BaselineStack,0,0.13499999999968537
60.0,BaselineStack,0,0.13999999999967372
60.0,BaselineStack,0,0.1469999999996574
60.0,BaselineStack,0,0.16399999999961778
60.0,BaselineStack,0,0.1699999999996038
60.0,BaselineStack,0,0.1829999999995735
60.0,BaselineStack,0,0.1829999999995735
60.0,BaselineStack,0,0.19099999999955486
60.0,BaselineStack,0,0.32899999999923324
60.0,BaselineStack,0,0.3299999999992309
60.0,BaselineStack,0,0.34199999999920294
60.0,BaselineStack,0,0.3439999999991983
60.0,BaselineStack,0,0.3439999999991983
60.0,BaselineStack,0,0.3439999999991983
60.0,BaselineStack,0,0.3439999999991983
60.0,BaselineStack,0,0.37699999999912137
60.0,BaselineStack,0,0.41399999999903514
60.0,BaselineStack,0,0.0009999999999976694
60.0,BaselineStack,0,0.001999999999995339
60.0,BaselineStack,0,0.001999999999995339
60.0,BaselineStack,0,0.0029999999999930083
60.0,BaselineStack,0,0.0029999999999930083
60.0,BaselineStack,0,0.0029999999999930083
60.0,BaselineStack,0,0.003999999999990678
60.0,BaselineStack,0,0.0059999999999860165
60.0,BaselineStack,0,0.0059999999999860165
60.0,BaselineStack,0,0.0059999999999860165
60.0,BaselineStack,0,0.0059999999999860165
60.0,BaselineStack,0,0.006999999999983686
60.0,BaselineStack,0,0.006999999999983686
60.0,BaselineStack,0,0.006999999999983686
60.0,BaselineStack,0,0.006999999999983686
60.0,BaselineStack,0,0.007999999999981355
60.0,BaselineStack,0,0.007999999999981355
60.0,BaselineStack,0,0.008999999999979025
60.0,BaselineStack,0,0.009999999999976694
60.0,BaselineStack,0,0.010999999999974364
60.0,BaselineStack,0,0.010999999999974364
60.0,BaselineStack,0,0.010999999999974364
60.0,BaselineStack,0,0.010999999999974364
60.0,BaselineStack,0,0.010999999999974364
60.0,BaselineStack,0,0.011999999999972033
60.0,BaselineStack,0,0.012999999999969702
60.0,BaselineStack,0,0.012999999999969702
60.0,BaselineStack,0,0.012999999999969702
60.0,BaselineStack,0,0.013999999999967372
60.0,BaselineStack,0,0.014999999999965041
60.0,BaselineStack,0,0.014999999999965041
60.0,BaselineStack,0,0.01699999999996038
60.0,BaselineStack,0,0.01699999999996038
60.0,BaselineStack,0,0.01699999999996038
60.0,BaselineStack,0,0.01799999999995805
60.0,BaselineStack,0,0.01799999999995805
60.0,BaselineStack,0,0.01799999999995805
60.0,BaselineStack,0,0.01899999999995572
60.0,BaselineStack,0,1.0189999999976251
60.0,BaselineStack,0,0.01999999999995339
60.0,BaselineStack,0,0.020999999999951058
60.0,BaselineStack,0,0.020999999999951058
60.0,BaselineStack,0,0.020999999999951058
60.0,BaselineStack,0,0.021999999999948727
60.0,BaselineStack,0,0.021999999999948727
60.0,BaselineStack,0,0.022999999999946397
60.0,BaselineStack,0,0.022999999999946397
60.0,BaselineStack,0,0.022999999999946397
60.0,BaselineStack,0,0.022999999999946397
60.0,BaselineStack,0,0.022999999999946397
60.0,BaselineStack,0,0.023999999999944066
60.0,BaselineStack,0,0.024999999999941735
60.0,BaselineStack,0,0.024999999999941735
60.0,BaselineStack,0,1.0259999999976088
60.0,BaselineStack,0,1.0259999999976088
60.0,BaselineStack,0,0.028999999999932413
60.0,BaselineStack,0,0.030999999999927752
60.0,BaselineStack,0,0.030999999999927752
60.0,BaselineStack,0,0.03199999999992542
60.0,BaselineStack,0,0.03199999999992542
60.0,BaselineStack,0,0.03399999999992076
60.0,BaselineStack,0,0.03499999999991843
60.0,BaselineStack,0,1.0359999999975855
60.0,BaselineStack,0,0.03699999999991377
60.0,BaselineStack,0,0.03699999999991377
60.0,BaselineStack,0,0.03699999999991377
60.0,BaselineStack,0,0.03799999999991144
60.0,BaselineStack,0,0.03899999999990911
60.0,BaselineStack,0,0.041999999999902116
60.0,BaselineStack,0,0.042999999999899785
60.0,BaselineStack,0,0.042999999999899785
60.0,BaselineStack,0,0.042999999999899785
60.0,BaselineStack,0,0.042999999999899785
60.0,BaselineStack,0,1.0439999999975669
60.0,BaselineStack,0,0.044999999999895124
60.0,BaselineStack,0,0.044999999999895124
60.0,BaselineStack,0,0.044999999999895124
60.0,BaselineStack,0,0.044999999999895124
60.0,BaselineStack,0,0.044999999999895124
60.0,BaselineStack,0,0.04599999999989279
60.0,BaselineStack,0,0.04599999999989279
60.0,BaselineStack,0,0.04699999999989046
60.0,BaselineStack,0,0.04699999999989046
60.0,BaselineStack,0,0.04699999999989046
60.0,BaselineStack,0,0.04699999999989046
60.0,BaselineStack,0,0.0489999999998858
60.0,BaselineStack,0,0.04999999999988347
60.0,BaselineStack,0,0.05099999999988114
60.0,BaselineStack,0,0.05199999999987881
60.0,BaselineStack,0,1.0519999999975482
60.0,BaselineStack,0,0.05199999999987881
60.0,BaselineStack,0,1.0539999999975436
60.0,BaselineStack,0,0.05399999999987415
60.0,BaselineStack,0,0.05499999999987182
60.0,BaselineStack,0,0.05499999999987182
60.0,BaselineStack,0,0.05499999999987182
60.0,BaselineStack,0,0.05499999999987182
60.0,BaselineStack,0,0.05699999999986716
60.0,BaselineStack,0,0.059999999999860165
60.0,BaselineStack,0,0.060999999999857835
60.0,BaselineStack,0,1.061999999997525
60.0,BaselineStack,0,1.061999999997525
60.0,BaselineStack,0,0.06399999999985084
60.0,BaselineStack,0,0.06499999999984851
60.0,BaselineStack,0,0.06699999999984385
60.0,BaselineStack,0,0.06899999999983919
60.0,BaselineStack,0,0.06899999999983919
60.0,BaselineStack,0,0.06899999999983919
60.0,BaselineStack,0,0.06999999999983686
60.0,BaselineStack,0,0.0719999999998322
60.0,BaselineStack,0,0.0719999999998322
60.0,BaselineStack,0,0.07299999999982987
60.0,BaselineStack,0,0.0749999999998252
60.0,BaselineStack,0,0.07599999999982288
60.0,BaselineStack,0,0.07699999999982055
60.0,BaselineStack,0,0.07899999999981588
60.0,BaselineStack,0,0.07899999999981588
60.0,BaselineStack,0,0.09399999999978093
60.0,BaselineStack,0,0.09699999999977393
60.0,BaselineStack,0,0.09999999999976694
60.0,BaselineStack,0,0.09999999999976694
60.0,BaselineStack,0,0.10399999999975762
60.0,BaselineStack,0,0.10399999999975762
60.0,BaselineStack,0,0.10499999999975529
60.0,BaselineStack,0,0.10499999999975529
60.0,BaselineStack,0,0.10499999999975529
60.0,BaselineStack,0,0.10599999999975296
60.0,BaselineStack,0,0.11599999999972965
60.0,BaselineStack,0,0.11599999999972965
60.0,BaselineStack,0,0.11799999999972499
60.0,BaselineStack,0,0.12699999999970402
60.0,BaselineStack,0,0.12799999999970169
60.0,BaselineStack,0,0.1309999999996947
60.0,BaselineStack,0,0.14799999999965507
60.0,BaselineStack,0,0.14799999999965507
60.0,BaselineStack,0,0.14799999999965507
60.0,BaselineStack,0,0.14799999999965507
60.0,BaselineStack,0,0.14799999999965507
60.0,BaselineStack,0,0.15199999999964575
60.0,BaselineStack,0,0.15899999999962944
60.0,BaselineStack,0,1.173999999997264
60.0,BaselineStack,0,0.1799999999995805
60.0,BaselineStack,0,0.1799999999995805
60.0,BaselineStack,0,0.1799999999995805
60.0,BaselineStack,0,0.18099999999957816
60.0,BaselineStack,0,0.18199999999957583
60.0,BaselineStack,0,0.18199999999957583
60.0,BaselineStack,0,0.18199999999957583
60.0,BaselineStack,0,0.19399999999954787
60.0,BaselineStack,0,0.19399999999954787
60.0,BaselineStack,0,0.19799999999953855
60.0,BaselineStack,0,0.20199999999952922
60.0,BaselineStack,0,0.20199999999952922
60.0,BaselineStack,0,0.20199999999952922
60.0,BaselineStack,0,0.2059999999995199
60.0,BaselineStack,0,0.21199999999950592
60.0,BaselineStack,0,1.221999999997152
60.0,BaselineStack,0,1.221999999997152
60.0,BaselineStack,0,0.2219999999994826
60.0,BaselineStack,0,0.2259999999994733
60.0,BaselineStack,0,0.22799999999946863
60.0,BaselineStack,0,0.22799999999946863
60.0,BaselineStack,0,0.22999999999946397
60.0,BaselineStack,0,0.2319999999994593
60.0,BaselineStack,0,0.2319999999994593
60.0,BaselineStack,0,0.2319999999994593
60.0,BaselineStack,0,0.24799999999942202
60.0,BaselineStack,0,0.24799999999942202
60.0,BaselineStack,0,0.2679999999993754
60.0,BaselineStack,0,0.2839999999993381
60.0,BaselineStack,0,0.2849999999993358
60.0,BaselineStack,0,0.2849999999993358
60.0,BaselineStack,0,0.29899999999930316
60.0,BaselineStack,0,0.34199999999920294
60.0,BaselineStack,0,0.3429999999992006
60.0,BaselineStack,0,0.3429999999992006
60.0,BaselineStack,0,0.3439999999991983
60.0,BaselineStack,0,0.3439999999991983
60.0,BaselineStack,0,0.3439999999991983
60.0,BaselineStack,0,0.3589999999991633
60.0,BaselineStack,0,0.3589999999991633
60.0,BaselineStack,0,0.41699999999902815
60.0,BaselineStack,0,0.41699999999902815
60.0,BaselineStack,0,0.49799999999883937
60.0,BaselineStack,0,0.5499999999987182
60.0,BaselineStack,0,1.000999999997667
60.0,BaselineStack,0,1.000999999997667
60.0,BaselineStack,0,1.000999999997667
60.0,BaselineStack,0,0.0009999999999976694
60.0,BaselineStack,0,0.001999999999995339
60.0,BaselineStack,0,0.001999999999995339
60.0,BaselineStack,0,0.0029999999999930083
60.0,BaselineStack,0,0.0029999999999930083
60.0,BaselineStack,0,0.003999999999990678
60.0,BaselineStack,0,0.003999999999990678
60.0,BaselineStack,0,0.004999999999988347
60.0,BaselineStack,0,0.004999999999988347
60.0,BaselineStack,0,0.004999999999988347
60.0,BaselineStack,0,0.0059999999999860165
60.0,BaselineStack,0,0.0059999999999860165
60.0,BaselineStack,0,1.006999999997653
60.0,BaselineStack,0,0.006999999999983686
60.0,BaselineStack,0,0.006999999999983686
60.0,BaselineStack,0,0.007999999999981355
60.0,BaselineStack,0,0.008999999999979025
60.0,BaselineStack,0,0.009999999999976694
60.0,BaselineStack,0,0.009999999999976694
60.0,BaselineStack,0,0.010999999999974364
60.0,BaselineStack,0,0.011999999999972033
60.0,BaselineStack,0,0.011999999999972033
60.0,BaselineStack,0,1.0129999999976391
60.0,BaselineStack,0,0.012999999999969702
60.0,BaselineStack,0,0.012999999999969702
60.0,BaselineStack,0,0.012999999999969702
60.0,BaselineStack,0,0.013999999999967372
60.0,BaselineStack,0,0.013999999999967372
60.0,BaselineStack,0,0.014999999999965041
60.0,BaselineStack,0,0.014999999999965041
60.0,BaselineStack,0,0.01599999999996271
60.0,BaselineStack,0,0.01599999999996271
60.0,BaselineStack,0,0.01699999999996038
60.0,BaselineStack,0,0.01699999999996038
60.0,BaselineStack,0,0.01699999999996038
60.0,BaselineStack,0,0.01699999999996038
60.0,BaselineStack,0,0.01799999999995805
60.0,BaselineStack,0,0.01899999999995572
60.0,BaselineStack,0,0.01999999999995339
60.0,BaselineStack,0,0.020999999999951058
60.0,BaselineStack,0,1.0219999999976181
60.0,BaselineStack,0,1.0219999999976181
60.0,BaselineStack,0,0.021999999999948727
60.0,BaselineStack,0,0.022999999999946397
60.0,BaselineStack,0,0.022999999999946397
60.0,BaselineStack,0,0.022999999999946397
60.0,BaselineStack,0,0.023999999999944066
60.0,BaselineStack,0,0.023999999999944066
60.0,BaselineStack,0,0.023999999999944066
60.0,BaselineStack,0,0.023999999999944066
60.0,BaselineStack,0,0.024999999999941735
60.0,BaselineStack,0,0.025999999999939405
60.0,BaselineStack,0,0.026999999999937074
60.0,BaselineStack,0,0.026999999999937074
60.0,BaselineStack,0,0.027999999999934744
60.0,BaselineStack,0,0.028999999999932413
60.0,BaselineStack,0,0.028999999999932413
60.0,BaselineStack,0,0.028999999999932413
60.0,BaselineStack,0,0.028999999999932413
60.0,BaselineStack,0,0.029999999999930083
60.0,BaselineStack,0,0.029999999999930083
60.0,BaselineStack,0,0.030999999999927752
60.0,BaselineStack,0,0.03199999999992542
60.0,BaselineStack,0,0.03199999999992542
60.0,BaselineStack,0,0.03199999999992542
60.0,BaselineStack,0,0.03299999999992309
60.0,BaselineStack,0,0.03299999999992309
60.0,BaselineStack,0,0.03399999999992076
60.0,BaselineStack,0,0.03499999999991843
60.0,BaselineStack,0,0.03499999999991843
60.0,BaselineStack,0,0.03499999999991843
60.0,BaselineStack,0,0.03499999999991843
60.0,BaselineStack,0,0.0359999999999161
60.0,BaselineStack,0,0.0359999999999161
60.0,BaselineStack,0,0.0359999999999161
60.0,BaselineStack,0,0.0359999999999161
60.0,BaselineStack,0,0.03699999999991377
60.0,BaselineStack,0,0.03699999999991377
60.0,BaselineStack,0,0.03799999999991144
60.0,BaselineStack,0,0.03799999999991144
60.0,BaselineStack,0,0.03899999999990911
60.0,BaselineStack,0,0.03899999999990911
60.0,BaselineStack,0,0.03999999999990678
60.0,BaselineStack,0,0.03999999999990678
60.0,BaselineStack,0,1.0399999999975762
60.0,BaselineStack,0,0.040999999999904446
60.0,BaselineStack,0,0.040999999999904446
60.0,BaselineStack,0,0.041999999999902116
60.0,BaselineStack,0,0.04599999999989279
60.0,BaselineStack,0,0.04599999999989279
60.0,BaselineStack,0,0.04599999999989279
60.0,BaselineStack,0,0.04699999999989046
60.0,BaselineStack,0,0.04799999999988813
60.0,BaselineStack,0,0.05099999999988114
60.0,BaselineStack,0,0.05599999999986949
60.0,BaselineStack,0,0.05699999999986716
60.0,BaselineStack,0,0.05699999999986716
60.0,BaselineStack,0,0.059999999999860165
60.0,BaselineStack,0,0.059999999999860165
60.0,BaselineStack,0,0.061999999999855504
60.0,BaselineStack,0,0.06599999999984618
60.0,BaselineStack,0,0.06599999999984618
60.0,BaselineStack,0,0.06799999999984152
60.0,BaselineStack,0,0.0719999999998322
60.0,BaselineStack,0,0.07299999999982987
60.0,BaselineStack,0,0.07299999999982987
60.0,BaselineStack,0,0.07299999999982987
60.0,BaselineStack,0,1.073999999997497
60.0,BaselineStack,0,0.07399999999982754
60.0,BaselineStack,0,0.07899999999981588
60.0,BaselineStack,0,0.07899999999981588
60.0,BaselineStack,0,0.07899999999981588
60.0,BaselineStack,0,0.07899999999981588
60.0,BaselineStack,0,0.08199999999980889
60.0,BaselineStack,0,0.08399999999980423
60.0,BaselineStack,0,0.08399999999980423
60.0,BaselineStack,0,0.0849999999998019
60.0,BaselineStack,0,0.08599999999979957
60.0,BaselineStack,0,0.08599999999979957
60.0,BaselineStack,0,0.08899999999979258
60.0,BaselineStack,0,0.09099999999978792
60.0,BaselineStack,0,0.09199999999978559
60.0,BaselineStack,0,0.09299999999978326
60.0,BaselineStack,0,0.09699999999977393
60.0,BaselineStack,0,0.09699999999977393
60.0,BaselineStack,0,0.0979999999997716
60.0,BaselineStack,0,0.0979999999997716
60.0,BaselineStack,0,0.09899999999976927
60.0,BaselineStack,0,0.10299999999975995
60.0,BaselineStack,0,0.10599999999975296
60.0,BaselineStack,0,0.1109999999997413
60.0,BaselineStack,0,0.1109999999997413
60.0,BaselineStack,0,0.11299999999973664
60.0,BaselineStack,0,0.11399999999973431
60.0,BaselineStack,0,0.11399999999973431
60.0,BaselineStack,0,0.11399999999973431
60.0,BaselineStack,0,0.11599999999972965
60.0,BaselineStack,0,0.11599999999972965
60.0,BaselineStack,0,0.11699999999972732
60.0,BaselineStack,0,0.11799999999972499
60.0,BaselineStack,0,0.11799999999972499
60.0,BaselineStack,0,0.11899999999972266
60.0,BaselineStack,0,0.12799999999970169
60.0,BaselineStack,0,0.12799999999970169
60.0,BaselineStack,0,0.12799999999970169
60.0,BaselineStack,0,0.12899999999969936
60.0,BaselineStack,0,0.12999999999969702
60.0,BaselineStack,0,0.1369999999996807
60.0,BaselineStack,0,0.13899999999967605
60.0,BaselineStack,0,0.13899999999967605
60.0,BaselineStack,0,0.1409999999996714
60.0,BaselineStack,0,0.1409999999996714
60.0,BaselineStack,0,0.14299999999966673
60.0,BaselineStack,0,0.14299999999966673
60.0,BaselineStack,0,0.14599999999965974
60.0,BaselineStack,0,0.1469999999996574
60.0,BaselineStack,0,0.1469999999996574
60.0,BaselineStack,0,0.1469999999996574
60.0,BaselineStack,0,0.15099999999964808
60.0,BaselineStack,0,0.15099999999964808
60.0,BaselineStack,0,0.15599999999963643
60.0,BaselineStack,0,0.15599999999963643
60.0,BaselineStack,0,0.15599999999963643
60.0,BaselineStack,0,0.15899999999962944
60.0,BaselineStack,0,0.1599999999996271
60.0,BaselineStack,0,0.18099999999957816
60.0,BaselineStack,0,0.18099999999957816
60.0,BaselineStack,0,0.18099999999957816
60.0,BaselineStack,0,0.18099999999957816
60.0,BaselineStack,0,0.18699999999956418
60.0,BaselineStack,0,0.18699999999956418
60.0,BaselineStack,0,0.1899999999995572
60.0,BaselineStack,0,0.20799999999951524
60.0,BaselineStack,0,0.2129999999995036
60.0,BaselineStack,0,0.2129999999995036
60.0,BaselineStack,0,0.2129999999995036
60.0,BaselineStack,0,0.2129999999995036
60.0,BaselineStack,0,0.23799999999944532
60.0,BaselineStack,0,0.238999999999443
60.0,BaselineStack,0,0.25299999999941036
60.0,BaselineStack,0,0.25399999999940803
60.0,BaselineStack,0,0.2979999999993055
60.0,BaselineStack,0,0.31499999999926587
60.0,BaselineStack,0,0.3439999999991983
60.0,BaselineStack,0,0.5559999999987042
60.0,BaselineStack,0,0.0009999999999976694
60.0,BaselineStack,0,0.0009999999999976694
60.0,BaselineStack,0,0.001999999999995339
60.0,BaselineStack,0,0.0059999999999860165
60.0,BaselineStack,0,0.006999999999983686
60.0,BaselineStack,0,0.006999999999983686
60.0,BaselineStack,0,0.006999999999983686
60.0,BaselineStack,0,0.006999999999983686
60.0,BaselineStack,0,0.007999999999981355
60.0,BaselineStack,0,0.007999999999981355
60.0,BaselineStack,0,0.007999999999981355
60.0,BaselineStack,0,0.008999999999979025
60.0,BaselineStack,0,0.008999999999979025
60.0,BaselineStack,0,0.008999999999979025
60.0,BaselineStack,0,0.009999999999976694
60.0,BaselineStack,0,0.010999999999974364
60.0,BaselineStack,0,0.010999999999974364
60.0,BaselineStack,0,0.010999999999974364
60.0,BaselineStack,0,0.011999999999972033
60.0,BaselineStack,0,0.011999999999972033
60.0,BaselineStack,0,0.012999999999969702
60.0,BaselineStack,0,0.014999999999965041
60.0,BaselineStack,0,0.014999999999965041
60.0,BaselineStack,0,0.01599999999996271
60.0,BaselineStack,0,0.01599999999996271
60.0,BaselineStack,0,0.01599999999996271
60.0,BaselineStack,0,0.01599999999996271
60.0,BaselineStack,0,0.01599999999996271
60.0,BaselineStack,0,0.01699999999996038
60.0,BaselineStack,0,0.01799999999995805
60.0,BaselineStack,0,0.01799999999995805
60.0,BaselineStack,0,0.01899999999995572
60.0,BaselineStack,0,0.01899999999995572
60.0,BaselineStack,0,0.01899999999995572
60.0,BaselineStack,0,0.01999999999995339
60.0,BaselineStack,0,0.01999999999995339
60.0,BaselineStack,0,0.020999999999951058
60.0,BaselineStack,0,0.020999999999951058
60.0,BaselineStack,0,0.022999999999946397
60.0,BaselineStack,0,0.022999999999946397
60.0,BaselineStack,0,0.023999999999944066
60.0,BaselineStack,0,0.023999999999944066
60.0,BaselineStack,0,0.023999999999944066
60.0,BaselineStack,0,0.023999999999944066
60.0,BaselineStack,0,0.024999999999941735
60.0,BaselineStack,0,0.024999999999941735
60.0,BaselineStack,0,0.024999999999941735
60.0,BaselineStack,0,0.025999999999939405
60.0,BaselineStack,0,0.025999999999939405
60.0,BaselineStack,0,0.026999999999937074
60.0,BaselineStack,0,0.027999999999934744
60.0,BaselineStack,0,0.027999999999934744
60.0,BaselineStack,0,0.028999999999932413
60.0,BaselineStack,0,0.028999999999932413
60.0,BaselineStack,0,0.030999999999927752
60.0,BaselineStack,0,0.030999999999927752
60.0,BaselineStack,0,0.03199999999992542
60.0,BaselineStack,0,0.03399999999992076
60.0,BaselineStack,0,0.03499999999991843
60.0,BaselineStack,0,0.03499999999991843
60.0,BaselineStack,0,0.03499999999991843
60.0,BaselineStack,0,0.0359999999999161
60.0,BaselineStack,0,0.03699999999991377
60.0,BaselineStack,0,0.03699999999991377
60.0,BaselineStack,0,0.03899999999990911
60.0,BaselineStack,0,0.03899999999990911
60.0,BaselineStack,0,0.03899999999990911
60.0,BaselineStack,0,0.03999999999990678
60.0,BaselineStack,0,0.042999999999899785
60.0,BaselineStack,0,0.042999999999899785
60.0,BaselineStack,0,0.043999999999897454
60.0,BaselineStack,0,0.04599999999989279
60.0,BaselineStack,0,0.04799999999988813
60.0,BaselineStack,0,0.0489999999998858
60.0,BaselineStack,0,0.0489999999998858
60.0,BaselineStack,0,0.05099999999988114
60.0,BaselineStack,0,0.05199999999987881
60.0,BaselineStack,0,0.05299999999987648
60.0,BaselineStack,0,0.05399999999987415
60.0,BaselineStack,0,0.05499999999987182
60.0,BaselineStack,0,0.05499999999987182
60.0,BaselineStack,0,0.05599999999986949
60.0,BaselineStack,0,0.05699999999986716
60.0,BaselineStack,0,0.05699999999986716
60.0,BaselineStack,0,0.05699999999986716
60.0,BaselineStack,0,0.058999999999862496
60.0,BaselineStack,0,0.059999999999860165
60.0,BaselineStack,0,0.060999999999857835
60.0,BaselineStack,0,0.061999999999855504
60.0,BaselineStack,0,0.06299999999985317
60.0,BaselineStack,0,0.06499999999984851
60.0,BaselineStack,0,0.06699999999984385
60.0,BaselineStack,0,0.06699999999984385
60.0,BaselineStack,0,0.06699999999984385
60.0,BaselineStack,0,0.06799999999984152
60.0,BaselineStack,0,0.06799999999984152
60.0,BaselineStack,0,0.07599999999982288
60.0,BaselineStack,0,0.07999999999981355
60.0,BaselineStack,0,0.07999999999981355
60.0,BaselineStack,0,0.07999999999981355
60.0,BaselineStack,0,0.08199999999980889
60.0,BaselineStack,0,0.0849999999998019
60.0,BaselineStack,0,0.0849999999998019
60.0,BaselineStack,0,0.08599999999979957
60.0,BaselineStack,0,0.08799999999979491
60.0,BaselineStack,0,0.09199999999978559
60.0,BaselineStack,0,0.09699999999977393
60.0,BaselineStack,0,0.09999999999976694
60.0,BaselineStack,0,0.10099999999976461
60.0,BaselineStack,0,0.10099999999976461
60.0,BaselineStack,0,0.10299999999975995
60.0,BaselineStack,0,0.10299999999975995
60.0,BaselineStack,0,0.10499999999975529
60.0,BaselineStack,0,0.1079999999997483
60.0,BaselineStack,0,0.10999999999974364
60.0,BaselineStack,0,0.11199999999973898
60.0,BaselineStack,0,0.11499999999973198
60.0,BaselineStack,0,0.11499999999973198
60.0,BaselineStack,0,0.11499999999973198
60.0,BaselineStack,0,0.11499999999973198
60.0,BaselineStack,0,0.11499999999973198
60.0,BaselineStack,0,0.11499999999973198
60.0,BaselineStack,0,0.11599999999972965
60.0,BaselineStack,0,0.11799999999972499
60.0,BaselineStack,0,0.11799999999972499
60.0,BaselineStack,0,0.12199999999971567
60.0,BaselineStack,0,0.12199999999971567
60.0,BaselineStack,0,0.12299999999971334
60.0,BaselineStack,0,0.12899999999969936
60.0,BaselineStack,0,0.12899999999969936
60.0,BaselineStack,0,0.13199999999969236
60.0,BaselineStack,0,0.13199999999969236
60.0,BaselineStack,0,0.1339999999996877
60.0,BaselineStack,0,0.1369999999996807
60.0,BaselineStack,0,0.1369999999996807
60.0,BaselineStack,0,0.13999999999967372
60.0,BaselineStack,0,0.15299999999964342
60.0,BaselineStack,0,0.15499999999963876
60.0,BaselineStack,0,0.15499999999963876
60.0,BaselineStack,0,0.16799999999960846
60.0,BaselineStack,0,0.1729999999995968
60.0,BaselineStack,0,0.19099999999955486
60.0,BaselineStack,0,0.21499999999949893
60.0,BaselineStack,0,0.21999999999948727
60.0,BaselineStack,0,0.22999999999946397
60.0,BaselineStack,0,0.24599999999942668
60.0,BaselineStack,0,0.24699999999942435
60.0,BaselineStack,0,0.24799999999942202
60.0,BaselineStack,0,0.2549999999994057
60.0,BaselineStack,0,0.25599999999940337
60.0,BaselineStack,0,0.2619999999993894
60.0,BaselineStack,0,0.2619999999993894
60.0,BaselineStack,0,0.3179999999992589
60.0,BaselineStack,0,0.3179999999992589
60.0,BaselineStack,0,0.5419999999987368
60.0,BaselineStack,0,0.6209999999985527
60.0,BaselineStack,0,0.0009999999999976694
60.0,BaselineStack,0,0.004999999999988347
60.0,BaselineStack,0,0.004999999999988347
60.0,BaselineStack,0,0.004999999999988347
60.0,BaselineStack,0,0.004999999999988347
60.0,BaselineStack,0,0.004999999999988347
60.0,BaselineStack,0,0.0059999999999860165
60.0,BaselineStack,0,0.0059999999999860165
60.0,BaselineStack,0,0.0059999999999860165
60.0,BaselineStack,0,0.006999999999983686
60.0,BaselineStack,0,0.007999999999981355
60.0,BaselineStack,0,0.010999999999974364
60.0,BaselineStack,0,0.012999999999969702
60.0,BaselineStack,0,0.012999999999969702
60.0,BaselineStack,0,0.012999999999969702
60.0,BaselineStack,0,0.013999999999967372
60.0,BaselineStack,0,0.013999999999967372
60.0,BaselineStack,0,0.014999999999965041
60.0,BaselineStack,0,0.014999999999965041
60.0,BaselineStack,0,0.01599999999996271
60.0,BaselineStack,0,0.01699999999996038
60.0,BaselineStack,0,0.01999999999995339
60.0,BaselineStack,0,0.01999999999995339
60.0,BaselineStack,0,0.021999999999948727
60.0,BaselineStack,0,0.022999999999946397
60.0,BaselineStack,0,0.022999999999946397
60.0,BaselineStack,0,0.022999999999946397
60.0,BaselineStack,0,0.022999999999946397
60.0,BaselineStack,0,0.022999999999946397
60.0,BaselineStack,0,0.025999999999939405
60.0,BaselineStack,0,0.026999999999937074
60.0,BaselineStack,0,0.029999999999930083
60.0,BaselineStack,0,0.03299999999992309
60.0,BaselineStack,0,0.03699999999991377
60.0,BaselineStack,0,0.03699999999991377
60.0,BaselineStack,0,0.03799999999991144
60.0,BaselineStack,0,0.040999999999904446
60.0,BaselineStack,0,0.042999999999899785
60.0,BaselineStack,0,0.042999999999899785
60.0,BaselineStack,0,0.043999999999897454
60.0,BaselineStack,0,0.04599999999989279
60.0,BaselineStack,0,0.04599999999989279
60.0,BaselineStack,0,0.04799999999988813
60.0,BaselineStack,0,0.04999999999988347
60.0,BaselineStack,0,0.05199999999987881
60.0,BaselineStack,0,0.05199999999987881
60.0,BaselineStack,0,0.05199999999987881
60.0,BaselineStack,0,0.05299999999987648
60.0,BaselineStack,0,0.05299999999987648
60.0,BaselineStack,0,0.05499999999987182
60.0,BaselineStack,0,1.0549999999975412
60.0,BaselineStack,0,1.0549999999975412
60.0,BaselineStack,0,0.05499999999987182
60.0,BaselineStack,0,0.05499999999987182
60.0,BaselineStack,0,0.05499999999987182
60.0,BaselineStack,0,0.05499999999987182
60.0,BaselineStack,0,0.05599999999986949
60.0,BaselineStack,0,0.05599999999986949
60.0,BaselineStack,0,0.05599999999986949
60.0,BaselineStack,0,1.055999999997539
60.0,BaselineStack,0,1.055999999997539
60.0,BaselineStack,0,0.05699999999986716
60.0,BaselineStack,0,0.05699999999986716
60.0,BaselineStack,0,0.05699999999986716
60.0,BaselineStack,0,0.05699999999986716
60.0,BaselineStack,0,0.05699999999986716
60.0,BaselineStack,0,0.05699999999986716
60.0,BaselineStack,0,0.057999999999864826
60.0,BaselineStack,0,0.058999999999862496
60.0,BaselineStack,0,0.059999999999860165
60.0,BaselineStack,0,0.061999999999855504
60.0,BaselineStack,0,0.061999999999855504
60.0,BaselineStack,0,0.061999999999855504
60.0,BaselineStack,0,0.06299999999985317
60.0,BaselineStack,0,0.06499999999984851
60.0,BaselineStack,0,0.06499999999984851
60.0,BaselineStack,0,0.06599999999984618
60.0,BaselineStack,0,0.06799999999984152
60.0,BaselineStack,0,0.06799999999984152
60.0,BaselineStack,0,0.06799999999984152
60.0,BaselineStack,0,0.06799999999984152
60.0,BaselineStack,0,0.06899999999983919
60.0,BaselineStack,0,0.06899999999983919
60.0,BaselineStack,0,0.07099999999983453
60.0,BaselineStack,0,0.07299999999982987
60.0,BaselineStack,0,0.07299999999982987
60.0,BaselineStack,0,0.07299999999982987
60.0,BaselineStack,0,0.07299999999982987
60.0,BaselineStack,0,0.07399999999982754
60.0,BaselineStack,0,0.0749999999998252
60.0,BaselineStack,0,0.07599999999982288
60.0,BaselineStack,0,0.07599999999982288
60.0,BaselineStack,0,0.07899999999981588
60.0,BaselineStack,0,0.07899999999981588
60.0,BaselineStack,0,0.08099999999981122
60.0,BaselineStack,0,0.08099999999981122
60.0,BaselineStack,0,0.08199999999980889
60.0,BaselineStack,0,0.0849999999998019
60.0,BaselineStack,0,0.08899999999979258
60.0,BaselineStack,0,0.09599999999977626
60.0,BaselineStack,0,0.10099999999976461
60.0,BaselineStack,0,0.10299999999975995
60.0,BaselineStack,0,0.10299999999975995
60.0,BaselineStack,0,0.10599999999975296
60.0,BaselineStack,0,0.10599999999975296
60.0,BaselineStack,0,0.10599999999975296
60.0,BaselineStack,0,0.11299999999973664
60.0,BaselineStack,0,0.11399999999973431
60.0,BaselineStack,0,0.11499999999973198
60.0,BaselineStack,0,0.11499999999973198
60.0,BaselineStack,0,0.11799999999972499
60.0,BaselineStack,0,0.11899999999972266
60.0,BaselineStack,0,0.11899999999972266
60.0,BaselineStack,0,0.11899999999972266
60.0,BaselineStack,0,0.120999999999718
60.0,BaselineStack,0,0.12399999999971101
60.0,BaselineStack,0,0.12499999999970868
60.0,BaselineStack,0,0.12499999999970868
60.0,BaselineStack,0,0.12699999999970402
60.0,BaselineStack,0,0.12899999999969936
60.0,BaselineStack,0,0.13299999999969003
60.0,BaselineStack,0,0.1369999999996807
60.0,BaselineStack,0,0.1369999999996807
60.0,BaselineStack,0,0.1439999999996644
60.0,BaselineStack,0,0.14599999999965974
60.0,BaselineStack,0,0.15299999999964342
60.0,BaselineStack,0,0.15599999999963643
60.0,BaselineStack,0,0.15599999999963643
60.0,BaselineStack,0,0.17599999999958982
60.0,BaselineStack,0,0.17899999999958283
60.0,BaselineStack,0,0.19399999999954787
60.0,BaselineStack,0,0.20399999999952456
60.0,BaselineStack,0,0.20499999999952223
60.0,BaselineStack,0,0.2089999999995129
60.0,BaselineStack,0,0.2089999999995129
60.0,BaselineStack,0,0.21199999999950592
60.0,BaselineStack,0,0.21399999999950126
60.0,BaselineStack,0,0.21699999999949426
60.0,BaselineStack,0,0.21699999999949426
60.0,BaselineStack,0,0.21799999999949193
60.0,BaselineStack,0,0.22299999999948028
60.0,BaselineStack,0,0.22299999999948028
60.0,BaselineStack,0,0.22299999999948028
60.0,BaselineStack,0,0.22299999999948028
60.0,BaselineStack,0,0.22299999999948028
60.0,BaselineStack,0,0.2259999999994733
60.0,BaselineStack,0,0.22699999999947096
60.0,BaselineStack,0,0.22699999999947096
60.0,BaselineStack,0,0.23399999999945464
60.0,BaselineStack,0,0.23399999999945464
60.0,BaselineStack,0,0.23999999999944066
60.0,BaselineStack,0,0.24299999999943367
60.0,BaselineStack,0,0.2519999999994127
60.0,BaselineStack,0,0.2519999999994127
60.0,BaselineStack,0,0.25599999999940337
60.0,BaselineStack,0,0.2639999999993847
60.0,BaselineStack,0,0.2689999999993731
60.0,BaselineStack,0,0.28999999999932413
60.0,BaselineStack,0,0.3499999999991843
60.0,BaselineStack,0,0.42699999999900484
60.0,BaselineStack,0,0.42699999999900484
60.0,BaselineStack,0,0.42699999999900484
60.0,BaselineStack,0,0.42699999999900484
60.0,BackpressureStack,0,1.0219999999998877
60.0,BackpressureStack,0,1.0219999999998877
60.0,BackpressureStack,0,1.0219999999998877
60.0,BackpressureStack,0,1.0299999999998868
60.0,BackpressureStack,0,1.0299999999998868
60.0,BackpressureStack,0,1.0339999999998863
60.0,BackpressureStack,0,0.042999999999995486
60.0,BackpressureStack,0,0.042999999999995486
60.0,BackpressureStack,0,0.052999999999994385
60.0,BackpressureStack,0,0.059999999999993614
60.0,BackpressureStack,0,0.011999999999998678
60.0,BackpressureStack,0,0.016999999999998128
60.0,BackpressureStack,0,0.035999999999996035
60.0,BackpressureStack,0,0.035999999999996035
60.0,BackpressureStack,0,0.002000000000000668
60.0,BackpressureStack,0,0.00500000000000167
60.0,BackpressureStack,0,0.007000000000002338
60.0,BackpressureStack,0,0.007000000000002338
60.0,BackpressureStack,0,0.001000000000000334
60.0,BackpressureStack,0,0.002000000000000668
60.0,BackpressureStack,0,0.03000000000001002
60.0,BackpressureStack,0,0.031000000000010353
60.0,BackpressureStack,0,0.031000000000010353
60.0,BackpressureStack,0,0.031000000000010353
60.0,BackpressureStack,0,0.034000000000011354
60.0,BackpressureStack,0,0.034000000000011354
60.0,BackpressureStack,0,0.002000000000000668
60.0,BackpressureStack,0,0.002000000000000668
60.0,BackpressureStack,0,0.01500000000000501
60.0,BackpressureStack,0,0.054000000000018034
60.0,BackpressureStack,0,0.054000000000018034
60.0,BackpressureStack,0,0.054000000000018034
60.0,BackpressureStack,0,0.054000000000018034
60.0,BackpressureStack,0,0.09400000000003139
60.0,BackpressureStack,0,0.002000000000000668
60.0,BackpressureStack,0,0.00500000000000167
60.0,BackpressureStack,0,0.00500000000000167
60.0,BackpressureStack,0,0.008000000000002672
60.0,BackpressureStack,0,0.009000000000003006
60.0,BackpressureStack,0,0.0069999999999961204
60.0,BackpressureStack,0,0.015999999999991132
60.0,BackpressureStack,0,0.016999999999990578
60.0,BackpressureStack,0,1.0009999999994452
60.0,BackpressureStack,0,1.0029999999994441
60.0,BackpressureStack,0,1.004999999999443
60.0,BackpressureStack,0,1.0089999999994408
60.0,BackpressureStack,0,1.0089999999994408
60.0,BackpressureStack,0,1.0109999999994397
60.0,BackpressureStack,0,1.0179999999994358
60.0,BackpressureStack,0,1.0179999999994358
60.0,BackpressureStack,0,1.0179999999994358
60.0,BackpressureStack,0,0.01899999999998947
60.0,BackpressureStack,0,0.01899999999998947
60.0,BackpressureStack,0,0.019999999999988916
60.0,BackpressureStack,0,1.022999999999433
60.0,BackpressureStack,0,0.024999999999986144
60.0,BackpressureStack,0,1.0289999999994297
60.0,BackpressureStack,0,0.033999999999981156
60.0,BackpressureStack,0,0.033999999999981156
60.0,BackpressureStack,0,0.0349999999999806
60.0,BackpressureStack,0,0.04499999999997506
60.0,BackpressureStack,0,1.0039999999994436
60.0,BackpressureStack,0,1.004999999999443
60.0,BackpressureStack,0,1.004999999999443
60.0,BackpressureStack,0,1.004999999999443
60.0,BackpressureStack,0,0.005999999999996675
60.0,BackpressureStack,0,0.005999999999996675
60.0,BackpressureStack,0,0.0069999999999961204
60.0,BackpressureStack,0,0.01199999999999335
60.0,BackpressureStack,0,0.01199999999999335
60.0,BackpressureStack,0,0.017999999999990024
60.0,BackpressureStack,0,0.017999999999990024
60.0,BackpressureStack,0,0.017999999999990024
60.0,BackpressureStack,0,0.01899999999998947
60.0,BackpressureStack,0,0.01899999999998947
60.0,BackpressureStack,0,0.019999999999988916
60.0,BackpressureStack,0,0.02099999999998836
60.0,BackpressureStack,0,0.021999999999987807
60.0,BackpressureStack,0,0.024999999999986144
60.0,BackpressureStack,0,0.028999999999983928
60.0,BackpressureStack,0,0.036999999999979494
60.0,BackpressureStack,0,0.036999999999979494
60.0,BackpressureStack,0,0.055999999999968963
60.0,BackpressureStack,0,0.0009999999999994458
60.0,BackpressureStack,0,0.0009999999999994458
60.0,BackpressureStack,0,1.0019999999994447
60.0,BackpressureStack,0,0.0019999999999988916
60.0,BackpressureStack,0,0.004999999999997229
60.0,BackpressureStack,0,0.004999999999997229
60.0,BackpressureStack,0,0.004999999999997229
60.0,BackpressureStack,0,0.007999999999995566
60.0,BackpressureStack,0,1.0109999999994397
60.0,BackpressureStack,0,1.0109999999994397
60.0,BackpressureStack,0,0.01199999999999335
60.0,BackpressureStack,0,0.01199999999999335
60.0,BackpressureStack,0,1.0209999999994341
60.0,BackpressureStack,0,0.0239999999999867
60.0,BackpressureStack,0,0.0239999999999867
60.0,BackpressureStack,0,0.0239999999999867
60.0,BackpressureStack,0,1.0369999999994253
60.0,BackpressureStack,0,0.038999999999978385
60.0,BackpressureStack,0,0.038999999999978385
60.0,BackpressureStack,0,0.038999999999978385
60.0,BackpressureStack,0,0.057999999999967855
60.0,BackpressureStack,0,0.057999999999967855
60.0,BackpressureStack,0,0.05999999999996675
60.0,BackpressureStack,0,0.06099999999996619
60.0,BackpressureStack,0,0.07999999999995566
60.0,BackpressureStack,0,0.0009999999999994458
60.0,BackpressureStack,0,0.0019999999999988916
60.0,BackpressureStack,0,0.0019999999999988916
60.0,BackpressureStack,0,0.0029999999999983373
60.0,BackpressureStack,0,0.003999999999997783
60.0,BackpressureStack,0,0.0069999999999961204
60.0,BackpressureStack,0,0.007999999999995566
60.0,BackpressureStack,0,0.009999999999994458
60.0,BackpressureStack,0,0.009999999999994458
60.0,BackpressureStack,0,0.009999999999994458
60.0,BackpressureStack,0,0.009999999999994458
60.0,BackpressureStack,0,0.009999999999994458
60.0,BackpressureStack,0,0.009999999999994458
60.0,BackpressureStack,0,0.01199999999999335
60.0,BackpressureStack,0,0.013999999999992241
60.0,BackpressureStack,0,0.014999999999991687
60.0,BackpressureStack,0,0.014999999999991687
60.0,BackpressureStack,0,0.019999999999988916
60.0,BackpressureStack,0,0.019999999999988916
60.0,BackpressureStack,0,0.021999999999987807
60.0,BackpressureStack,0,0.021999999999987807
60.0,BackpressureStack,0,1.1459999999993649
60.0,BackpressureStack,0,1.1459999999993649
60.0,BackpressureStack,0,1.1469999999993643
60.0,BackpressureStack,0,1.1469999999993643
60.0,BackpressureStack,0,1.1499999999993626
60.0,BackpressureStack,0,1.1649999999993543
60.0,BackpressureStack,0,0.18199999999989913
60.0,BackpressureStack,0,0.18199999999989913
60.0,BackpressureStack,0,0.19499999999989193
60.0,BackpressureStack,0,0.19499999999989193
60.0,BackpressureStack,0,0.19999999999988916
60.0,BackpressureStack,0,0.19999999999988916
60.0,BackpressureStack,0,0.21999999999987807
60.0,BackpressureStack,0,0.2249999999998753
60.0,BackpressureStack,0,0.22899999999987308
60.0,BackpressureStack,0,0.0019999999999988916
60.0,BackpressureStack,0,0.0019999999999988916
60.0,BackpressureStack,0,0.0029999999999983373
60.0,BackpressureStack,0,0.0069999999999961204
60.0,BackpressureStack,0,0.007999999999995566
60.0,BackpressureStack,0,0.008999999999995012
60.0,BackpressureStack,0,0.009999999999994458
60.0,BackpressureStack,0,0.010999999999993904
60.0,BackpressureStack,0,0.010999999999993904
60.0,BackpressureStack,0,0.01199999999999335
60.0,BackpressureStack,0,0.015999999999991132
60.0,BackpressureStack,0,0.021999999999987807
60.0,BackpressureStack,0,0.021999999999987807
60.0,BackpressureStack,0,0.02599999999998559
60.0,BackpressureStack,0,0.02599999999998559
60.0,BackpressureStack,0,0.03799999999997894
60.0,BackpressureStack,0,0.050999999999971735
60.0,BackpressureStack,0,0.05499999999996952
60.0,BackpressureStack,0,0.06399999999996453
60.0,BackpressureStack,0,0.06599999999996342
60.0,BackpressureStack,0,0.07299999999995954
60.0,BackpressureStack,0,0.0009999999999994458
60.0,BackpressureStack,0,0.0009999999999994458
60.0,BackpressureStack,0,0.0019999999999988916
60.0,BackpressureStack,0,0.0029999999999983373
60.0,BackpressureStack,0,0.0029999999999983373
60.0,BackpressureStack,0,0.0029999999999983373
60.0,BackpressureStack,0,0.003999999999997783
60.0,BackpressureStack,0,0.004999999999997229
60.0,BackpressureStack,0,0.007999999999995566
60.0,BackpressureStack,0,0.01199999999999335
60.0,BackpressureStack,0,0.012999999999992795
60.0,BackpressureStack,0,0.012999999999992795
60.0,BackpressureStack,0,0.012999999999992795
60.0,BackpressureStack,0,0.014999999999991687
60.0,BackpressureStack,0,0.015999999999991132
60.0,BackpressureStack,0,0.015999999999991132
60.0,BackpressureStack,0,0.015999999999991132
60.0,BackpressureStack,0,0.02099999999998836
60.0,BackpressureStack,0,0.02099999999998836
60.0,BackpressureStack,0,0.02599999999998559
60.0,BackpressureStack,0,0.033999999999981156
60.0,BackpressureStack,0,0.033999999999981156
60.0,BackpressureStack,0,0.055999999999968963
60.0,BackpressureStack,0,0.06099999999996619
60.0,BackpressureStack,0,0.1399999999999224
60.0,BackpressureStack,0,0.1399999999999224
60.0,BackpressureStack,0,0.14499999999991964
60.0,BackpressureStack,0,0.14499999999991964
60.0,BackpressureStack,0,0.1509999999999163
60.0,BackpressureStack,0,0.1509999999999163
60.0,BackpressureStack,0,0.2879999999998404
60.0,BackpressureStack,0,0.2969999999998354
60.0,BackpressureStack,0,0.29799999999983484
60.0,BackpressureStack,0,0.0029999999999983373
60.0,BackpressureStack,0,0.0029999999999983373
60.0,BackpressureStack,0,0.0029999999999983373
60.0,BackpressureStack,0,0.0029999999999983373
60.0,BackpressureStack,0,0.003999999999997783
60.0,BackpressureStack,0,0.004999999999997229
60.0,BackpressureStack,0,0.010999999999993904
60.0,BackpressureStack,0,0.014999999999991687
60.0,BackpressureStack,0,0.015999999999991132
60.0,BackpressureStack,0,0.017999999999990024
60.0,BackpressureStack,0,0.01899999999998947
60.0,BackpressureStack,0,0.01899999999998947
60.0,BackpressureStack,0,0.019999999999988916
60.0,BackpressureStack,0,0.019999999999988916
60.0,BackpressureStack,0,0.019999999999988916
60.0,BackpressureStack,0,0.024999999999986144
60.0,BackpressureStack,0,0.024999999999986144
60.0,BackpressureStack,0,0.028999999999983928
60.0,BackpressureStack,0,0.029999999999983373
60.0,BackpressureStack,0,0.029999999999983373
60.0,BackpressureStack,0,0.0479999999999734
60.0,BackpressureStack,0,0.0479999999999734
60.0,BackpressureStack,0,0.0479999999999734
60.0,BackpressureStack,0,0.05699999999996841
60.0,BackpressureStack,0,0.0589999999999673
60.0,BackpressureStack,0,0.07099999999996065
60.0,BackpressureStack,0,0.07099999999996065
60.0,BackpressureStack,0,0.07099999999996065
60.0,BackpressureStack,0,0.0719999999999601
60.0,BackpressureStack,0,0.08199999999995455
60.0,BackpressureStack,0,0.08199999999995455
60.0,BackpressureStack,0,0.08199999999995455
60.0,BackpressureStack,0,0.09699999999994624
60.0,BackpressureStack,0,0.09699999999994624
60.0,BackpressureStack,0,0.0010000000000012221
60.0,BackpressureStack,0,0.0030000000000036664
60.0,BackpressureStack,0,0.005000000000006111
60.0,BackpressureStack,0,0.005000000000006111
60.0,BackpressureStack,0,0.006000000000007333
60.0,BackpressureStack,0,0.007000000000008555
60.0,BackpressureStack,0,0.007000000000008555
60.0,BackpressureStack,0,0.013000000000015888
60.0,BackpressureStack,0,0.01400000000001711
60.0,BackpressureStack,0,0.016000000000019554
60.0,BackpressureStack,0,0.017000000000020776
60.0,BackpressureStack,0,0.017000000000020776
60.0,BackpressureStack,0,0.017000000000020776
60.0,BackpressureStack,0,0.022000000000026887
60.0,BackpressureStack,0,0.029000000000035442
60.0,BackpressureStack,0,0.030000000000036664
60.0,BackpressureStack,0,0.040000000000048885
60.0,BackpressureStack,0,0.05200000000006355
60.0,BackpressureStack,0,0.054000000000065995
60.0,BackpressureStack,0,0.05500000000006722
60.0,BackpressureStack,0,0.08700000000010633
60.0,BackpressureStack,0,0.08700000000010633
60.0,BackpressureStack,0,0.09700000000011855
60.0,BackpressureStack,0,0.12800000000015643
60.0,BackpressureStack,0,0.13800000000016865
60.0,BackpressureStack,0,0.16600000000020287
60.0,BackpressureStack,0,0.17300000000021143
60.0,BackpressureStack,0,0.17300000000021143
60.0,BackpressureStack,0,0.17700000000021632
60.0,BackpressureStack,0,0.17800000000021754
60.0,BackpressureStack,0,0.19100000000023343
60.0,BackpressureStack,0,1.0010000000012234
60.0,BackpressureStack,0,0.0030000000000036664
60.0,BackpressureStack,0,0.0030000000000036664
60.0,BackpressureStack,0,0.0040000000000048885
60.0,BackpressureStack,0,0.0040000000000048885
60.0,BackpressureStack,0,1.0050000000012282
60.0,BackpressureStack,0,0.005000000000006111
60.0,BackpressureStack,0,0.005000000000006111
60.0,BackpressureStack,0,0.005000000000006111
60.0,BackpressureStack,0,0.005000000000006111
60.0,BackpressureStack,0,1.0060000000012295
60.0,BackpressureStack,0,1.0060000000012295
60.0,BackpressureStack,0,0.006000000000007333
60.0,BackpressureStack,0,1.0070000000012307
60.0,BackpressureStack,0,1.0090000000012331
60.0,BackpressureStack,0,1.0090000000012331
60.0,BackpressureStack,0,1.013000000001238
60.0,BackpressureStack,0,0.013000000000015888
60.0,BackpressureStack,0,1.0140000000012392
60.0,BackpressureStack,0,1.0140000000012392
60.0,BackpressureStack,0,1.0140000000012392
60.0,BackpressureStack,0,0.01400000000001711
60.0,BackpressureStack,0,0.016000000000019554
60.0,BackpressureStack,0,0.018000000000022
60.0,BackpressureStack,0,0.01900000000002322
60.0,BackpressureStack,0,0.01900000000002322
60.0,BackpressureStack,0,0.01900000000002322
60.0,BackpressureStack,0,0.021000000000025665
60.0,BackpressureStack,0,0.021000000000025665
60.0,BackpressureStack,0,0.027000000000032998
60.0,BackpressureStack,0,0.029000000000035442
60.0,BackpressureStack,0,0.029000000000035442
60.0,BackpressureStack,0,0.029000000000035442
60.0,BackpressureStack,0,1.0300000000012588
60.0,BackpressureStack,0,1.0300000000012588
60.0,BackpressureStack,0,0.03300000000004033
60.0,BackpressureStack,0,0.03300000000004033
60.0,BackpressureStack,0,0.03900000000004766
60.0,BackpressureStack,0,0.04100000000005011
60.0,BackpressureStack,0,0.045000000000054996
60.0,BackpressureStack,0,0.05000000000006111
60.0,BackpressureStack,0,1.0560000000012906
60.0,BackpressureStack,0,0.05600000000006844
60.0,BackpressureStack,0,0.0770000000000941
60.0,BackpressureStack,0,0.08000000000009777
60.0,BackpressureStack,0,0.08100000000009899
60.0,BackpressureStack,0,0.08800000000010755
60.0,BackpressureStack,0,0.08800000000010755
60.0,BackpressureStack,0,0.08800000000010755
60.0,BackpressureStack,0,0.08800000000010755
60.0,BackpressureStack,0,0.10700000000013077
60.0,BackpressureStack,0,0.10700000000013077
60.0,BackpressureStack,0,0.1310000000001601
60.0,BackpressureStack,0,0.15100000000018454
60.0,BackpressureStack,0,0.16200000000019799
60.0,BackpressureStack,0,0.16500000000020165
60.0,BackpressureStack,0,0.16500000000020165
60.0,BackpressureStack,0,0.0010000000000012221
60.0,BackpressureStack,0,0.0020000000000024443
60.0,BackpressureStack,0,0.0030000000000036664
60.0,BackpressureStack,0,0.0030000000000036664
60.0,BackpressureStack,0,0.0030000000000036664
60.0,BackpressureStack,0,0.0040000000000048885
60.0,BackpressureStack,0,0.005000000000006111
60.0,BackpressureStack,0,0.005000000000006111
60.0,BackpressureStack,0,0.007000000000008555
60.0,BackpressureStack,0,0.008000000000009777
60.0,BackpressureStack,0,0.008000000000009777
60.0,BackpressureStack,0,0.008000000000009777
60.0,BackpressureStack,0,0.008000000000009777
60.0,BackpressureStack,0,0.010000000000012221
60.0,BackpressureStack,0,0.011000000000013443
60.0,BackpressureStack,0,0.012000000000014666
60.0,BackpressureStack,0,0.013000000000015888
60.0,BackpressureStack,0,0.013000000000015888
60.0,BackpressureStack,0,0.013000000000015888
60.0,BackpressureStack,0,0.015000000000018332
60.0,BackpressureStack,0,0.016000000000019554
60.0,BackpressureStack,0,0.017000000000020776
60.0,BackpressureStack,0,0.018000000000022
60.0,BackpressureStack,0,0.021000000000025665
60.0,BackpressureStack,0,0.021000000000025665
60.0,BackpressureStack,0,0.021000000000025665
60.0,BackpressureStack,0,0.025000000000030553
60.0,BackpressureStack,0,0.029000000000035442
60.0,BackpressureStack,0,0.029000000000035442
60.0,BackpressureStack,0,0.030000000000036664
60.0,BackpressureStack,0,0.030000000000036664
60.0,BackpressureStack,0,0.03300000000004033
60.0,BackpressureStack,0,0.040000000000048885
60.0,BackpressureStack,0,0.04700000000005744
60.0,BackpressureStack,0,0.07600000000009288
60.0,BackpressureStack,0,0.10100000000012344
60.0,BackpressureStack,0,0.10100000000012344
60.0,BackpressureStack,0,0.11800000000014421
60.0,BackpressureStack,0,0.20700000000025298
60.0,BackpressureStack,0,0.261000000000319
60.0,BackpressureStack,0,0.0010000000000012221
60.0,BackpressureStack,0,0.0010000000000012221
60.0,BackpressureStack,0,0.0010000000000012221
60.0,BackpressureStack,0,0.0020000000000024443
60.0,BackpressureStack,0,0.0020000000000024443
60.0,BackpressureStack,0,0.0020000000000024443
60.0,BackpressureStack,0,0.0020000000000024443
60.0,BackpressureStack,0,0.0030000000000036664
60.0,BackpressureStack,0,0.005000000000006111
60.0,BackpressureStack,0,0.006000000000007333
60.0,BackpressureStack,0,0.006000000000007333
60.0,BackpressureStack,0,0.006000000000007333
60.0,BackpressureStack,0,0.008000000000009777
60.0,BackpressureStack,0,0.011000000000013443
60.0,BackpressureStack,0,0.013000000000015888
60.0,BackpressureStack,0,0.01400000000001711
60.0,BackpressureStack,0,0.015000000000018332
60.0,BackpressureStack,0,0.015000000000018332
60.0,BackpressureStack,0,0.016000000000019554
60.0,BackpressureStack,0,0.017000000000020776
60.0,BackpressureStack,0,0.01900000000002322
60.0,BackpressureStack,0,0.020000000000024443
60.0,BackpressureStack,0,0.021000000000025665
60.0,BackpressureStack,0,0.02300000000002811
60.0,BackpressureStack,0,0.02400000000002933
60.0,BackpressureStack,0,0.02400000000002933
60.0,BackpressureStack,0,0.025000000000030553
60.0,BackpressureStack,0,0.027000000000032998
60.0,BackpressureStack,0,0.03200000000003911
60.0,BackpressureStack,0,0.03200000000003911
60.0,BackpressureStack,0,0.03300000000004033
60.0,BackpressureStack,0,0.03400000000004155
60.0,BackpressureStack,0,0.040000000000048885
60.0,BackpressureStack,0,0.040000000000048885
60.0,BackpressureStack,0,0.04200000000005133
60.0,BackpressureStack,0,0.04200000000005133
60.0,BackpressureStack,0,0.045000000000054996
60.0,BackpressureStack,0,0.05000000000006111
60.0,BackpressureStack,0,0.05100000000006233
60.0,BackpressureStack,0,0.06600000000008066
60.0,BackpressureStack,0,0.07400000000009044
60.0,BackpressureStack,0,0.0770000000000941
60.0,BackpressureStack,0,0.08700000000010633
60.0,BackpressureStack,0,0.09100000000011121
60.0,BackpressureStack,0,0.10900000000013321
60.0,BackpressureStack,0,0.11500000000014055
60.0,BackpressureStack,0,0.0010000000000012221
60.0,BackpressureStack,0,0.0010000000000012221
60.0,BackpressureStack,0,0.0020000000000024443
60.0,BackpressureStack,0,0.0020000000000024443
60.0,BackpressureStack,0,1.0020000000012246
60.0,BackpressureStack,0,1.0020000000012246
60.0,BackpressureStack,0,0.006000000000007333
60.0,BackpressureStack,0,0.006000000000007333
60.0,BackpressureStack,0,1.0070000000012307
60.0,BackpressureStack,0,1.0070000000012307
60.0,BackpressureStack,0,1.0070000000012307
60.0,BackpressureStack,0,0.009000000000011
60.0,BackpressureStack,0,1.0100000000012344
60.0,BackpressureStack,0,0.011000000000013443
60.0,BackpressureStack,0,0.011000000000013443
60.0,BackpressureStack,0,0.011000000000013443
60.0,BackpressureStack,0,0.012000000000014666
60.0,BackpressureStack,0,0.015000000000018332
60.0,BackpressureStack,0,0.015000000000018332
60.0,BackpressureStack,0,0.020000000000024443
60.0,BackpressureStack,0,0.02400000000002933
60.0,BackpressureStack,0,0.02400000000002933
60.0,BackpressureStack,0,0.02400000000002933
60.0,BackpressureStack,0,1.0290000000012576
60.0,BackpressureStack,0,0.030000000000036664
60.0,BackpressureStack,0,0.030000000000036664
60.0,BackpressureStack,0,0.030000000000036664
60.0,BackpressureStack,0,0.030000000000036664
60.0,BackpressureStack,0,0.031000000000037886
60.0,BackpressureStack,0,1.0330000000012625
60.0,BackpressureStack,0,0.03900000000004766
60.0,BackpressureStack,0,0.04100000000005011
60.0,BackpressureStack,0,0.045000000000054996
60.0,BackpressureStack,0,0.045000000000054996
60.0,BackpressureStack,0,0.045000000000054996
60.0,BackpressureStack,0,0.04800000000005866
60.0,BackpressureStack,0,0.04800000000005866
60.0,BackpressureStack,0,0.05600000000006844
60.0,BackpressureStack,0,0.06400000000007822
60.0,BackpressureStack,0,0.06600000000008066
60.0,BackpressureStack,0,0.06600000000008066
60.0,BackpressureStack,0,0.07100000000008677
60.0,BackpressureStack,0,0.07300000000008922
60.0,BackpressureStack,0,0.07600000000009288
60.0,BackpressureStack,0,0.07900000000009655
60.0,BackpressureStack,0,0.08000000000009777
60.0,BackpressureStack,0,1.0990000000013431
60.0,BackpressureStack,0,0.10000000000012221
60.0,BackpressureStack,0,1.1060000000013517
60.0,BackpressureStack,0,1.1090000000013553
60.0,BackpressureStack,0,1.1090000000013553
60.0,BackpressureStack,0,1.1090000000013553
60.0,BackpressureStack,0,0.11000000000013443
60.0,BackpressureStack,0,0.11100000000013566
60.0,BackpressureStack,0,0.11100000000013566
60.0,BackpressureStack,0,0.1130000000001381
60.0,BackpressureStack,0,0.1360000000001662
60.0,BackpressureStack,0,1.0010000000012234
60.0,BackpressureStack,0,1.0010000000012234
60.0,BackpressureStack,0,0.0010000000000012221
60.0,BackpressureStack,0,0.0040000000000048885
60.0,BackpressureStack,0,1.0050000000012282
60.0,BackpressureStack,0,1.0050000000012282
60.0,BackpressureStack,0,0.007000000000008555
60.0,BackpressureStack,0,0.007000000000008555
60.0,BackpressureStack,0,0.007000000000008555
60.0,BackpressureStack,0,0.008000000000009777
60.0,BackpressureStack,0,0.008000000000009777
60.0,BackpressureStack,0,1.0090000000012331
60.0,BackpressureStack,0,0.009000000000011
60.0,BackpressureStack,0,1.0100000000012344
60.0,BackpressureStack,0,0.010000000000012221
60.0,BackpressureStack,0,0.010000000000012221
60.0,BackpressureStack,0,0.010000000000012221
60.0,BackpressureStack,0,0.011000000000013443
60.0,BackpressureStack,0,0.011000000000013443
60.0,BackpressureStack,0,0.012000000000014666
60.0,BackpressureStack,0,0.013000000000015888
60.0,BackpressureStack,0,0.015000000000018332
60.0,BackpressureStack,0,0.015000000000018332
60.0,BackpressureStack,0,0.017000000000020776
60.0,BackpressureStack,0,0.017000000000020776
60.0,BackpressureStack,0,0.018000000000022
60.0,BackpressureStack,0,0.018000000000022
60.0,BackpressureStack,0,0.018000000000022
60.0,BackpressureStack,0,0.022000000000026887
60.0,BackpressureStack,0,0.022000000000026887
60.0,BackpressureStack,0,0.022000000000026887
60.0,BackpressureStack,0,0.022000000000026887
60.0,BackpressureStack,0,0.02300000000002811
60.0,BackpressureStack,0,0.025000000000030553
60.0,BackpressureStack,0,0.027000000000032998
60.0,BackpressureStack,0,0.031000000000037886
60.0,BackpressureStack,0,0.03200000000003911
60.0,BackpressureStack,0,0.03200000000003911
60.0,BackpressureStack,0,0.03400000000004155
60.0,BackpressureStack,0,0.040000000000048885
60.0,BackpressureStack,0,0.04100000000005011
60.0,BackpressureStack,0,0.04100000000005011
60.0,BackpressureStack,0,0.04600000000005622
60.0,BackpressureStack,0,0.04600000000005622
60.0,BackpressureStack,0,0.04600000000005622
60.0,BackpressureStack,0,0.04600000000005622
60.0,BackpressureStack,0,0.06400000000007822
60.0,BackpressureStack,0,0.06400000000007822
60.0,BackpressureStack,0,0.0680000000000831
60.0,BackpressureStack,0,0.07300000000008922
60.0,BackpressureStack,0,0.08300000000010144
60.0,BackpressureStack,0,0.12500000000015277
60.0,BackpressureStack,0,0.12900000000015766
60.0,BackpressureStack,0,0.12900000000015766
60.0,BackpressureStack,0,0.135000000000165
60.0,BackpressureStack,0,0.1400000000001711
60.0,BackpressureStack,0,0.0010000000000012221
60.0,BackpressureStack,0,0.0030000000000036664
60.0,BackpressureStack,0,0.0040000000000048885
60.0,BackpressureStack,0,0.005000000000006111
60.0,BackpressureStack,0,0.005000000000006111
60.0,BackpressureStack,0,0.005000000000006111
60.0,BackpressureStack,0,0.008000000000009777
60.0,BackpressureStack,0,0.008000000000009777
60.0,BackpressureStack,0,0.008000000000009777
60.0,BackpressureStack,0,0.010000000000012221
60.0,BackpressureStack,0,0.010000000000012221
60.0,BackpressureStack,0,0.011000000000013443
60.0,BackpressureStack,0,1.0120000000012368
60.0,BackpressureStack,0,0.01400000000001711
60.0,BackpressureStack,0,0.015000000000018332
60.0,BackpressureStack,0,0.015000000000018332
60.0,BackpressureStack,0,0.016000000000019554
60.0,BackpressureStack,0,0.016000000000019554
60.0,BackpressureStack,0,0.016000000000019554
60.0,BackpressureStack,0,0.016000000000019554
60.0,BackpressureStack,0,0.018000000000022
60.0,BackpressureStack,0,0.018000000000022
60.0,BackpressureStack,0,0.01900000000002322
60.0,BackpressureStack,0,0.020000000000024443
60.0,BackpressureStack,0,1.0200000000012466
60.0,BackpressureStack,0,0.02300000000002811
60.0,BackpressureStack,0,0.026000000000031775
60.0,BackpressureStack,0,0.026000000000031775
60.0,BackpressureStack,0,0.02800000000003422
60.0,BackpressureStack,0,0.02800000000003422
60.0,BackpressureStack,0,0.02800000000003422
60.0,BackpressureStack,0,0.02800000000003422
60.0,BackpressureStack,0,0.02800000000003422
60.0,BackpressureStack,0,0.03300000000004033
60.0,BackpressureStack,0,0.03300000000004033
60.0,BackpressureStack,0,0.03700000000004522
60.0,BackpressureStack,0,0.03900000000004766
60.0,BackpressureStack,0,0.040000000000048885
60.0,BackpressureStack,0,0.04200000000005133
60.0,BackpressureStack,0,1.0450000000012771
60.0,BackpressureStack,0,0.04800000000005866
60.0,BackpressureStack,0,1.0480000000012808
60.0,BackpressureStack,0,1.0520000000012857
60.0,BackpressureStack,0,0.05500000000006722
60.0,BackpressureStack,0,0.05500000000006722
60.0,BackpressureStack,0,0.05500000000006722
60.0,BackpressureStack,0,1.058000000001293
60.0,BackpressureStack,0,0.059000000000072106
60.0,BackpressureStack,0,0.06100000000007455
60.0,BackpressureStack,0,0.06400000000007822
60.0,BackpressureStack,0,0.06400000000007822
60.0,BackpressureStack,0,0.06400000000007822
60.0,BackpressureStack,0,0.06400000000007822
60.0,BackpressureStack,0,0.07000000000008555
60.0,BackpressureStack,0,0.08800000000010755
60.0,BackpressureStack,0,0.08800000000010755
60.0,BackpressureStack,0,0.08900000000010877
60.0,BackpressureStack,0,0.08900000000010877
60.0,BackpressureStack,0,0.08900000000010877
60.0,BackpressureStack,0,0.09700000000011855
60.0,BackpressureStack,0,0.10600000000012955
60.0,BackpressureStack,0,0.10700000000013077
60.0,BackpressureStack,0,0.12100000000014788
60.0,BackpressureStack,0,0.0020000000000024443
60.0,BackpressureStack,0,0.0030000000000036664
60.0,BackpressureStack,0,0.005000000000006111
60.0,BackpressureStack,0,0.005000000000006111
60.0,BackpressureStack,0,0.005000000000006111
60.0,BackpressureStack,0,0.006000000000007333
60.0,BackpressureStack,0,0.006000000000007333
60.0,BackpressureStack,0,0.008000000000009777
60.0,BackpressureStack,0,0.009000000000011
60.0,BackpressureStack,0,0.010000000000012221
60.0,BackpressureStack,0,0.010000000000012221
60.0,BackpressureStack,0,0.011000000000013443
60.0,BackpressureStack,0,0.011000000000013443
60.0,BackpressureStack,0,0.013000000000015888
60.0,BackpressureStack,0,0.013000000000015888
60.0,BackpressureStack,0,0.013000000000015888
60.0,BackpressureStack,0,0.01400000000001711
60.0,BackpressureStack,0,0.016000000000019554
60.0,BackpressureStack,0,0.016000000000019554
60.0,BackpressureStack,0,0.016000000000019554
60.0,BackpressureStack,0,0.016000000000019554
60.0,BackpressureStack,0,0.017000000000020776
60.0,BackpressureStack,0,0.017000000000020776
60.0,BackpressureStack,0,0.018000000000022
60.0,BackpressureStack,0,0.018000000000022
60.0,BackpressureStack,0,0.018000000000022
60.0,BackpressureStack,0,1.0190000000012454
60.0,BackpressureStack,0,1.0190000000012454
60.0,BackpressureStack,0,1.0190000000012454
60.0,BackpressureStack,0,1.0190000000012454
60.0,BackpressureStack,0,0.020000000000024443
60.0,BackpressureStack,0,0.021000000000025665
60.0,BackpressureStack,0,0.021000000000025665
60.0,BackpressureStack,0,0.021000000000025665
60.0,BackpressureStack,0,0.022000000000026887
60.0,BackpressureStack,0,0.02300000000002811
60.0,BackpressureStack,0,0.027000000000032998
60.0,BackpressureStack,0,0.027000000000032998
60.0,BackpressureStack,0,0.02800000000003422
60.0,BackpressureStack,0,0.02800000000003422
60.0,BackpressureStack,0,1.0300000000012588
60.0,BackpressureStack,0,1.0300000000012588
60.0,BackpressureStack,0,1.0360000000012661
60.0,BackpressureStack,0,0.03800000000004644
60.0,BackpressureStack,0,0.04300000000005255
60.0,BackpressureStack,0,0.04300000000005255
60.0,BackpressureStack,0,1.044000000001276
60.0,BackpressureStack,0,0.04600000000005622
60.0,BackpressureStack,0,0.04600000000005622
60.0,BackpressureStack,0,0.04700000000005744
60.0,BackpressureStack,0,0.04700000000005744
60.0,BackpressureStack,0,0.04700000000005744
60.0,BackpressureStack,0,1.049000000001282
60.0,BackpressureStack,0,0.05000000000006111
60.0,BackpressureStack,0,0.05100000000006233
60.0,BackpressureStack,0,0.05200000000006355
60.0,BackpressureStack,0,0.05200000000006355
60.0,BackpressureStack,0,0.05500000000006722
60.0,BackpressureStack,0,0.05500000000006722
60.0,BackpressureStack,0,0.06400000000007822
60.0,BackpressureStack,0,0.06400000000007822
60.0,BackpressureStack,0,0.06500000000007944
60.0,BackpressureStack,0,0.06700000000008188
60.0,BackpressureStack,0,0.06900000000008433
60.0,BackpressureStack,0,0.06900000000008433
60.0,BackpressureStack,0,0.07300000000008922
60.0,BackpressureStack,0,0.07800000000009533
60.0,BackpressureStack,0,0.08400000000010266
60.0,BackpressureStack,0,0.08400000000010266
60.0,BackpressureStack,0,0.1400000000001711
60.0,BackpressureStack,0,0.14200000000017354
60.0,BackpressureStack,0,0.15200000000018576
60.0,BackpressureStack,0,0.15200000000018576
60.0,BackpressureStack,0,0.15200000000018576
60.0,BackpressureStack,0,0.15600000000019065
60.0,BackpressureStack,0,0.16000000000019554
60.0,BackpressureStack,0,0.16000000000019554
60.0,BackpressureStack,0,0.16500000000020165
60.0,BackpressureStack,0,0.16600000000020287
60.0,BackpressureStack,0,0.17300000000021143
60.0,BackpressureStack,0,0.0010000000000012221
60.0,BackpressureStack,0,0.0010000000000012221
60.0,BackpressureStack,0,0.0010000000000012221
60.0,BackpressureStack,0,0.0030000000000036664
60.0,BackpressureStack,0,0.0030000000000036664
60.0,BackpressureStack,0,0.0030000000000036664
60.0,BackpressureStack,0,0.0030000000000036664
60.0,BackpressureStack,0,0.0030000000000036664
60.0,BackpressureStack,0,0.0040000000000048885
60.0,BackpressureStack,0,0.005000000000006111
60.0,BackpressureStack,0,0.005000000000006111
60.0,BackpressureStack,0,0.006000000000007333
60.0,BackpressureStack,0,0.009000000000011
60.0,BackpressureStack,0,0.010000000000012221
60.0,BackpressureStack,0,0.010000000000012221
60.0,BackpressureStack,0,0.01400000000001711
60.0,BackpressureStack,0,0.015000000000018332
60.0,BackpressureStack,0,0.018000000000022
60.0,BackpressureStack,0,0.018000000000022
60.0,BackpressureStack,0,0.020000000000024443
60.0,BackpressureStack,0,0.03200000000003911
60.0,BackpressureStack,0,0.03800000000004644
60.0,BackpressureStack,0,0.040000000000048885
60.0,BackpressureStack,0,0.04200000000005133
60.0,BackpressureStack,0,0.04200000000005133
60.0,BackpressureStack,0,0.05700000000006966
60.0,BackpressureStack,0,0.06100000000007455
60.0,BackpressureStack,0,0.06100000000007455
60.0,BackpressureStack,0,0.06400000000007822
60.0,BackpressureStack,0,0.06400000000007822
60.0,BackpressureStack,0,0.06700000000008188
60.0,BackpressureStack,0,0.06700000000008188
60.0,BackpressureStack,0,0.06900000000008433
60.0,BackpressureStack,0,0.06900000000008433
60.0,BackpressureStack,0,0.07600000000009288
60.0,BackpressureStack,0,0.0770000000000941
60.0,BackpressureStack,0,0.07800000000009533
60.0,BackpressureStack,0,0.08200000000010021
60.0,BackpressureStack,0,0.08300000000010144
60.0,BackpressureStack,0,0.08300000000010144
60.0,BackpressureStack,0,0.08400000000010266
60.0,BackpressureStack,0,0.08700000000010633
60.0,BackpressureStack,0,0.09100000000011121
60.0,BackpressureStack,0,0.0950000000001161
60.0,BackpressureStack,0,0.0950000000001161
60.0,BackpressureStack,0,0.1130000000001381
60.0,BackpressureStack,0,0.11500000000014055
60.0,BackpressureStack,0,0.13000000000015888
60.0,BackpressureStack,0,0.14100000000017232
60.0,BackpressureStack,0,0.0010000000000012221
60.0,BackpressureStack,0,0.0020000000000024443
60.0,BackpressureStack,0,1.0050000000012282
60.0,BackpressureStack,0,1.0050000000012282
60.0,BackpressureStack,0,0.005000000000006111
60.0,BackpressureStack,0,0.006000000000007333
60.0,BackpressureStack,0,0.006000000000007333
60.0,BackpressureStack,0,0.006000000000007333
60.0,BackpressureStack,0,0.008000000000009777
60.0,BackpressureStack,0,0.008000000000009777
60.0,BackpressureStack,0,0.008000000000009777
60.0,BackpressureStack,0,1.0090000000012331
60.0,BackpressureStack,0,0.009000000000011
60.0,BackpressureStack,0,0.009000000000011
60.0,BackpressureStack,0,0.011000000000013443
60.0,BackpressureStack,0,0.015000000000018332
60.0,BackpressureStack,0,0.016000000000019554
60.0,BackpressureStack,0,0.016000000000019554
60.0,BackpressureStack,0,0.016000000000019554
60.0,BackpressureStack,0,0.016000000000019554
60.0,BackpressureStack,0,0.017000000000020776
60.0,BackpressureStack,0,0.017000000000020776
60.0,BackpressureStack,0,0.020000000000024443
60.0,BackpressureStack,0,0.022000000000026887
60.0,BackpressureStack,0,0.022000000000026887
60.0,BackpressureStack,0,0.025000000000030553
60.0,BackpressureStack,0,0.026000000000031775
60.0,BackpressureStack,0,0.029000000000035442
60.0,BackpressureStack,0,0.031000000000037886
60.0,BackpressureStack,0,0.031000000000037886
60.0,BackpressureStack,0,0.031000000000037886
60.0,BackpressureStack,0,0.031000000000037886
60.0,BackpressureStack,0,0.031000000000037886
60.0,BackpressureStack,0,0.031000000000037886
60.0,BackpressureStack,0,0.031000000000037886
60.0,BackpressureStack,0,0.03300000000004033
60.0,BackpressureStack,0,0.03400000000004155
60.0,BackpressureStack,0,0.03400000000004155
60.0,BackpressureStack,0,0.03400000000004155
60.0,BackpressureStack,0,0.035000000000042775
60.0,BackpressureStack,0,0.04100000000005011
60.0,BackpressureStack,0,0.04600000000005622
60.0,BackpressureStack,0,0.04600000000005622
60.0,BackpressureStack,0,0.04800000000005866
60.0,BackpressureStack,0,0.049000000000059885
60.0,BackpressureStack,0,0.05100000000006233
60.0,BackpressureStack,0,0.05100000000006233
60.0,BackpressureStack,0,0.05100000000006233
60.0,BackpressureStack,0,0.05500000000006722
60.0,BackpressureStack,0,0.05700000000006966
60.0,BackpressureStack,0,0.05700000000006966
60.0,BackpressureStack,0,0.06400000000007822
60.0,BackpressureStack,0,0.07800000000009533
60.0,BackpressureStack,0,0.08500000000010388
60.0,BackpressureStack,0,0.08500000000010388
60.0,BackpressureStack,0,0.08500000000010388
60.0,BackpressureStack,0,0.0860000000001051
60.0,BackpressureStack,0,0.08900000000010877
60.0,BackpressureStack,0,0.09000000000010999
60.0,BackpressureStack,0,0.09200000000011244
60.0,BackpressureStack,0,0.09200000000011244
60.0,BackpressureStack,0,0.09200000000011244
60.0,BackpressureStack,0,0.0950000000001161
60.0,BackpressureStack,0,0.09600000000011732
60.0,BackpressureStack,0,0.09900000000012099
60.0,BackpressureStack,0,0.10600000000012955
60.0,BackpressureStack,0,0.126000000000154
60.0,BackpressureStack,0,0.14300000000017477
60.0,BackpressureStack,0,0.15700000000019187
60.0,BackpressureStack,0,0.15700000000019187
60.0,BackpressureStack,0,0.15700000000019187
60.0,BackpressureStack,0,0.1580000000001931
60.0,BackpressureStack,0,0.1580000000001931
60.0,BackpressureStack,0,0.17700000000021632
60.0,BackpressureStack,0,0.19300000000023587
60.0,BackpressureStack,0,0.23400000000028598
60.0,BackpressureStack,0,0.0010000000000012221
60.0,BackpressureStack,0,0.0010000000000012221
60.0,BackpressureStack,0,0.0020000000000024443
60.0,BackpressureStack,0,0.0020000000000024443
60.0,BackpressureStack,0,0.0020000000000024443
60.0,BackpressureStack,0,0.0030000000000036664
60.0,BackpressureStack,0,0.0040000000000048885
60.0,BackpressureStack,0,0.0040000000000048885
60.0,BackpressureStack,0,0.005000000000006111
60.0,BackpressureStack,0,0.005000000000006111
60.0,BackpressureStack,0,0.005000000000006111
60.0,BackpressureStack,0,0.006000000000007333
60.0,BackpressureStack,0,0.006000000000007333
60.0,BackpressureStack,0,0.008000000000009777
60.0,BackpressureStack,0,0.008000000000009777
60.0,BackpressureStack,0,0.008000000000009777
60.0,BackpressureStack,0,0.012000000000014666
60.0,BackpressureStack,0,0.013000000000015888
60.0,BackpressureStack,0,0.013000000000015888
60.0,BackpressureStack,0,0.013000000000015888
60.0,BackpressureStack,0,0.013000000000015888
60.0,BackpressureStack,0,0.013000000000015888
60.0,BackpressureStack,0,0.01400000000001711
60.0,BackpressureStack,0,0.01400000000001711
60.0,BackpressureStack,0,0.015000000000018332
60.0,BackpressureStack,0,0.015000000000018332
60.0,BackpressureStack,0,0.016000000000019554
60.0,BackpressureStack,0,0.016000000000019554
60.0,BackpressureStack,0,0.016000000000019554
60.0,BackpressureStack,0,0.017000000000020776
60.0,BackpressureStack,0,0.018000000000022
60.0,BackpressureStack,0,0.01900000000002322
60.0,BackpressureStack,0,0.021000000000025665
60.0,BackpressureStack,0,0.022000000000026887
60.0,BackpressureStack,0,0.022000000000026887
60.0,BackpressureStack,0,0.02300000000002811
60.0,BackpressureStack,0,0.027000000000032998
60.0,BackpressureStack,0,0.027000000000032998
60.0,BackpressureStack,0,0.029000000000035442
60.0,BackpressureStack,0,0.029000000000035442
60.0,BackpressureStack,0,0.029000000000035442
60.0,BackpressureStack,0,0.029000000000035442
60.0,BackpressureStack,0,0.030000000000036664
60.0,BackpressureStack,0,0.030000000000036664
60.0,BackpressureStack,0,0.030000000000036664
60.0,BackpressureStack,0,0.030000000000036664
60.0,BackpressureStack,0,0.031000000000037886
60.0,BackpressureStack,0,0.03300000000004033
60.0,BackpressureStack,0,0.03300000000004033
60.0,BackpressureStack,0,0.035000000000042775
60.0,BackpressureStack,0,0.035000000000042775
60.0,BackpressureStack,0,0.04100000000005011
60.0,BackpressureStack,0,0.044000000000053774
60.0,BackpressureStack,0,0.05100000000006233
60.0,BackpressureStack,0,0.05100000000006233
60.0,BackpressureStack,0,0.05100000000006233
60.0,BackpressureStack,0,0.05600000000006844
60.0,BackpressureStack,0,0.05700000000006966
60.0,BackpressureStack,0,0.05700000000006966
60.0,BackpressureStack,0,0.05700000000006966
60.0,BackpressureStack,0,0.06000000000007333
60.0,BackpressureStack,0,0.06500000000007944
60.0,BackpressureStack,0,0.06600000000008066
60.0,BackpressureStack,0,0.06600000000008066
60.0,BackpressureStack,0,0.072000000000088
60.0,BackpressureStack,0,0.08500000000010388
60.0,BackpressureStack,0,0.09200000000011244
60.0,BackpressureStack,0,0.09200000000011244
60.0,BackpressureStack,0,0.10200000000012466
60.0,BackpressureStack,0,0.11100000000013566
60.0,BackpressureStack,0,0.0010000000000012221
60.0,BackpressureStack,0,0.0010000000000012221
60.0,BackpressureStack,0,0.0030000000000036664
60.0,BackpressureStack,0,0.0030000000000036664
60.0,BackpressureStack,0,0.0030000000000036664
60.0,BackpressureStack,0,0.005000000000006111
60.0,BackpressureStack,0,0.006000000000007333
60.0,BackpressureStack,0,0.006000000000007333
60.0,BackpressureStack,0,0.006000000000007333
60.0,BackpressureStack,0,0.006000000000007333
60.0,BackpressureStack,0,0.006000000000007333
60.0,BackpressureStack,0,0.007000000000008555
60.0,BackpressureStack,0,0.007000000000008555
60.0,BackpressureStack,0,0.007000000000008555
60.0,BackpressureStack,0,0.007000000000008555
60.0,BackpressureStack,0,0.008000000000009777
60.0,BackpressureStack,0,0.009000000000011
60.0,BackpressureStack,0,1.0100000000012344
60.0,BackpressureStack,0,0.015000000000018332
60.0,BackpressureStack,0,0.015000000000018332
60.0,BackpressureStack,0,0.016000000000019554
60.0,BackpressureStack,0,1.0160000000012417
60.0,BackpressureStack,0,0.018000000000022
60.0,BackpressureStack,0,0.018000000000022
60.0,BackpressureStack,0,0.01900000000002322
60.0,BackpressureStack,0,0.021000000000025665
60.0,BackpressureStack,0,0.022000000000026887
60.0,BackpressureStack,0,0.02300000000002811
60.0,BackpressureStack,0,0.02400000000002933
60.0,BackpressureStack,0,0.02400000000002933
60.0,BackpressureStack,0,0.025000000000030553
60.0,BackpressureStack,0,0.029000000000035442
60.0,BackpressureStack,0,0.030000000000036664
60.0,BackpressureStack,0,0.031000000000037886
60.0,BackpressureStack,0,0.031000000000037886
60.0,BackpressureStack,0,0.03400000000004155
60.0,BackpressureStack,0,0.03400000000004155
60.0,BackpressureStack,0,0.035000000000042775
60.0,BackpressureStack,0,0.036000000000044
60.0,BackpressureStack,0,0.036000000000044
60.0,BackpressureStack,0,0.036000000000044
60.0,BackpressureStack,0,0.036000000000044
60.0,BackpressureStack,0,0.04100000000005011
60.0,BackpressureStack,0,1.0410000000012722
60.0,BackpressureStack,0,0.04600000000005622
60.0,BackpressureStack,0,0.04600000000005622
60.0,BackpressureStack,0,0.05000000000006111
60.0,BackpressureStack,0,1.0500000000012832
60.0,BackpressureStack,0,0.05000000000006111
60.0,BackpressureStack,0,0.054000000000065995
60.0,BackpressureStack,0,0.054000000000065995
60.0,BackpressureStack,0,0.05500000000006722
60.0,BackpressureStack,0,0.059000000000072106
60.0,BackpressureStack,0,0.06100000000007455
60.0,BackpressureStack,0,0.06500000000007944
60.0,BackpressureStack,0,0.06600000000008066
60.0,BackpressureStack,0,0.0020000000000024443
60.0,BackpressureStack,0,1.0020000000012246
60.0,BackpressureStack,0,0.0040000000000048885
60.0,BackpressureStack,0,0.005000000000006111
60.0,BackpressureStack,0,0.006000000000007333
60.0,BackpressureStack,0,0.006000000000007333
60.0,BackpressureStack,0,0.006000000000007333
60.0,BackpressureStack,0,1.0060000000012295
60.0,BackpressureStack,0,1.0120000000012368
60.0,BackpressureStack,0,0.013000000000015888
60.0,BackpressureStack,0,0.013000000000015888
60.0,BackpressureStack,0,0.016000000000019554
60.0,BackpressureStack,0,1.017000000001243
60.0,BackpressureStack,0,0.018000000000022
60.0,BackpressureStack,0,0.01900000000002322
60.0,BackpressureStack,0,0.01900000000002322
60.0,BackpressureStack,0,1.0190000000012454
60.0,BackpressureStack,0,1.0210000000012478
60.0,BackpressureStack,0,1.0240000000012515
60.0,BackpressureStack,0,1.026000000001254
60.0,BackpressureStack,0,0.026000000000031775
60.0,BackpressureStack,0,0.02800000000003422
60.0,BackpressureStack,0,0.02800000000003422
60.0,BackpressureStack,0,0.029000000000035442
60.0,BackpressureStack,0,1.0290000000012576
60.0,BackpressureStack,0,0.036000000000044
60.0,BackpressureStack,0,0.036000000000044
60.0,BackpressureStack,0,0.036000000000044
60.0,BackpressureStack,0,0.03800000000004644
60.0,BackpressureStack,0,0.04100000000005011
60.0,BackpressureStack,0,0.04100000000005011
60.0,BackpressureStack,0,0.04100000000005011
60.0,BackpressureStack,0,0.04200000000005133
60.0,BackpressureStack,0,0.04200000000005133
60.0,BackpressureStack,0,0.04200000000005133
60.0,BackpressureStack,0,0.04200000000005133
60.0,BackpressureStack,0,0.04200000000005133
60.0,BackpressureStack,0,0.045000000000054996
60.0,BackpressureStack,0,0.04700000000005744
60.0,BackpressureStack,0,0.05100000000006233
60.0,BackpressureStack,0,0.06400000000007822
60.0,BackpressureStack,0,0.0680000000000831
60.0,BackpressureStack,0,0.0680000000000831
60.0,BackpressureStack,0,1.0700000000013077
60.0,BackpressureStack,0,0.07000000000008555
60.0,BackpressureStack,0,0.072000000000088
60.0,BackpressureStack,0,1.0720000000013101
60.0,BackpressureStack,0,0.07300000000008922
60.0,BackpressureStack,0,0.07300000000008922
60.0,BackpressureStack,0,0.07900000000009655
60.0,BackpressureStack,0,1.0840000000013248
60.0,BackpressureStack,0,0.08900000000010877
60.0,BackpressureStack,0,0.08900000000010877
60.0,BackpressureStack,0,0.09000000000010999
60.0,BackpressureStack,0,0.09600000000011732
60.0,BackpressureStack,0,0.09600000000011732
60.0,BackpressureStack,0,0.09700000000011855
60.0,BackpressureStack,0,0.10200000000012466
60.0,BackpressureStack,0,0.10600000000012955
60.0,BackpressureStack,0,0.11900000000014543
60.0,BackpressureStack,0,0.16400000000020043
60.0,BackpressureStack,0,0.16400000000020043
60.0,BackpressureStack,0,0.16500000000020165
60.0,BackpressureStack,0,0.16500000000020165
60.0,BackpressureStack,0,0.16500000000020165
60.0,BackpressureStack,0,0.16500000000020165
60.0,BackpressureStack,0,0.1670000000002041
60.0,BackpressureStack,0,0.1670000000002041
60.0,BackpressureStack,0,0.17300000000021143
60.0,BackpressureStack,0,0.17400000000021265
60.0,BackpressureStack,0,0.17500000000021387
60.0,BackpressureStack,0,0.18000000000021998
60.0,BackpressureStack,0,0.18200000000022243
60.0,BackpressureStack,0,0.1850000000002261
60.0,BackpressureStack,0,0.18800000000022976
60.0,BackpressureStack,0,0.19100000000023343
60.0,BackpressureStack,0,0.1940000000002371
60.0,BackpressureStack,0,0.19700000000024076
60.0,BackpressureStack,0,0.20200000000024687
60.0,BackpressureStack,0,1.2080000000014763
60.0,BackpressureStack,0,0.21100000000025787
60.0,BackpressureStack,0,0.21100000000025787
60.0,BackpressureStack,0,0.21100000000025787
60.0,BackpressureStack,0,0.21500000000026276
60.0,BackpressureStack,0,0.21900000000026765
60.0,BackpressureStack,0,0.21900000000026765
60.0,BackpressureStack,0,0.22400000000027376
60.0,BackpressureStack,0,0.23300000000028476
60.0,BackpressureStack,0,0.2350000000002872
60.0,BackpressureStack,0,0.2490000000003043
60.0,BackpressureStack,0,0.2620000000003202
60.0,BackpressureStack,0,0.26800000000032753
60.0,BackpressureStack,0,0.27700000000033853
60.0,BackpressureStack,0,0.27800000000033975
60.0,BackpressureStack,0,0.30500000000037275
60.0,BackpressureStack,0,0.30500000000037275
60.0,BackpressureStack,0,0.30500000000037275
60.0,BackpressureStack,0,0.3070000000003752
60.0,BackpressureStack,0,0.3120000000003813
60.0,BackpressureStack,0,0.3120000000003813
60.0,BackpressureStack,0,0.3170000000003874
60.0,BackpressureStack,0,0.3170000000003874
60.0,BackpressureStack,0,0.3340000000004082
60.0,BackpressureStack,0,0.0020000000000024443
60.0,BackpressureStack,0,0.0030000000000036664
60.0,BackpressureStack,0,0.0030000000000036664
60.0,BackpressureStack,0,0.006000000000007333
60.0,BackpressureStack,0,0.006000000000007333
60.0,BackpressureStack,0,0.007000000000008555
60.0,BackpressureStack,0,0.009000000000011
60.0,BackpressureStack,0,0.011000000000013443
60.0,BackpressureStack,0,0.012000000000014666
60.0,BackpressureStack,0,0.015000000000018332
60.0,BackpressureStack,0,0.017000000000020776
60.0,BackpressureStack,0,0.017000000000020776
60.0,BackpressureStack,0,0.017000000000020776
60.0,BackpressureStack,0,0.018000000000022
60.0,BackpressureStack,0,0.018000000000022
60.0,BackpressureStack,0,0.01900000000002322
60.0,BackpressureStack,0,0.01900000000002322
60.0,BackpressureStack,0,0.01900000000002322
60.0,BackpressureStack,0,0.020000000000024443
60.0,BackpressureStack,0,0.022000000000026887
60.0,BackpressureStack,0,0.02300000000002811
60.0,BackpressureStack,0,0.025000000000030553
60.0,BackpressureStack,0,0.025000000000030553
60.0,BackpressureStack,0,0.025000000000030553
60.0,BackpressureStack,0,0.025000000000030553
60.0,BackpressureStack,0,0.025000000000030553
60.0,BackpressureStack,0,0.026000000000031775
60.0,BackpressureStack,0,0.026000000000031775
60.0,BackpressureStack,0,0.027000000000032998
60.0,BackpressureStack,0,0.027000000000032998
60.0,BackpressureStack,0,0.027000000000032998
60.0,BackpressureStack,0,0.02800000000003422
60.0,BackpressureStack,0,0.03300000000004033
60.0,BackpressureStack,0,0.036000000000044
60.0,BackpressureStack,0,0.03700000000004522
60.0,BackpressureStack,0,0.03700000000004522
60.0,BackpressureStack,0,0.04200000000005133
60.0,BackpressureStack,0,0.05000000000006111
60.0,BackpressureStack,0,0.06100000000007455
60.0,BackpressureStack,0,0.0860000000001051
60.0,BackpressureStack,0,0.0860000000001051
60.0,BackpressureStack,0,0.0860000000001051
60.0,BackpressureStack,0,0.09000000000010999
60.0,BackpressureStack,0,0.09000000000010999
60.0,BackpressureStack,0,0.09000000000010999
60.0,BackpressureStack,0,0.09100000000011121
60.0,BackpressureStack,0,0.10500000000012832
60.0,BackpressureStack,0,0.13800000000016865
60.0,BackpressureStack,0,0.1450000000001772
60.0,BackpressureStack,0,0.14700000000017965
60.0,BackpressureStack,0,0.14700000000017965
60.0,BackpressureStack,0,0.14700000000017965
60.0,BackpressureStack,0,0.18700000000022854
60.0,BackpressureStack,0,0.19100000000023343
60.0,BackpressureStack,0,0.19100000000023343
60.0,BackpressureStack,0,0.21100000000025787
60.0,BackpressureStack,0,0.2220000000002713
60.0,BackpressureStack,0,0.22400000000027376
60.0,BackpressureStack,0,0.0020000000000024443
60.0,BackpressureStack,0,0.0030000000000036664
60.0,BackpressureStack,0,0.0040000000000048885
60.0,BackpressureStack,0,0.005000000000006111
60.0,BackpressureStack,0,0.005000000000006111
60.0,BackpressureStack,0,0.005000000000006111
60.0,BackpressureStack,0,0.005000000000006111
60.0,BackpressureStack,0,0.006000000000007333
60.0,BackpressureStack,0,0.006000000000007333
60.0,BackpressureStack,0,0.007000000000008555
60.0,BackpressureStack,0,0.007000000000008555
60.0,BackpressureStack,0,0.007000000000008555
60.0,BackpressureStack,0,0.007000000000008555
60.0,BackpressureStack,0,0.008000000000009777
60.0,BackpressureStack,0,0.010000000000012221
60.0,BackpressureStack,0,0.010000000000012221
60.0,BackpressureStack,0,0.013000000000015888
60.0,BackpressureStack,0,0.013000000000015888
60.0,BackpressureStack,0,0.013000000000015888
60.0,BackpressureStack,0,0.016000000000019554
60.0,BackpressureStack,0,0.016000000000019554
60.0,BackpressureStack,0,0.016000000000019554
60.0,BackpressureStack,0,0.021000000000025665
60.0,BackpressureStack,0,0.021000000000025665
60.0,BackpressureStack,0,0.022000000000026887
60.0,BackpressureStack,0,0.022000000000026887
60.0,BackpressureStack,0,0.025000000000030553
60.0,BackpressureStack,0,0.025000000000030553
60.0,BackpressureStack,0,0.026000000000031775
60.0,BackpressureStack,0,0.027000000000032998
60.0,BackpressureStack,0,0.027000000000032998
60.0,BackpressureStack,0,0.027000000000032998
60.0,BackpressureStack,0,0.027000000000032998
60.0,BackpressureStack,0,0.029000000000035442
60.0,BackpressureStack,0,0.031000000000037886
60.0,BackpressureStack,0,0.031000000000037886
60.0,BackpressureStack,0,0.03200000000003911
60.0,BackpressureStack,0,0.03200000000003911
60.0,BackpressureStack,0,0.03300000000004033
60.0,BackpressureStack,0,0.035000000000042775
60.0,BackpressureStack,0,0.035000000000042775
60.0,BackpressureStack,0,0.035000000000042775
60.0,BackpressureStack,0,0.035000000000042775
60.0,BackpressureStack,0,0.036000000000044
60.0,BackpressureStack,0,0.036000000000044
60.0,BackpressureStack,0,0.03700000000004522
60.0,BackpressureStack,0,0.03700000000004522
60.0,BackpressureStack,0,0.03800000000004644
60.0,BackpressureStack,0,0.040000000000048885
60.0,BackpressureStack,0,0.040000000000048885
60.0,BackpressureStack,0,0.040000000000048885
60.0,BackpressureStack,0,0.040000000000048885
60.0,BackpressureStack,0,0.04200000000005133
60.0,BackpressureStack,0,0.04200000000005133
60.0,BackpressureStack,0,0.04200000000005133
60.0,BackpressureStack,0,0.04200000000005133
60.0,BackpressureStack,0,0.04300000000005255
60.0,BackpressureStack,0,0.04300000000005255
60.0,BackpressureStack,0,0.044000000000053774
60.0,BackpressureStack,0,0.044000000000053774
60.0,BackpressureStack,0,0.044000000000053774
60.0,BackpressureStack,0,0.04800000000005866
60.0,BackpressureStack,0,0.049000000000059885
60.0,BackpressureStack,0,0.06100000000007455
60.0,BackpressureStack,0,0.06100000000007455
60.0,BackpressureStack,0,0.06100000000007455
60.0,BackpressureStack,0,0.063000000000077
60.0,BackpressureStack,0,0.063000000000077
60.0,BackpressureStack,0,1.0810000000013211
60.0,BackpressureStack,0,0.08400000000010266
60.0,BackpressureStack,0,0.08900000000010877
60.0,BackpressureStack,0,0.10100000000012344
60.0,BackpressureStack,0,0.10300000000012588
60.0,BackpressureStack,0,0.10800000000013199
60.0,BackpressureStack,0,0.10800000000013199
60.0,BackpressureStack,0,0.11600000000014177
60.0,BackpressureStack,0,0.12000000000014666
60.0,BackpressureStack,0,0.12500000000015277
60.0,BackpressureStack,0,0.12500000000015277
60.0,BackpressureStack,0,0.126000000000154
60.0,BackpressureStack,0,0.12800000000015643
60.0,BackpressureStack,0,0.13000000000015888
60.0,BackpressureStack,0,0.13300000000016254
60.0,BackpressureStack,0,0.13800000000016865
60.0,BackpressureStack,0,0.1400000000001711
60.0,BackpressureStack,0,0.14200000000017354
60.0,BackpressureStack,0,0.14800000000018088
60.0,BackpressureStack,0,0.14800000000018088
60.0,BackpressureStack,0,0.15500000000018943
60.0,BackpressureStack,0,0.15600000000019065
60.0,BackpressureStack,0,0.1580000000001931
60.0,BackpressureStack,0,0.15900000000019432
60.0,BackpressureStack,0,0.16100000000019676
60.0,BackpressureStack,0,0.16400000000020043
60.0,BackpressureStack,0,1.17000000000143
60.0,BackpressureStack,0,0.1810000000002212
60.0,BackpressureStack,0,0.0010000000000012221
60.0,BackpressureStack,0,0.0010000000000012221
60.0,BackpressureStack,0,0.0010000000000012221
60.0,BackpressureStack,0,0.0010000000000012221
60.0,BackpressureStack,0,0.0030000000000036664
60.0,BackpressureStack,0,0.005000000000006111
60.0,BackpressureStack,0,0.005000000000006111
60.0,BackpressureStack,0,0.005000000000006111
60.0,BackpressureStack,0,0.006000000000007333
60.0,BackpressureStack,0,0.006000000000007333
60.0,BackpressureStack,0,0.006000000000007333
60.0,BackpressureStack,0,0.007000000000008555
60.0,BackpressureStack,0,0.007000000000008555
60.0,BackpressureStack,0,0.007000000000008555
60.0,BackpressureStack,0,0.008000000000009777
60.0,BackpressureStack,0,0.008000000000009777
60.0,BackpressureStack,0,0.009000000000011
60.0,BackpressureStack,0,0.009000000000011
60.0,BackpressureStack,0,0.011000000000013443
60.0,BackpressureStack,0,0.012000000000014666
60.0,BackpressureStack,0,0.012000000000014666
60.0,BackpressureStack,0,0.013000000000015888
60.0,BackpressureStack,0,0.01400000000001711
60.0,BackpressureStack,0,0.017000000000020776
60.0,BackpressureStack,0,0.017000000000020776
60.0,BackpressureStack,0,0.018000000000022
60.0,BackpressureStack,0,0.018000000000022
60.0,BackpressureStack,0,0.01900000000002322
60.0,BackpressureStack,0,0.021000000000025665
60.0,BackpressureStack,0,0.02400000000002933
60.0,BackpressureStack,0,0.025000000000030553
60.0,BackpressureStack,0,0.027000000000032998
60.0,BackpressureStack,0,0.027000000000032998
60.0,BackpressureStack,0,0.02800000000003422
60.0,BackpressureStack,0,0.02800000000003422
60.0,BackpressureStack,0,0.030000000000036664
60.0,BackpressureStack,0,0.03400000000004155
60.0,BackpressureStack,0,0.035000000000042775
60.0,BackpressureStack,0,0.036000000000044
60.0,BackpressureStack,0,0.03800000000004644
60.0,BackpressureStack,0,0.04100000000005011
60.0,BackpressureStack,0,0.04100000000005011
60.0,BackpressureStack,0,0.04100000000005011
60.0,BackpressureStack,0,0.044000000000053774
60.0,BackpressureStack,0,0.044000000000053774
60.0,BackpressureStack,0,0.044000000000053774
60.0,BackpressureStack,0,0.044000000000053774
60.0,BackpressureStack,0,0.045000000000054996
60.0,BackpressureStack,0,0.04600000000005622
60.0,BackpressureStack,0,0.04600000000005622
60.0,BackpressureStack,0,0.049000000000059885
60.0,BackpressureStack,0,0.054000000000065995
60.0,BackpressureStack,0,0.05700000000006966
60.0,BackpressureStack,0,0.05700000000006966
60.0,BackpressureStack,0,0.058000000000070884
60.0,BackpressureStack,0,0.06400000000007822
60.0,BackpressureStack,0,0.06500000000007944
60.0,BackpressureStack,0,0.07500000000009166
60.0,BackpressureStack,0,0.07500000000009166
60.0,BackpressureStack,0,0.07500000000009166
60.0,BackpressureStack,0,0.0770000000000941
60.0,BackpressureStack,0,0.0770000000000941
60.0,BackpressureStack,0,0.08400000000010266
60.0,BackpressureStack,0,0.08700000000010633
60.0,BackpressureStack,0,0.11200000000013688
60.0,BackpressureStack,0,0.11900000000014543
60.0,BackpressureStack,0,0.1220000000001491
60.0,BackpressureStack,0,0.1220000000001491
60.0,BackpressureStack,0,0.16100000000019676
60.0,BackpressureStack,0,0.17000000000020776
60.0,BackpressureStack,0,0.17100000000020898
60.0,BackpressureStack,0,0.1760000000002151
60.0,BackpressureStack,0,0.1760000000002151
60.0,BackpressureStack,0,0.17800000000021754
60.0,BackpressureStack,0,0.17800000000021754
60.0,BackpressureStack,0,0.17800000000021754
60.0,BackpressureStack,0,0.17800000000021754
60.0,BackpressureStack,0,0.18300000000022365
60.0,BackpressureStack,0,0.18300000000022365
60.0,BackpressureStack,0,0.1850000000002261
60.0,BackpressureStack,0,0.18700000000022854
60.0,BackpressureStack,0,0.18700000000022854
60.0,BackpressureStack,0,0.1990000000002432
60.0,BackpressureStack,0,0.1990000000002432
60.0,BackpressureStack,0,0.20700000000025298
60.0,BackpressureStack,0,0.21800000000026643
60.0,BackpressureStack,0,0.21900000000026765
60.0,BackpressureStack,0,0.2260000000002762
60.0,BackpressureStack,0,0.22700000000027742
60.0,BackpressureStack,0,0.22900000000027987
60.0,BackpressureStack,0,0.2930000000003581
60.0,BackpressureStack,0,0.30000000000036664
60.0,BackpressureStack,0,0.30400000000037153
60.0,BackpressureStack,0,0.30400000000037153
60.0,BackpressureStack,0,0.30900000000037764
60.0,BackpressureStack,0,0.35000000000042775
60.0,BackpressureStack,0,0.3560000000004351
60.0,BackpressureStack,0,0.3800000000004644
60.0,BackpressureStack,0,0.3800000000004644
60.0,BackpressureStack,0,0.39000000000047663
60.0,BackpressureStack,0,0.39600000000048396
60.0,BackpressureStack,0,1.002000000001214
60.0,BackpressureStack,0,0.001999999999995339
60.0,BackpressureStack,0,0.0029999999999930083
60.0,BackpressureStack,0,0.0029999999999930083
60.0,BackpressureStack,0,0.003999999999990678
60.0,BackpressureStack,0,0.003999999999990678
60.0,BackpressureStack,0,0.003999999999990678
60.0,BackpressureStack,0,0.0059999999999860165
60.0,BackpressureStack,0,0.0059999999999860165
60.0,BackpressureStack,0,0.0059999999999860165
60.0,BackpressureStack,0,0.0059999999999860165
60.0,BackpressureStack,0,0.006999999999983686
60.0,BackpressureStack,0,0.006999999999983686
60.0,BackpressureStack,0,0.007999999999981355
60.0,BackpressureStack,0,0.007999999999981355
60.0,BackpressureStack,0,0.010999999999974364
60.0,BackpressureStack,0,0.010999999999974364
60.0,BackpressureStack,0,0.012999999999969702
60.0,BackpressureStack,0,0.012999999999969702
60.0,BackpressureStack,0,0.01799999999995805
60.0,BackpressureStack,0,0.01999999999995339
60.0,BackpressureStack,0,0.020999999999951058
60.0,BackpressureStack,0,0.020999999999951058
60.0,BackpressureStack,0,0.020999999999951058
60.0,BackpressureStack,0,0.021999999999948727
60.0,BackpressureStack,0,0.023999999999944066
60.0,BackpressureStack,0,0.027999999999934744
60.0,BackpressureStack,0,0.027999999999934744
60.0,BackpressureStack,0,0.027999999999934744
60.0,BackpressureStack,0,0.028999999999932413
60.0,BackpressureStack,0,0.028999999999932413
60.0,BackpressureStack,0,0.028999999999932413
60.0,BackpressureStack,0,0.028999999999932413
60.0,BackpressureStack,0,0.029999999999930083
60.0,BackpressureStack,0,0.030999999999927752
60.0,BackpressureStack,0,0.030999999999927752
60.0,BackpressureStack,0,0.03299999999992309
60.0,BackpressureStack,0,1.0330000000011417
60.0,BackpressureStack,0,0.03399999999992076
60.0,BackpressureStack,0,0.03499999999991843
60.0,BackpressureStack,0,0.03499999999991843
60.0,BackpressureStack,0,0.03699999999991377
60.0,BackpressureStack,0,0.03799999999991144
60.0,BackpressureStack,0,1.0420000000011207
60.0,BackpressureStack,0,1.0550000000010904
60.0,BackpressureStack,0,0.05499999999987182
60.0,BackpressureStack,0,0.05499999999987182
60.0,BackpressureStack,0,0.05699999999986716
60.0,BackpressureStack,0,0.05699999999986716
60.0,BackpressureStack,0,0.05699999999986716
60.0,BackpressureStack,0,0.06299999999985317
60.0,BackpressureStack,0,0.06299999999985317
60.0,BackpressureStack,0,0.06299999999985317
60.0,BackpressureStack,0,0.06299999999985317
60.0,BackpressureStack,0,0.06799999999984152
60.0,BackpressureStack,0,0.06799999999984152
60.0,BackpressureStack,0,0.06899999999983919
60.0,BackpressureStack,0,0.07299999999982987
60.0,BackpressureStack,0,0.0749999999998252
60.0,BackpressureStack,0,1.0770000000010391
60.0,BackpressureStack,0,1.0770000000010391
60.0,BackpressureStack,0,0.09599999999977626
60.0,BackpressureStack,0,1.0990000000009879
60.0,BackpressureStack,0,0.09899999999976927
60.0,BackpressureStack,0,0.09899999999976927
60.0,BackpressureStack,0,0.10299999999975995
60.0,BackpressureStack,0,0.10299999999975995
60.0,BackpressureStack,0,0.10499999999975529
60.0,BackpressureStack,0,0.10599999999975296
60.0,BackpressureStack,0,0.1339999999996877
60.0,BackpressureStack,0,0.13799999999967838
60.0,BackpressureStack,0,0.13799999999967838
60.0,BackpressureStack,0,0.15099999999964808
60.0,BackpressureStack,0,0.15299999999964342
60.0,BackpressureStack,0,0.15299999999964342
60.0,BackpressureStack,0,0.16199999999962245
60.0,BackpressureStack,0,0.16299999999962012
60.0,BackpressureStack,0,0.16299999999962012
60.0,BackpressureStack,0,0.16299999999962012
60.0,BackpressureStack,0,0.16399999999961778
60.0,BackpressureStack,0,0.16399999999961778
60.0,BackpressureStack,0,0.16599999999961312
60.0,BackpressureStack,0,0.1669999999996108
60.0,BackpressureStack,0,0.1669999999996108
60.0,BackpressureStack,0,0.1669999999996108
60.0,BackpressureStack,0,0.16899999999960613
60.0,BackpressureStack,0,0.16899999999960613
60.0,BackpressureStack,0,0.1729999999995968
60.0,BackpressureStack,0,0.1769999999995875
60.0,BackpressureStack,0,0.1799999999995805
60.0,BackpressureStack,0,0.18099999999957816
60.0,BackpressureStack,0,0.18099999999957816
60.0,BackpressureStack,0,0.1829999999995735
60.0,BackpressureStack,0,0.18799999999956185
60.0,BackpressureStack,0,0.18899999999955952
60.0,BackpressureStack,0,0.1899999999995572
60.0,BackpressureStack,0,0.19999999999953388
60.0,BackpressureStack,0,0.19999999999953388
60.0,BackpressureStack,0,0.19999999999953388
60.0,BackpressureStack,0,0.19999999999953388
60.0,BackpressureStack,0,0.20199999999952922
60.0,BackpressureStack,0,0.2059999999995199
60.0,BackpressureStack,0,0.2059999999995199
60.0,BackpressureStack,0,0.2189999999994896
60.0,BackpressureStack,0,0.2289999999994663
60.0,BackpressureStack,0,0.23699999999944765
60.0,BackpressureStack,0,0.24799999999942202
60.0,BackpressureStack,0,0.24899999999941969
60.0,BackpressureStack,0,0.2519999999994127
60.0,BackpressureStack,0,0.25299999999941036
60.0,BackpressureStack,0,0.0009999999999976694
60.0,BackpressureStack,0,0.0009999999999976694
60.0,BackpressureStack,0,0.0009999999999976694
60.0,BackpressureStack,0,0.0009999999999976694
60.0,BackpressureStack,0,0.001999999999995339
60.0,BackpressureStack,0,0.001999999999995339
60.0,BackpressureStack,0,0.0029999999999930083
60.0,BackpressureStack,0,0.003999999999990678
60.0,BackpressureStack,0,0.003999999999990678
60.0,BackpressureStack,0,0.003999999999990678
60.0,BackpressureStack,0,0.0059999999999860165
60.0,BackpressureStack,0,0.0059999999999860165
60.0,BackpressureStack,0,0.0059999999999860165
60.0,BackpressureStack,0,0.006999999999983686
60.0,BackpressureStack,0,0.006999999999983686
60.0,BackpressureStack,0,0.006999999999983686
60.0,BackpressureStack,0,0.006999999999983686
60.0,BackpressureStack,0,0.009999999999976694
60.0,BackpressureStack,0,0.010999999999974364
60.0,BackpressureStack,0,0.010999999999974364
60.0,BackpressureStack,0,0.010999999999974364
60.0,BackpressureStack,0,0.011999999999972033
60.0,BackpressureStack,0,0.013999999999967372
60.0,BackpressureStack,0,0.014999999999965041
60.0,BackpressureStack,0,0.01699999999996038
60.0,BackpressureStack,0,0.01899999999995572
60.0,BackpressureStack,0,0.020999999999951058
60.0,BackpressureStack,0,1.0279999999976042
60.0,BackpressureStack,0,0.028999999999932413
60.0,BackpressureStack,0,0.03399999999992076
60.0,BackpressureStack,0,0.03699999999991377
60.0,BackpressureStack,0,0.03699999999991377
60.0,BackpressureStack,0,0.03699999999991377
60.0,BackpressureStack,0,0.03899999999990911
60.0,BackpressureStack,0,0.03899999999990911
60.0,BackpressureStack,0,0.03899999999990911
60.0,BackpressureStack,0,0.042999999999899785
60.0,BackpressureStack,0,0.044999999999895124
60.0,BackpressureStack,0,0.04599999999989279
60.0,BackpressureStack,0,0.04699999999989046
60.0,BackpressureStack,0,0.04999999999988347
60.0,BackpressureStack,0,0.04999999999988347
60.0,BackpressureStack,0,0.04999999999988347
60.0,BackpressureStack,0,0.04999999999988347
60.0,BackpressureStack,0,0.05099999999988114
60.0,BackpressureStack,0,0.05099999999988114
60.0,BackpressureStack,0,0.05199999999987881
60.0,BackpressureStack,0,0.05499999999987182
60.0,BackpressureStack,0,0.05699999999986716
60.0,BackpressureStack,0,0.05699999999986716
60.0,BackpressureStack,0,0.05699999999986716
60.0,BackpressureStack,0,0.05699999999986716
60.0,BackpressureStack,0,0.058999999999862496
60.0,BackpressureStack,0,0.058999999999862496
60.0,BackpressureStack,0,0.060999999999857835
60.0,BackpressureStack,0,0.06599999999984618
60.0,BackpressureStack,0,0.06599999999984618
60.0,BackpressureStack,0,0.06599999999984618
60.0,BackpressureStack,0,0.06699999999984385
60.0,BackpressureStack,0,0.06699999999984385
60.0,BackpressureStack,0,0.06699999999984385
60.0,BackpressureStack,0,0.06699999999984385
60.0,BackpressureStack,0,0.06799999999984152
60.0,BackpressureStack,0,0.06799999999984152
60.0,BackpressureStack,0,0.06799999999984152
60.0,BackpressureStack,0,0.07399999999982754
60.0,BackpressureStack,0,0.07399999999982754
60.0,BackpressureStack,0,0.07399999999982754
60.0,BackpressureStack,0,0.0749999999998252
60.0,BackpressureStack,0,0.07599999999982288
60.0,BackpressureStack,0,0.07799999999981821
60.0,BackpressureStack,0,0.08099999999981122
60.0,BackpressureStack,0,0.08199999999980889
60.0,BackpressureStack,0,0.09399999999978093
60.0,BackpressureStack,0,0.09999999999976694
60.0,BackpressureStack,0,0.09999999999976694
60.0,BackpressureStack,0,0.10299999999975995
60.0,BackpressureStack,0,1.1029999999974294
60.0,BackpressureStack,0,1.10699999999742
60.0,BackpressureStack,0,0.1079999999997483
60.0,BackpressureStack,0,0.10899999999974597
60.0,BackpressureStack,0,0.11199999999973898
60.0,BackpressureStack,0,0.11299999999973664
60.0,BackpressureStack,0,0.11399999999973431
60.0,BackpressureStack,0,0.11499999999973198
60.0,BackpressureStack,0,0.13499999999968537
60.0,BackpressureStack,0,0.13799999999967838
60.0,BackpressureStack,0,0.13799999999967838
60.0,BackpressureStack,0,0.1799999999995805
60.0,BackpressureStack,0,0.1859999999995665
60.0,BackpressureStack,0,0.2219999999994826
60.0,BackpressureStack,0,0.27599999999935676
60.0,BackpressureStack,0,0.27899999999934977
60.0,BackpressureStack,0,0.3109999999992752
60.0,BackpressureStack,0,0.3339999999992216
60.0,BackpressureStack,0,0.33899999999920993
60.0,BackpressureStack,0,0.36199999999915633
60.0,BackpressureStack,0,0.37699999999912137
60.0,BackpressureStack,0,0.3929999999990841
60.0,BackpressureStack,0,0.4179999999990258
60.0,BackpressureStack,0,0.4219999999990165
60.0,BackpressureStack,0,0.4479999999989559
60.0,BackpressureStack,0,0.4509999999989489
60.0,BackpressureStack,0,0.47299999999889764
60.0,BackpressureStack,0,0.47299999999889764
60.0,BackpressureStack,0,0.4769999999988883
60.0,BackpressureStack,0,0.4769999999988883
60.0,BackpressureStack,0,0.49199999999885335
60.0,BackpressureStack,0,0.001999999999995339
60.0,BackpressureStack,0,0.0029999999999930083
60.0,BackpressureStack,0,0.0029999999999930083
60.0,BackpressureStack,0,0.004999999999988347
60.0,BackpressureStack,0,0.0059999999999860165
60.0,BackpressureStack,0,0.006999999999983686
60.0,BackpressureStack,0,0.006999999999983686
60.0,BackpressureStack,0,0.006999999999983686
60.0,BackpressureStack,0,0.008999999999979025
60.0,BackpressureStack,0,0.008999999999979025
60.0,BackpressureStack,0,0.009999999999976694
60.0,BackpressureStack,0,0.009999999999976694
60.0,BackpressureStack,0,0.009999999999976694
60.0,BackpressureStack,0,0.009999999999976694
60.0,BackpressureStack,0,0.011999999999972033
60.0,BackpressureStack,0,0.013999999999967372
60.0,BackpressureStack,0,0.01599999999996271
60.0,BackpressureStack,0,0.01699999999996038
60.0,BackpressureStack,0,0.01699999999996038
60.0,BackpressureStack,0,0.023999999999944066
60.0,BackpressureStack,0,0.024999999999941735
60.0,BackpressureStack,0,0.025999999999939405
60.0,BackpressureStack,0,0.026999999999937074
60.0,BackpressureStack,0,0.026999999999937074
60.0,BackpressureStack,0,0.026999999999937074
60.0,BackpressureStack,0,0.028999999999932413
60.0,BackpressureStack,0,0.029999999999930083
60.0,BackpressureStack,0,0.030999999999927752
60.0,BackpressureStack,0,0.030999999999927752
60.0,BackpressureStack,0,0.030999999999927752
60.0,BackpressureStack,0,0.03299999999992309
60.0,BackpressureStack,0,0.03499999999991843
60.0,BackpressureStack,0,0.0359999999999161
60.0,BackpressureStack,0,0.0359999999999161
60.0,BackpressureStack,0,0.0359999999999161
60.0,BackpressureStack,0,0.03699999999991377
60.0,BackpressureStack,0,0.03699999999991377
60.0,BackpressureStack,0,0.03699999999991377
60.0,BackpressureStack,0,0.03799999999991144
60.0,BackpressureStack,0,0.041999999999902116
60.0,BackpressureStack,0,0.042999999999899785
60.0,BackpressureStack,0,0.042999999999899785
60.0,BackpressureStack,0,0.043999999999897454
60.0,BackpressureStack,0,0.04599999999989279
60.0,BackpressureStack,0,0.04699999999989046
60.0,BackpressureStack,0,0.04699999999989046
60.0,BackpressureStack,0,0.04699999999989046
60.0,BackpressureStack,0,0.0489999999998858
60.0,BackpressureStack,0,0.05099999999988114
60.0,BackpressureStack,0,0.05099999999988114
60.0,BackpressureStack,0,0.05099999999988114
60.0,BackpressureStack,0,0.05099999999988114
60.0,BackpressureStack,0,0.05299999999987648
60.0,BackpressureStack,0,0.058999999999862496
60.0,BackpressureStack,0,0.059999999999860165
60.0,BackpressureStack,0,0.061999999999855504
60.0,BackpressureStack,0,0.061999999999855504
60.0,BackpressureStack,0,0.06299999999985317
60.0,BackpressureStack,0,0.06799999999984152
60.0,BackpressureStack,0,0.06799999999984152
60.0,BackpressureStack,0,0.06799999999984152
60.0,BackpressureStack,0,0.06799999999984152
60.0,BackpressureStack,0,0.06799999999984152
60.0,BackpressureStack,0,0.06899999999983919
60.0,BackpressureStack,0,0.07099999999983453
60.0,BackpressureStack,0,0.07299999999982987
60.0,BackpressureStack,0,0.0749999999998252
60.0,BackpressureStack,0,0.07599999999982288
60.0,BackpressureStack,0,0.0849999999998019
60.0,BackpressureStack,0,0.09199999999978559
60.0,BackpressureStack,0,0.10599999999975296
60.0,BackpressureStack,0,0.10599999999975296
60.0,BackpressureStack,0,0.12799999999970169
60.0,BackpressureStack,0,0.12799999999970169
60.0,BackpressureStack,0,0.12799999999970169
60.0,BackpressureStack,0,0.12999999999969702
60.0,BackpressureStack,0,0.1369999999996807
60.0,BackpressureStack,0,0.14199999999966906
60.0,BackpressureStack,0,0.14199999999966906
60.0,BackpressureStack,0,0.14199999999966906
60.0,BackpressureStack,0,0.14199999999966906
60.0,BackpressureStack,0,0.15199999999964575
60.0,BackpressureStack,0,0.15799999999963177
60.0,BackpressureStack,0,0.16099999999962478
60.0,BackpressureStack,0,0.17599999999958982
60.0,BackpressureStack,0,0.1769999999995875
60.0,BackpressureStack,0,0.1769999999995875
60.0,BackpressureStack,0,0.1769999999995875
60.0,BackpressureStack,0,0.1769999999995875
60.0,BackpressureStack,0,0.17799999999958516
60.0,BackpressureStack,0,0.17899999999958283
60.0,BackpressureStack,0,0.1829999999995735
60.0,BackpressureStack,0,0.19199999999955253
60.0,BackpressureStack,0,0.20799999999951524
60.0,BackpressureStack,0,0.2129999999995036
60.0,BackpressureStack,0,0.001999999999995339
60.0,BackpressureStack,0,0.001999999999995339
60.0,BackpressureStack,0,0.0029999999999930083
60.0,BackpressureStack,0,0.003999999999990678
60.0,BackpressureStack,0,0.003999999999990678
60.0,BackpressureStack,0,0.003999999999990678
60.0,BackpressureStack,0,0.003999999999990678
60.0,BackpressureStack,0,0.006999999999983686
60.0,BackpressureStack,0,0.008999999999979025
60.0,BackpressureStack,0,0.009999999999976694
60.0,BackpressureStack,0,0.009999999999976694
60.0,BackpressureStack,0,0.009999999999976694
60.0,BackpressureStack,0,0.009999999999976694
60.0,BackpressureStack,0,0.010999999999974364
60.0,BackpressureStack,0,0.010999999999974364
60.0,BackpressureStack,0,0.010999999999974364
60.0,BackpressureStack,0,0.013999999999967372
60.0,BackpressureStack,0,1.0149999999976345
60.0,BackpressureStack,0,0.014999999999965041
60.0,BackpressureStack,0,1.0159999999976321
60.0,BackpressureStack,0,0.01699999999996038
60.0,BackpressureStack,0,0.01799999999995805
60.0,BackpressureStack,0,0.01999999999995339
60.0,BackpressureStack,0,0.01999999999995339
60.0,BackpressureStack,0,0.01999999999995339
60.0,BackpressureStack,0,0.020999999999951058
60.0,BackpressureStack,0,0.020999999999951058
60.0,BackpressureStack,0,0.020999999999951058
60.0,BackpressureStack,0,0.020999999999951058
60.0,BackpressureStack,0,0.021999999999948727
60.0,BackpressureStack,0,0.022999999999946397
60.0,BackpressureStack,0,0.022999999999946397
60.0,BackpressureStack,0,0.022999999999946397
60.0,BackpressureStack,0,0.023999999999944066
60.0,BackpressureStack,0,0.026999999999937074
60.0,BackpressureStack,0,0.026999999999937074
60.0,BackpressureStack,0,0.029999999999930083
60.0,BackpressureStack,0,0.029999999999930083
60.0,BackpressureStack,0,0.03299999999992309
60.0,BackpressureStack,0,0.0359999999999161
60.0,BackpressureStack,0,0.03699999999991377
60.0,BackpressureStack,0,0.040999999999904446
60.0,BackpressureStack,0,0.044999999999895124
60.0,BackpressureStack,0,0.04599999999989279
60.0,BackpressureStack,0,0.04799999999988813
60.0,BackpressureStack,0,0.04799999999988813
60.0,BackpressureStack,0,0.05199999999987881
60.0,BackpressureStack,0,0.05199999999987881
60.0,BackpressureStack,0,0.05199999999987881
60.0,BackpressureStack,0,0.05499999999987182
60.0,BackpressureStack,0,0.05599999999986949
60.0,BackpressureStack,0,0.05599999999986949
60.0,BackpressureStack,0,0.05699999999986716
60.0,BackpressureStack,0,0.05699999999986716
60.0,BackpressureStack,0,0.057999999999864826
60.0,BackpressureStack,0,0.058999999999862496
60.0,BackpressureStack,0,0.060999999999857835
60.0,BackpressureStack,0,0.07399999999982754
60.0,BackpressureStack,0,0.08899999999979258
60.0,BackpressureStack,0,0.08899999999979258
60.0,BackpressureStack,0,0.09199999999978559
60.0,BackpressureStack,0,0.09199999999978559
60.0,BackpressureStack,0,0.0979999999997716
60.0,BackpressureStack,0,0.10099999999976461
60.0,BackpressureStack,0,0.11699999999972732
60.0,BackpressureStack,0,0.11699999999972732
60.0,BackpressureStack,0,0.12199999999971567
60.0,BackpressureStack,0,0.12399999999971101
60.0,BackpressureStack,0,0.12599999999970635
60.0,BackpressureStack,0,0.13799999999967838
60.0,BackpressureStack,0,0.1539999999996411
60.0,BackpressureStack,0,0.15499999999963876
60.0,BackpressureStack,0,0.15499999999963876
60.0,BackpressureStack,0,0.17099999999960147
60.0,BackpressureStack,0,0.17099999999960147
60.0,BackpressureStack,0,0.1799999999995805
60.0,BackpressureStack,0,0.21399999999950126
60.0,BackpressureStack,0,0.22499999999947562
60.0,BackpressureStack,0,0.22699999999947096
60.0,BackpressureStack,0,0.26999999999937074
60.0,BackpressureStack,0,0.3209999999992519
60.0,BackpressureStack,0,0.3209999999992519
60.0,BackpressureStack,0,0.32199999999924955
60.0,BackpressureStack,0,0.32199999999924955
60.0,BackpressureStack,0,0.32199999999924955
60.0,BackpressureStack,0,0.32199999999924955
60.0,BackpressureStack,0,0.3429999999992006
60.0,BackpressureStack,0,0.36099999999915866
60.0,BackpressureStack,0,0.36199999999915633
60.0,BackpressureStack,0,0.365999999999147
60.0,BackpressureStack,0,0.3789999999991167
60.0,BackpressureStack,0,0.3949999999990794
60.0,BackpressureStack,0,0.40099999999906544
60.0,BackpressureStack,0,0.4019999999990631
60.0,BackpressureStack,0,0.4029999999990608
60.0,BackpressureStack,0,0.4029999999990608
60.0,BackpressureStack,0,0.4029999999990608
60.0,BackpressureStack,0,0.4059999999990538
60.0,BackpressureStack,0,0.41099999999904213
60.0,BackpressureStack,0,0.41099999999904213
60.0,BackpressureStack,0,0.41099999999904213
60.0,BackpressureStack,0,0.41299999999903747
60.0,BackpressureStack,0,0.4209999999990188
60.0,BackpressureStack,0,0.4289999999990002
60.0,BackpressureStack,0,0.4289999999990002
60.0,BackpressureStack,0,0.4479999999989559
60.0,BackpressureStack,0,0.4609999999989256
60.0,BackpressureStack,0,0.48599999999886734
60.0,BackpressureStack,0,0.0009999999999976694
60.0,BackpressureStack,0,0.0009999999999976694
60.0,BackpressureStack,0,0.004999999999988347
60.0,BackpressureStack,0,0.004999999999988347
60.0,BackpressureStack,0,0.004999999999988347
60.0,BackpressureStack,0,0.0059999999999860165
60.0,BackpressureStack,0,0.0059999999999860165
60.0,BackpressureStack,0,0.006999999999983686
60.0,BackpressureStack,0,0.006999999999983686
60.0,BackpressureStack,0,0.008999999999979025
60.0,BackpressureStack,0,0.009999999999976694
60.0,BackpressureStack,0,0.009999999999976694
60.0,BackpressureStack,0,0.010999999999974364
60.0,BackpressureStack,0,0.010999999999974364
60.0,BackpressureStack,0,0.011999999999972033
60.0,BackpressureStack,0,0.013999999999967372
60.0,BackpressureStack,0,0.014999999999965041
60.0,BackpressureStack,0,0.01699999999996038
60.0,BackpressureStack,0,0.01899999999995572
60.0,BackpressureStack,0,0.01899999999995572
60.0,BackpressureStack,0,0.020999999999951058
60.0,BackpressureStack,0,0.022999999999946397
60.0,BackpressureStack,0,0.022999999999946397
60.0,BackpressureStack,0,0.022999999999946397
60.0,BackpressureStack,0,0.025999999999939405
60.0,BackpressureStack,0,0.026999999999937074
60.0,BackpressureStack,0,0.027999999999934744
60.0,BackpressureStack,0,0.027999999999934744
60.0,BackpressureStack,0,0.028999999999932413
60.0,BackpressureStack,0,0.029999999999930083
60.0,BackpressureStack,0,0.030999999999927752
60.0,BackpressureStack,0,0.03499999999991843
60.0,BackpressureStack,0,0.03699999999991377
60.0,BackpressureStack,0,0.03699999999991377
60.0,BackpressureStack,0,0.03699999999991377
60.0,BackpressureStack,0,0.03999999999990678
60.0,BackpressureStack,0,0.03999999999990678
60.0,BackpressureStack,0,0.041999999999902116
60.0,BackpressureStack,0,0.04799999999988813
60.0,BackpressureStack,0,0.04799999999988813
60.0,BackpressureStack,0,0.04999999999988347
60.0,BackpressureStack,0,0.05399999999987415
60.0,BackpressureStack,0,0.05399999999987415
60.0,BackpressureStack,0,0.05599999999986949
60.0,BackpressureStack,0,0.05599999999986949
60.0,BackpressureStack,0,0.05699999999986716
60.0,BackpressureStack,0,0.059999999999860165
60.0,BackpressureStack,0,0.06299999999985317
60.0,BackpressureStack,0,0.06499999999984851
60.0,BackpressureStack,0,0.06799999999984152
60.0,BackpressureStack,0,0.06899999999983919
60.0,BackpressureStack,0,0.07599999999982288
60.0,BackpressureStack,0,0.08399999999980423
60.0,BackpressureStack,0,0.0849999999998019
60.0,BackpressureStack,0,0.08599999999979957
60.0,BackpressureStack,0,0.08599999999979957
60.0,BackpressureStack,0,0.08699999999979724
60.0,BackpressureStack,0,0.08799999999979491
60.0,BackpressureStack,0,0.08799999999979491
60.0,BackpressureStack,0,0.09099999999978792
60.0,BackpressureStack,0,0.09099999999978792
60.0,BackpressureStack,0,0.09199999999978559
60.0,BackpressureStack,0,0.09199999999978559
60.0,BackpressureStack,0,0.09199999999978559
60.0,BackpressureStack,0,0.09199999999978559
60.0,BackpressureStack,0,0.0949999999997786
60.0,BackpressureStack,0,0.0949999999997786
60.0,BackpressureStack,0,0.09899999999976927
60.0,BackpressureStack,0,0.09999999999976694
60.0,BackpressureStack,0,0.09999999999976694
60.0,BackpressureStack,0,0.10499999999975529
60.0,BackpressureStack,0,0.1079999999997483
60.0,BackpressureStack,0,0.12299999999971334
60.0,BackpressureStack,0,0.12699999999970402
60.0,BackpressureStack,0,0.12799999999970169
60.0,BackpressureStack,0,0.12999999999969702
60.0,BackpressureStack,0,0.13799999999967838
60.0,BackpressureStack,0,0.14199999999966906
60.0,BackpressureStack,0,0.19899999999953621
60.0,BackpressureStack,0,0.19899999999953621
60.0,BackpressureStack,0,0.20199999999952922
60.0,BackpressureStack,0,0.20199999999952922
60.0,BackpressureStack,0,0.20999999999951058
60.0,BackpressureStack,0,0.21399999999950126
60.0,BackpressureStack,0,0.23599999999944998
60.0,BackpressureStack,0,0.250999999999415
60.0,BackpressureStack,0,0.2609999999993917
60.0,BackpressureStack,0,0.2609999999993917
60.0,BackpressureStack,0,0.2719999999993661
60.0,BackpressureStack,0,0.28899999999932646
60.0,BackpressureStack,0,0.2969999999993078
60.0,BackpressureStack,0,0.3199999999992542
60.0,BackpressureStack,0,0.32899999999923324
60.0,BackpressureStack,0,0.32899999999923324
60.0,BackpressureStack,0,0.32899999999923324
60.0,BackpressureStack,0,0.3309999999992286
60.0,BackpressureStack,0,0.0009999999999976694
60.0,BackpressureStack,0,0.0009999999999976694
60.0,BackpressureStack,0,0.001999999999995339
60.0,BackpressureStack,0,0.001999999999995339
60.0,BackpressureStack,0,0.001999999999995339
60.0,BackpressureStack,0,0.0029999999999930083
60.0,BackpressureStack,0,0.0029999999999930083
60.0,BackpressureStack,0,0.0029999999999930083
60.0,BackpressureStack,0,0.003999999999990678
60.0,BackpressureStack,0,0.003999999999990678
60.0,BackpressureStack,0,0.0059999999999860165
60.0,BackpressureStack,0,0.0059999999999860165
60.0,BackpressureStack,0,0.007999999999981355
60.0,BackpressureStack,0,0.007999999999981355
60.0,BackpressureStack,0,1.0079999999976508
60.0,BackpressureStack,0,0.011999999999972033
60.0,BackpressureStack,0,1.0129999999976391
60.0,BackpressureStack,0,0.013999999999967372
60.0,BackpressureStack,0,0.013999999999967372
60.0,BackpressureStack,0,0.014999999999965041
60.0,BackpressureStack,0,0.014999999999965041
60.0,BackpressureStack,0,0.014999999999965041
60.0,BackpressureStack,0,0.01599999999996271
60.0,BackpressureStack,0,0.01599999999996271
60.0,BackpressureStack,0,1.0179999999976275
60.0,BackpressureStack,0,1.0179999999976275
60.0,BackpressureStack,0,1.0179999999976275
60.0,BackpressureStack,0,0.01899999999995572
60.0,BackpressureStack,0,1.0199999999976228
60.0,BackpressureStack,0,1.0199999999976228
60.0,BackpressureStack,0,1.0199999999976228
60.0,BackpressureStack,0,1.0199999999976228
60.0,BackpressureStack,0,0.01999999999995339
60.0,BackpressureStack,0,0.020999999999951058
60.0,BackpressureStack,0,0.020999999999951058
60.0,BackpressureStack,0,0.021999999999948727
60.0,BackpressureStack,0,0.021999999999948727
60.0,BackpressureStack,0,0.021999999999948727
60.0,BackpressureStack,0,0.021999999999948727
60.0,BackpressureStack,0,0.021999999999948727
60.0,BackpressureStack,0,0.021999999999948727
60.0,BackpressureStack,0,0.021999999999948727
60.0,BackpressureStack,0,0.021999999999948727
60.0,BackpressureStack,0,0.022999999999946397
60.0,BackpressureStack,0,0.024999999999941735
60.0,BackpressureStack,0,0.024999999999941735
60.0,BackpressureStack,0,0.025999999999939405
60.0,BackpressureStack,0,0.025999999999939405
60.0,BackpressureStack,0,0.026999999999937074
60.0,BackpressureStack,0,0.026999999999937074
60.0,BackpressureStack,0,0.027999999999934744
60.0,BackpressureStack,0,0.028999999999932413
60.0,BackpressureStack,0,0.029999999999930083
60.0,BackpressureStack,0,0.029999999999930083
60.0,BackpressureStack,0,0.030999999999927752
60.0,BackpressureStack,0,0.03399999999992076
60.0,BackpressureStack,0,1.0349999999975878
60.0,BackpressureStack,0,0.0359999999999161
60.0,BackpressureStack,0,0.0359999999999161
60.0,BackpressureStack,0,0.03799999999991144
60.0,BackpressureStack,0,0.03899999999990911
60.0,BackpressureStack,0,0.03999999999990678
60.0,BackpressureStack,0,0.03999999999990678
60.0,BackpressureStack,0,0.041999999999902116
60.0,BackpressureStack,0,0.041999999999902116
60.0,BackpressureStack,0,0.042999999999899785
60.0,BackpressureStack,0,0.044999999999895124
60.0,BackpressureStack,0,0.04699999999989046
60.0,BackpressureStack,0,0.04699999999989046
60.0,BackpressureStack,0,0.04799999999988813
60.0,BackpressureStack,0,0.0489999999998858
60.0,BackpressureStack,0,0.04999999999988347
60.0,BackpressureStack,0,0.04999999999988347
60.0,BackpressureStack,0,0.05099999999988114
60.0,BackpressureStack,0,0.05099999999988114
60.0,BackpressureStack,0,0.05699999999986716
60.0,BackpressureStack,0,0.061999999999855504
60.0,BackpressureStack,0,0.07899999999981588
60.0,BackpressureStack,0,0.08299999999980656
60.0,BackpressureStack,0,1.0849999999974713
60.0,BackpressureStack,0,1.0849999999974713
60.0,BackpressureStack,0,0.0849999999998019
60.0,BackpressureStack,0,0.08699999999979724
60.0,BackpressureStack,0,0.08799999999979491
60.0,BackpressureStack,0,0.08899999999979258
60.0,BackpressureStack,0,0.09099999999978792
60.0,BackpressureStack,0,0.09599999999977626
60.0,BackpressureStack,0,0.10299999999975995
60.0,BackpressureStack,0,0.10299999999975995
60.0,BackpressureStack,0,0.10399999999975762
60.0,BackpressureStack,0,0.10699999999975063
60.0,BackpressureStack,0,0.1079999999997483
60.0,BackpressureStack,0,0.1109999999997413
60.0,BackpressureStack,0,0.11199999999973898
60.0,BackpressureStack,0,0.11199999999973898
60.0,BackpressureStack,0,0.11399999999973431
60.0,BackpressureStack,0,0.11399999999973431
60.0,BackpressureStack,0,0.11399999999973431
60.0,BackpressureStack,0,0.11899999999972266
60.0,BackpressureStack,0,0.11899999999972266
60.0,BackpressureStack,0,0.11899999999972266
60.0,BackpressureStack,0,0.11999999999972033
60.0,BackpressureStack,0,0.120999999999718
60.0,BackpressureStack,0,0.12699999999970402
60.0,BackpressureStack,0,0.12999999999969702
60.0,BackpressureStack,0,0.1469999999996574
60.0,BackpressureStack,0,0.14799999999965507
60.0,BackpressureStack,0,0.1539999999996411
60.0,BackpressureStack,0,0.1539999999996411
60.0,BackpressureStack,0,0.1539999999996411
60.0,BackpressureStack,0,0.1729999999995968
60.0,BackpressureStack,0,0.1729999999995968
60.0,BackpressureStack,0,0.1729999999995968
60.0,BackpressureStack,0,0.17399999999959448
60.0,BackpressureStack,0,0.17399999999959448
60.0,BackpressureStack,0,0.17399999999959448
60.0,BackpressureStack,0,0.17799999999958516
60.0,BackpressureStack,0,0.1799999999995805
60.0,BackpressureStack,0,0.1799999999995805
60.0,BackpressureStack,0,0.1799999999995805
60.0,BackpressureStack,0,0.18099999999957816
60.0,BackpressureStack,0,0.18099999999957816
60.0,BackpressureStack,0,0.20199999999952922
60.0,BackpressureStack,0,0.21799999999949193
60.0,BackpressureStack,0,0.22099999999948494
60.0,BackpressureStack,0,0.241999999999436
60.0,BackpressureStack,0,0.34099999999920527
60.0,BackpressureStack,0,0.3959999999990771
60.0,BackpressureStack,0,0.4019999999990631
60.0,BackpressureStack,0,0.42299999999901416
60.0,BackpressureStack,0,0.44599999999896056
60.0,BackpressureStack,0,0.477999999998886
60.0,BackpressureStack,0,0.50199999999883
60.0,BackpressureStack,0,0.50199999999883
60.0,BackpressureStack,0,0.50199999999883
60.0,BackpressureStack,0,0.50199999999883
60.0,BackpressureStack,0,0.5089999999988137
60.0,BackpressureStack,0,0.6209999999985527
60.0,BackpressureStack,0,0.6249999999985434
60.0,BackpressureStack,0,0.6249999999985434
60.0,BackpressureStack,0,0.6269999999985387
60.0,BackpressureStack,0,0.6299999999985317
60.0,BackpressureStack,0,0.6329999999985247
60.0,BackpressureStack,0,0.0029999999999930083
60.0,BackpressureStack,0,1.00399999999766
60.0,BackpressureStack,0,0.003999999999990678
60.0,BackpressureStack,0,0.003999999999990678
60.0,BackpressureStack,0,0.003999999999990678
60.0,BackpressureStack,0,0.004999999999988347
60.0,BackpressureStack,0,0.0059999999999860165
60.0,BackpressureStack,0,0.006999999999983686
60.0,BackpressureStack,0,0.006999999999983686
60.0,BackpressureStack,0,0.006999999999983686
60.0,BackpressureStack,0,0.008999999999979025
60.0,BackpressureStack,0,0.008999999999979025
60.0,BackpressureStack,0,0.009999999999976694
60.0,BackpressureStack,0,0.010999999999974364
60.0,BackpressureStack,0,0.010999999999974364
60.0,BackpressureStack,0,0.011999999999972033
60.0,BackpressureStack,0,0.011999999999972033
60.0,BackpressureStack,0,0.011999999999972033
60.0,BackpressureStack,0,0.011999999999972033
60.0,BackpressureStack,0,1.0119999999976415
60.0,BackpressureStack,0,0.011999999999972033
60.0,BackpressureStack,0,0.011999999999972033
60.0,BackpressureStack,0,0.01599999999996271
60.0,BackpressureStack,0,0.01599999999996271
60.0,BackpressureStack,0,0.01699999999996038
60.0,BackpressureStack,0,0.01699999999996038
60.0,BackpressureStack,0,0.01699999999996038
60.0,BackpressureStack,0,0.01799999999995805
60.0,BackpressureStack,0,0.01899999999995572
60.0,BackpressureStack,0,0.01899999999995572
60.0,BackpressureStack,0,0.01999999999995339
60.0,BackpressureStack,0,0.020999999999951058
60.0,BackpressureStack,0,0.020999999999951058
60.0,BackpressureStack,0,0.020999999999951058
60.0,BackpressureStack,0,0.021999999999948727
60.0,BackpressureStack,0,0.022999999999946397
60.0,BackpressureStack,0,0.022999999999946397
60.0,BackpressureStack,0,0.023999999999944066
60.0,BackpressureStack,0,0.026999999999937074
60.0,BackpressureStack,0,1.0289999999976018
60.0,BackpressureStack,0,0.028999999999932413
60.0,BackpressureStack,0,0.030999999999927752
60.0,BackpressureStack,0,0.030999999999927752
60.0,BackpressureStack,0,0.030999999999927752
60.0,BackpressureStack,0,0.03199999999992542
60.0,BackpressureStack,0,0.03299999999992309
60.0,BackpressureStack,0,0.03399999999992076
60.0,BackpressureStack,0,1.0369999999975832
60.0,BackpressureStack,0,0.03899999999990911
60.0,BackpressureStack,0,0.03899999999990911
60.0,BackpressureStack,0,0.03899999999990911
60.0,BackpressureStack,0,0.041999999999902116
60.0,BackpressureStack,0,0.042999999999899785
60.0,BackpressureStack,0,0.043999999999897454
60.0,BackpressureStack,0,1.0439999999975669
60.0,BackpressureStack,0,0.043999999999897454
60.0,BackpressureStack,0,0.044999999999895124
60.0,BackpressureStack,0,0.04799999999988813
60.0,BackpressureStack,0,0.05099999999988114
60.0,BackpressureStack,0,0.05199999999987881
60.0,BackpressureStack,0,0.05199999999987881
60.0,BackpressureStack,0,0.05299999999987648
60.0,BackpressureStack,0,0.05599999999986949
60.0,BackpressureStack,0,0.06499999999984851
60.0,BackpressureStack,0,0.07299999999982987
60.0,BackpressureStack,0,0.07299999999982987
60.0,BackpressureStack,0,0.07299999999982987
60.0,BackpressureStack,0,0.07899999999981588
60.0,BackpressureStack,0,0.07899999999981588
60.0,BackpressureStack,0,0.07899999999981588
60.0,BackpressureStack,0,0.08299999999980656
60.0,BackpressureStack,0,0.08299999999980656
60.0,BackpressureStack,0,0.08599999999979957
60.0,BackpressureStack,0,1.088999999997462
60.0,BackpressureStack,0,0.09299999999978326
60.0,BackpressureStack,0,0.09699999999977393
60.0,BackpressureStack,0,0.09999999999976694
60.0,BackpressureStack,0,0.09999999999976694
60.0,BackpressureStack,0,0.09999999999976694
60.0,BackpressureStack,0,0.1109999999997413
60.0,BackpressureStack,0,0.1109999999997413
60.0,BackpressureStack,0,0.1109999999997413
60.0,BackpressureStack,0,0.11399999999973431
60.0,BackpressureStack,0,0.11399999999973431
60.0,BackpressureStack,0,0.11399999999973431
60.0,BackpressureStack,0,0.13299999999969003
60.0,BackpressureStack,0,0.13299999999969003
60.0,BackpressureStack,0,0.13599999999968304
60.0,BackpressureStack,0,0.13799999999967838
60.0,BackpressureStack,0,0.13799999999967838
60.0,BackpressureStack,0,0.1409999999996714
60.0,BackpressureStack,0,0.14499999999966207
60.0,BackpressureStack,0,0.1469999999996574
60.0,BackpressureStack,0,0.1469999999996574
60.0,BackpressureStack,0,0.15199999999964575
60.0,BackpressureStack,0,0.15499999999963876
60.0,BackpressureStack,0,0.1669999999996108
60.0,BackpressureStack,0,0.1769999999995875
60.0,BackpressureStack,0,0.17799999999958516
60.0,BackpressureStack,0,0.18099999999957816
60.0,BackpressureStack,0,0.18199999999957583
60.0,BackpressureStack,0,0.18899999999955952
60.0,BackpressureStack,0,0.19099999999955486
60.0,BackpressureStack,0,0.001999999999995339
60.0,BackpressureStack,0,0.001999999999995339
60.0,BackpressureStack,0,0.0029999999999930083
60.0,BackpressureStack,0,0.003999999999990678
60.0,BackpressureStack,0,0.003999999999990678
60.0,BackpressureStack,0,0.004999999999988347
60.0,BackpressureStack,0,0.004999999999988347
60.0,BackpressureStack,0,0.004999999999988347
60.0,BackpressureStack,0,0.010999999999974364
60.0,BackpressureStack,0,0.010999999999974364
60.0,BackpressureStack,0,0.010999999999974364
60.0,BackpressureStack,0,0.010999999999974364
60.0,BackpressureStack,0,0.010999999999974364
60.0,BackpressureStack,0,0.010999999999974364
60.0,BackpressureStack,0,0.010999999999974364
60.0,BackpressureStack,0,0.012999999999969702
60.0,BackpressureStack,0,0.012999999999969702
60.0,BackpressureStack,0,0.01599999999996271
60.0,BackpressureStack,0,0.01699999999996038
60.0,BackpressureStack,0,0.01699999999996038
60.0,BackpressureStack,0,0.01699999999996038
60.0,BackpressureStack,0,0.01699999999996038
60.0,BackpressureStack,0,0.01799999999995805
60.0,BackpressureStack,0,0.01799999999995805
60.0,BackpressureStack,0,0.01899999999995572
60.0,BackpressureStack,0,0.022999999999946397
60.0,BackpressureStack,0,0.022999999999946397
60.0,BackpressureStack,0,0.024999999999941735
60.0,BackpressureStack,0,1.0259999999976088
60.0,BackpressureStack,0,1.0259999999976088
60.0,BackpressureStack,0,0.03199999999992542
60.0,BackpressureStack,0,0.03299999999992309
60.0,BackpressureStack,0,1.0329999999975925
60.0,BackpressureStack,0,0.03499999999991843
60.0,BackpressureStack,0,0.03499999999991843
60.0,BackpressureStack,0,0.03699999999991377
60.0,BackpressureStack,0,0.03699999999991377
60.0,BackpressureStack,0,0.03799999999991144
60.0,BackpressureStack,0,0.040999999999904446
60.0,BackpressureStack,0,0.044999999999895124
60.0,BackpressureStack,0,0.04599999999989279
60.0,BackpressureStack,0,0.04699999999989046
60.0,BackpressureStack,0,0.04799999999988813
60.0,BackpressureStack,0,1.0489999999975552
60.0,BackpressureStack,0,0.05099999999988114
60.0,BackpressureStack,0,0.05099999999988114
60.0,BackpressureStack,0,0.05299999999987648
60.0,BackpressureStack,0,0.05499999999987182
60.0,BackpressureStack,0,0.05499999999987182
60.0,BackpressureStack,0,0.05699999999986716
60.0,BackpressureStack,0,0.05699999999986716
60.0,BackpressureStack,0,0.060999999999857835
60.0,BackpressureStack,0,0.06399999999985084
60.0,BackpressureStack,0,0.06699999999984385
60.0,BackpressureStack,0,0.06999999999983686
60.0,BackpressureStack,0,0.06999999999983686
60.0,BackpressureStack,0,1.0729999999974993
60.0,BackpressureStack,0,0.07599999999982288
60.0,BackpressureStack,0,0.08299999999980656
60.0,BackpressureStack,0,0.08299999999980656
60.0,BackpressureStack,0,0.08299999999980656
60.0,BackpressureStack,0,0.08399999999980423
60.0,BackpressureStack,0,0.08399999999980423
60.0,BackpressureStack,0,0.08399999999980423
60.0,BackpressureStack,0,0.08799999999979491
60.0,BackpressureStack,0,0.08799999999979491
60.0,BackpressureStack,0,0.08999999999979025
60.0,BackpressureStack,0,0.08999999999979025
60.0,BackpressureStack,0,0.09199999999978559
60.0,BackpressureStack,0,0.0949999999997786
60.0,BackpressureStack,0,0.09599999999977626
60.0,BackpressureStack,0,0.09599999999977626
60.0,BackpressureStack,0,0.10099999999976461
60.0,BackpressureStack,0,0.11299999999973664
60.0,BackpressureStack,0,0.11299999999973664
60.0,BackpressureStack,0,0.12199999999971567
60.0,BackpressureStack,0,0.1309999999996947
60.0,BackpressureStack,0,0.1309999999996947
60.0,BackpressureStack,0,0.1309999999996947
60.0,BackpressureStack,0,0.13899999999967605
60.0,BackpressureStack,0,0.16199999999962245
60.0,BackpressureStack,0,0.16199999999962245
60.0,BackpressureStack,0,0.16799999999960846
60.0,BackpressureStack,0,0.17199999999959914
60.0,BackpressureStack,0,0.1729999999995968
60.0,BackpressureStack,0,0.1769999999995875
60.0,BackpressureStack,0,0.1769999999995875
60.0,BackpressureStack,0,0.18099999999957816
60.0,BackpressureStack,0,0.18199999999957583
60.0,BackpressureStack,0,0.18199999999957583
60.0,BackpressureStack,0,0.18199999999957583
60.0,BackpressureStack,0,0.18699999999956418
60.0,BackpressureStack,0,0.18699999999956418
60.0,BackpressureStack,0,0.18699999999956418
60.0,BackpressureStack,0,0.19399999999954787
60.0,BackpressureStack,0,0.20399999999952456
60.0,BackpressureStack,0,0.2089999999995129
60.0,BackpressureStack,0,0.21799999999949193
60.0,BackpressureStack,0,0.2189999999994896
60.0,BackpressureStack,0,0.2219999999994826
60.0,BackpressureStack,0,0.22399999999947795
60.0,BackpressureStack,0,0.22399999999947795
60.0,BackpressureStack,0,0.23299999999945697
60.0,BackpressureStack,0,0.23699999999944765
60.0,BackpressureStack,0,0.24599999999942668
60.0,BackpressureStack,0,0.2589999999993964
60.0,BackpressureStack,0,0.25999999999939405
60.0,BackpressureStack,0,0.28899999999932646
60.0,BackpressureStack,0,0.2969999999993078
60.0,BackpressureStack,0,0.30599999999928684
60.0,BackpressureStack,0,0.3329999999992239
60.0,BackpressureStack,0,0.34099999999920527
60.0,BackpressureStack,0,0.3589999999991633
60.0,BackpressureStack,0,0.3589999999991633
60.0,BackpressureStack,0,0.36499999999914934
60.0,BackpressureStack,0,0.42299999999901416
60.0,BackpressureStack,0,0.0009999999999976694
60.0,BackpressureStack,0,0.001999999999995339
60.0,BackpressureStack,0,0.0029999999999930083
60.0,BackpressureStack,0,0.0029999999999930083
60.0,BackpressureStack,0,0.003999999999990678
60.0,BackpressureStack,0,0.0059999999999860165
60.0,BackpressureStack,0,0.007999999999981355
60.0,BackpressureStack,0,0.008999999999979025
60.0,BackpressureStack,0,0.008999999999979025
60.0,BackpressureStack,0,0.009999999999976694
60.0,BackpressureStack,0,0.009999999999976694
60.0,BackpressureStack,0,0.009999999999976694
60.0,BackpressureStack,0,0.009999999999976694
60.0,BackpressureStack,0,0.010999999999974364
60.0,BackpressureStack,0,0.010999999999974364
60.0,BackpressureStack,0,0.011999999999972033
60.0,BackpressureStack,0,0.011999999999972033
60.0,BackpressureStack,0,0.012999999999969702
60.0,BackpressureStack,0,0.012999999999969702
60.0,BackpressureStack,0,0.012999999999969702
60.0,BackpressureStack,0,0.012999999999969702
60.0,BackpressureStack,0,0.013999999999967372
60.0,BackpressureStack,0,0.01599999999996271
60.0,BackpressureStack,0,0.01599999999996271
60.0,BackpressureStack,0,0.01599999999996271
60.0,BackpressureStack,0,0.01599999999996271
60.0,BackpressureStack,0,0.01799999999995805
60.0,BackpressureStack,0,0.01899999999995572
60.0,BackpressureStack,0,0.01999999999995339
60.0,BackpressureStack,0,0.01999999999995339
60.0,BackpressureStack,0,0.01999999999995339
60.0,BackpressureStack,0,0.01999999999995339
60.0,BackpressureStack,0,0.024999999999941735
60.0,BackpressureStack,0,0.024999999999941735
60.0,BackpressureStack,0,0.024999999999941735
60.0,BackpressureStack,0,0.024999999999941735
60.0,BackpressureStack,0,0.030999999999927752
60.0,BackpressureStack,0,0.03199999999992542
60.0,BackpressureStack,0,0.03199999999992542
60.0,BackpressureStack,0,0.0359999999999161
60.0,BackpressureStack,0,1.0359999999975855
60.0,BackpressureStack,0,1.0359999999975855
60.0,BackpressureStack,0,1.0359999999975855
60.0,BackpressureStack,0,1.0369999999975832
60.0,BackpressureStack,0,0.041999999999902116
60.0,BackpressureStack,0,0.043999999999897454
60.0,BackpressureStack,0,0.043999999999897454
60.0,BackpressureStack,0,0.043999999999897454
60.0,BackpressureStack,0,0.043999999999897454
60.0,BackpressureStack,0,1.0439999999975669
60.0,BackpressureStack,0,0.044999999999895124
60.0,BackpressureStack,0,0.04799999999988813
60.0,BackpressureStack,0,0.04799999999988813
60.0,BackpressureStack,0,0.0489999999998858
60.0,BackpressureStack,0,0.0489999999998858
60.0,BackpressureStack,0,0.05099999999988114
60.0,BackpressureStack,0,0.05199999999987881
60.0,BackpressureStack,0,0.05399999999987415
60.0,BackpressureStack,0,0.057999999999864826
60.0,BackpressureStack,0,0.057999999999864826
60.0,BackpressureStack,0,0.057999999999864826
60.0,BackpressureStack,0,0.059999999999860165
60.0,BackpressureStack,0,0.061999999999855504
60.0,BackpressureStack,0,0.06399999999985084
60.0,BackpressureStack,0,0.06999999999983686
60.0,BackpressureStack,0,0.06999999999983686
60.0,BackpressureStack,0,0.06999999999983686
60.0,BackpressureStack,0,0.07099999999983453
60.0,BackpressureStack,0,0.07599999999982288
60.0,BackpressureStack,0,0.07899999999981588
60.0,BackpressureStack,0,0.09599999999977626
60.0,BackpressureStack,0,0.09699999999977393
60.0,BackpressureStack,0,0.09699999999977393
60.0,BackpressureStack,0,0.0979999999997716
60.0,BackpressureStack,0,0.0979999999997716
60.0,BackpressureStack,0,0.0979999999997716
60.0,BackpressureStack,0,0.09999999999976694
60.0,BackpressureStack,0,0.10299999999975995
60.0,BackpressureStack,0,0.10299999999975995
60.0,BackpressureStack,0,0.10499999999975529
60.0,BackpressureStack,0,0.10699999999975063
60.0,BackpressureStack,0,0.10699999999975063
60.0,BackpressureStack,0,0.1079999999997483
60.0,BackpressureStack,0,0.1079999999997483
60.0,BackpressureStack,0,0.1109999999997413
60.0,BackpressureStack,0,0.11399999999973431
60.0,BackpressureStack,0,0.11499999999973198
60.0,BackpressureStack,0,0.11499999999973198
60.0,BackpressureStack,0,0.11599999999972965
60.0,BackpressureStack,0,0.11599999999972965
60.0,BackpressureStack,0,0.11799999999972499
60.0,BackpressureStack,0,0.11999999999972033
60.0,BackpressureStack,0,0.11999999999972033
60.0,BackpressureStack,0,0.120999999999718
60.0,BackpressureStack,0,0.12399999999971101
60.0,BackpressureStack,0,0.12799999999970169
60.0,BackpressureStack,0,0.1309999999996947
60.0,BackpressureStack,0,0.13299999999969003
60.0,BackpressureStack,0,0.1409999999996714
60.0,BackpressureStack,0,0.1439999999996644
60.0,BackpressureStack,0,0.1439999999996644
60.0,BackpressureStack,0,0.14799999999965507
60.0,BackpressureStack,0,0.16399999999961778
60.0,BackpressureStack,0,0.19199999999955253
60.0,BackpressureStack,0,0.19199999999955253
60.0,BackpressureStack,0,0.19199999999955253
60.0,BackpressureStack,0,0.19199999999955253
60.0,BackpressureStack,0,0.19199999999955253
60.0,BackpressureStack,0,0.23599999999944998
60.0,BackpressureStack,0,0.23599999999944998
60.0,BackpressureStack,0,0.23599999999944998
60.0,BackpressureStack,0,0.23699999999944765
60.0,BackpressureStack,0,0.241999999999436
60.0,BackpressureStack,0,0.24999999999941735
60.0,BackpressureStack,0,0.250999999999415
60.0,BackpressureStack,0,0.2709999999993684
60.0,BackpressureStack,0,0.2709999999993684
60.0,BackpressureStack,0,0.2719999999993661
60.0,BackpressureStack,0,0.2719999999993661
60.0,BackpressureStack,0,0.2719999999993661
60.0,BackpressureStack,0,0.2719999999993661
60.0,BackpressureStack,0,0.2909999999993218
60.0,BackpressureStack,0,0.29199999999931947
60.0,BackpressureStack,0,0.30299999999929383
60.0,BackpressureStack,0,0.30299999999929383
60.0,BackpressureStack,0,0.3039999999992915
60.0,BackpressureStack,0,0.3049999999992892
60.0,BackpressureStack,0,0.3069999999992845
60.0,BackpressureStack,0,0.3099999999992775
60.0,BackpressureStack,0,0.32899999999923324
60.0,BackpressureStack,0,0.32899999999923324
60.0,BackpressureStack,0,0.3299999999992309
60.0,BackpressureStack,0,0.33199999999922625
60.0,BackpressureStack,0,0.33499999999921926
60.0,BackpressureStack,0,0.33899999999920993
60.0,BackpressureStack,0,0.33899999999920993
60.0,BackpressureStack,0,0.34799999999918896
60.0,BackpressureStack,0,0.36099999999915866
60.0,BackpressureStack,0,0.36799999999914235
60.0,BackpressureStack,0,0.36799999999914235
60.0,BackpressureStack,0,0.37399999999912836
60.0,BackpressureStack,0,0.38799999999909573
60.0,BackpressureStack,0,0.3899999999990911
60.0,BackpressureStack,0,0.3989999999990701
60.0,BackpressureStack,0,0.4119999999990398
60.0,BackpressureStack,0,0.4179999999990258
60.0,BackpressureStack,0,0.001999999999995339
60.0,BackpressureStack,0,0.0029999999999930083
60.0,BackpressureStack,0,0.0029999999999930083
60.0,BackpressureStack,0,0.0029999999999930083
60.0,BackpressureStack,0,0.003999999999990678
60.0,BackpressureStack,0,0.004999999999988347
60.0,BackpressureStack,0,0.004999999999988347
60.0,BackpressureStack,0,0.004999999999988347
60.0,BackpressureStack,0,0.004999999999988347
60.0,BackpressureStack,0,0.0059999999999860165
60.0,BackpressureStack,0,0.0059999999999860165
60.0,BackpressureStack,0,0.006999999999983686
60.0,BackpressureStack,0,0.007999999999981355
60.0,BackpressureStack,0,0.007999999999981355
60.0,BackpressureStack,0,0.008999999999979025
60.0,BackpressureStack,0,0.009999999999976694
60.0,BackpressureStack,0,0.009999999999976694
60.0,BackpressureStack,0,0.010999999999974364
60.0,BackpressureStack,0,0.010999999999974364
60.0,BackpressureStack,0,0.011999999999972033
60.0,BackpressureStack,0,0.011999999999972033
60.0,BackpressureStack,0,0.012999999999969702
60.0,BackpressureStack,0,0.012999999999969702
60.0,BackpressureStack,0,0.012999999999969702
60.0,BackpressureStack,0,0.014999999999965041
60.0,BackpressureStack,0,0.014999999999965041
60.0,BackpressureStack,0,0.014999999999965041
60.0,BackpressureStack,0,0.01599999999996271
60.0,BackpressureStack,0,0.01999999999995339
60.0,BackpressureStack,0,0.020999999999951058
60.0,BackpressureStack,0,0.022999999999946397
60.0,BackpressureStack,0,0.023999999999944066
60.0,BackpressureStack,0,0.03399999999992076
60.0,BackpressureStack,0,0.03699999999991377
60.0,BackpressureStack,0,0.03899999999990911
60.0,BackpressureStack,0,0.03899999999990911
60.0,BackpressureStack,0,0.03899999999990911
60.0,BackpressureStack,0,0.041999999999902116
60.0,BackpressureStack,0,0.04699999999989046
60.0,BackpressureStack,0,0.04999999999988347
60.0,BackpressureStack,0,0.05499999999987182
60.0,BackpressureStack,0,0.06299999999985317
60.0,BackpressureStack,0,0.06299999999985317
60.0,BackpressureStack,0,0.06299999999985317
60.0,BackpressureStack,0,0.06299999999985317
60.0,BackpressureStack,0,0.06999999999983686
60.0,BackpressureStack,0,0.07299999999982987
60.0,BackpressureStack,0,0.0749999999998252
60.0,BackpressureStack,0,1.0759999999974923
60.0,BackpressureStack,0,1.0759999999974923
60.0,BackpressureStack,0,1.07699999999749
60.0,BackpressureStack,0,0.07899999999981588
60.0,BackpressureStack,0,0.07899999999981588
60.0,BackpressureStack,0,0.08199999999980889
60.0,BackpressureStack,0,0.08299999999980656
60.0,BackpressureStack,0,0.09299999999978326
60.0,BackpressureStack,0,0.09299999999978326
60.0,BackpressureStack,0,0.09399999999978093
60.0,BackpressureStack,0,0.09399999999978093
60.0,BackpressureStack,0,0.09599999999977626
60.0,BackpressureStack,0,0.09599999999977626
60.0,BackpressureStack,0,0.09899999999976927
60.0,BackpressureStack,0,0.09899999999976927
60.0,BackpressureStack,0,0.1079999999997483
60.0,BackpressureStack,0,0.11799999999972499
60.0,BackpressureStack,0,0.11799999999972499
60.0,BackpressureStack,0,0.11899999999972266
60.0,BackpressureStack,0,0.12399999999971101
60.0,BackpressureStack,0,0.12599999999970635
60.0,BackpressureStack,0,0.12599999999970635
60.0,BackpressureStack,0,0.12899999999969936
60.0,BackpressureStack,0,0.12899999999969936
60.0,BackpressureStack,0,0.13299999999969003
60.0,BackpressureStack,0,0.13299999999969003
60.0,BackpressureStack,0,0.1339999999996877
60.0,BackpressureStack,0,0.1409999999996714
60.0,BackpressureStack,0,0.15199999999964575
60.0,BackpressureStack,0,0.15199999999964575
60.0,BackpressureStack,0,0.15599999999963643
60.0,BackpressureStack,0,0.16899999999960613
60.0,BackpressureStack,0,0.17499999999959215
60.0,BackpressureStack,0,0.17499999999959215
60.0,BackpressureStack,0,0.17499999999959215
60.0,BackpressureStack,0,0.17799999999958516
60.0,BackpressureStack,0,0.1799999999995805
60.0,BackpressureStack,0,0.1799999999995805
60.0,BackpressureStack,0,0.18499999999956884
60.0,BackpressureStack,0,0.19999999999953388
60.0,BackpressureStack,0,0.20199999999952922
60.0,BackpressureStack,0,0.2029999999995269
60.0,BackpressureStack,0,0.2029999999995269
60.0,BackpressureStack,0,0.20699999999951757
60.0,BackpressureStack,0,0.21799999999949193
60.0,BackpressureStack,0,0.22299999999948028
60.0,BackpressureStack,0,0.2259999999994733
60.0,BackpressureStack,0,0.2289999999994663
60.0,BackpressureStack,0,0.2289999999994663
60.0,BackpressureStack,0,0.27599999999935676
60.0,BackpressureStack,0,0.2839999999993381
60.0,BackpressureStack,0,0.001999999999995339
60.0,BackpressureStack,0,0.001999999999995339
60.0,BackpressureStack,0,0.003999999999990678
60.0,BackpressureStack,0,0.003999999999990678
60.0,BackpressureStack,0,0.004999999999988347
60.0,BackpressureStack,0,0.004999999999988347
60.0,BackpressureStack,0,0.004999999999988347
60.0,BackpressureStack,0,0.0059999999999860165
60.0,BackpressureStack,0,0.0059999999999860165
60.0,BackpressureStack,0,0.0059999999999860165
60.0,BackpressureStack,0,0.0059999999999860165
60.0,BackpressureStack,0,0.006999999999983686
60.0,BackpressureStack,0,0.006999999999983686
60.0,BackpressureStack,0,0.006999999999983686
60.0,BackpressureStack,0,0.007999999999981355
60.0,BackpressureStack,0,0.007999999999981355
60.0,BackpressureStack,0,0.008999999999979025
60.0,BackpressureStack,0,0.008999999999979025
60.0,BackpressureStack,0,0.008999999999979025
60.0,BackpressureStack,0,0.008999999999979025
60.0,BackpressureStack,0,0.008999999999979025
60.0,BackpressureStack,0,0.010999999999974364
60.0,BackpressureStack,0,0.010999999999974364
60.0,BackpressureStack,0,0.010999999999974364
60.0,BackpressureStack,0,0.011999999999972033
60.0,BackpressureStack,0,0.012999999999969702
60.0,BackpressureStack,0,0.012999999999969702
60.0,BackpressureStack,0,0.013999999999967372
60.0,BackpressureStack,0,0.013999999999967372
60.0,BackpressureStack,0,0.013999999999967372
60.0,BackpressureStack,0,0.013999999999967372
60.0,BackpressureStack,0,0.014999999999965041
60.0,BackpressureStack,0,0.01599999999996271
60.0,BackpressureStack,0,0.01599999999996271
60.0,BackpressureStack,0,0.01599999999996271
60.0,BackpressureStack,0,0.01599999999996271
60.0,BackpressureStack,0,0.01699999999996038
60.0,BackpressureStack,0,0.01699999999996038
60.0,BackpressureStack,0,0.01699999999996038
60.0,BackpressureStack,0,0.01699999999996038
60.0,BackpressureStack,0,0.01699999999996038
60.0,BackpressureStack,0,0.01799999999995805
60.0,BackpressureStack,0,0.01799999999995805
60.0,BackpressureStack,0,0.01999999999995339
60.0,BackpressureStack,0,0.01999999999995339
60.0,BackpressureStack,0,0.01999999999995339
60.0,BackpressureStack,0,0.020999999999951058
60.0,BackpressureStack,0,0.020999999999951058
60.0,BackpressureStack,0,0.021999999999948727
60.0,BackpressureStack,0,0.021999999999948727
60.0,BackpressureStack,0,0.022999999999946397
60.0,BackpressureStack,0,0.022999999999946397
60.0,BackpressureStack,0,0.025999999999939405
60.0,BackpressureStack,0,0.026999999999937074
60.0,BackpressureStack,0,0.026999999999937074
60.0,BackpressureStack,0,0.027999999999934744
60.0,BackpressureStack,0,0.027999999999934744
60.0,BackpressureStack,0,0.027999999999934744
60.0,BackpressureStack,0,0.029999999999930083
60.0,BackpressureStack,0,0.030999999999927752
60.0,BackpressureStack,0,0.030999999999927752
60.0,BackpressureStack,0,0.03299999999992309
60.0,BackpressureStack,0,0.03299999999992309
60.0,BackpressureStack,0,0.0359999999999161
60.0,BackpressureStack,0,0.0359999999999161
60.0,BackpressureStack,0,0.03699999999991377
60.0,BackpressureStack,0,0.03899999999990911
60.0,BackpressureStack,0,0.03899999999990911
60.0,BackpressureStack,0,0.040999999999904446
60.0,BackpressureStack,0,0.041999999999902116
60.0,BackpressureStack,0,0.041999999999902116
60.0,BackpressureStack,0,0.0489999999998858
60.0,BackpressureStack,0,0.0489999999998858
60.0,BackpressureStack,0,0.05699999999986716
60.0,BackpressureStack,0,0.05699999999986716
60.0,BackpressureStack,0,0.057999999999864826
60.0,BackpressureStack,0,0.057999999999864826
60.0,BackpressureStack,0,0.057999999999864826
60.0,BackpressureStack,0,0.057999999999864826
60.0,BackpressureStack,0,0.06399999999985084
60.0,BackpressureStack,0,0.06399999999985084
60.0,BackpressureStack,0,0.06399999999985084
60.0,BackpressureStack,0,0.07399999999982754
60.0,BackpressureStack,0,0.0749999999998252
60.0,BackpressureStack,0,0.0749999999998252
60.0,BackpressureStack,0,0.07999999999981355
60.0,BackpressureStack,0,0.08799999999979491
60.0,BackpressureStack,0,0.08799999999979491
60.0,BackpressureStack,0,0.08799999999979491
60.0,BackpressureStack,0,0.08899999999979258
60.0,BackpressureStack,0,0.09299999999978326
60.0,BackpressureStack,0,0.09299999999978326
60.0,BackpressureStack,0,0.0949999999997786
60.0,BackpressureStack,0,0.0949999999997786
60.0,BackpressureStack,0,0.0949999999997786
60.0,BackpressureStack,0,0.09599999999977626
60.0,BackpressureStack,0,0.09599999999977626
60.0,BackpressureStack,0,0.09599999999977626
60.0,BackpressureStack,0,0.10199999999976228
60.0,BackpressureStack,0,0.10499999999975529
60.0,BackpressureStack,0,0.10499999999975529
60.0,BackpressureStack,0,0.1079999999997483
60.0,BackpressureStack,0,0.10999999999974364
60.0,BackpressureStack,0,0.12199999999971567
60.0,BackpressureStack,0,0.1699999999996038
60.0,BackpressureStack,0,0.17099999999960147
60.0,BackpressureStack,0,0.17099999999960147
60.0,BackpressureStack,0,0.17499999999959215
60.0,BackpressureStack,0,0.18399999999957117
60.0,BackpressureStack,0,0.2059999999995199
60.0,BackpressureStack,0,0.2129999999995036
60.0,BackpressureStack,0,0.23099999999946164
60.0,BackpressureStack,0,0.23599999999944998
60.0,BackpressureStack,0,0.241999999999436
60.0,BackpressureStack,0,0.24799999999942202
60.0,BackpressureStack,0,0.24999999999941735
60.0,BackpressureStack,0,0.250999999999415
60.0,BackpressureStack,0,0.25699999999940104
60.0,BackpressureStack,0,0.26299999999938706
60.0,BackpressureStack,0,0.2679999999993754
60.0,BackpressureStack,0,0.2739999999993614
60.0,BackpressureStack,0,0.27699999999935443
60.0,BackpressureStack,0,0.2809999999993451
60.0,BackpressureStack,0,0.2819999999993428
60.0,BackpressureStack,0,0.0009999999999976694
60.0,BackpressureStack,0,0.0009999999999976694
60.0,BackpressureStack,0,0.0009999999999976694
60.0,BackpressureStack,0,0.0009999999999976694
60.0,BackpressureStack,0,0.0029999999999930083
60.0,BackpressureStack,0,0.0029999999999930083
60.0,BackpressureStack,0,0.003999999999990678
60.0,BackpressureStack,0,0.004999999999988347
60.0,BackpressureStack,0,0.004999999999988347
60.0,BackpressureStack,0,0.0059999999999860165
60.0,BackpressureStack,0,0.0059999999999860165
60.0,BackpressureStack,0,0.006999999999983686
60.0,BackpressureStack,0,0.007999999999981355
60.0,BackpressureStack,0,0.009999999999976694
60.0,BackpressureStack,0,0.009999999999976694
60.0,BackpressureStack,0,0.010999999999974364
60.0,BackpressureStack,0,0.010999999999974364
60.0,BackpressureStack,0,0.010999999999974364
60.0,BackpressureStack,0,0.011999999999972033
60.0,BackpressureStack,0,0.011999999999972033
60.0,BackpressureStack,0,0.012999999999969702
60.0,BackpressureStack,0,0.013999999999967372
60.0,BackpressureStack,0,0.014999999999965041
60.0,BackpressureStack,0,0.01599999999996271
60.0,BackpressureStack,0,0.01599999999996271
60.0,BackpressureStack,0,0.01599999999996271
60.0,BackpressureStack,0,0.01699999999996038
60.0,BackpressureStack,0,0.01799999999995805
60.0,BackpressureStack,0,0.01799999999995805
60.0,BackpressureStack,0,0.01899999999995572
60.0,BackpressureStack,0,0.01899999999995572
60.0,BackpressureStack,0,0.01899999999995572
60.0,BackpressureStack,0,0.01899999999995572
60.0,BackpressureStack,0,0.01999999999995339
60.0,BackpressureStack,0,0.01999999999995339
60.0,BackpressureStack,0,0.020999999999951058
60.0,BackpressureStack,0,0.021999999999948727
60.0,BackpressureStack,0,0.021999999999948727
60.0,BackpressureStack,0,0.021999999999948727
60.0,BackpressureStack,0,0.027999999999934744
60.0,BackpressureStack,0,0.028999999999932413
60.0,BackpressureStack,0,0.03799999999991144
60.0,BackpressureStack,0,0.03899999999990911
60.0,BackpressureStack,0,0.03899999999990911
60.0,BackpressureStack,0,0.040999999999904446
60.0,BackpressureStack,0,0.043999999999897454
60.0,BackpressureStack,0,0.043999999999897454
60.0,BackpressureStack,0,0.044999999999895124
60.0,BackpressureStack,0,0.044999999999895124
60.0,BackpressureStack,0,0.044999999999895124
60.0,BackpressureStack,0,0.044999999999895124
60.0,BackpressureStack,0,0.04599999999989279
60.0,BackpressureStack,0,0.04799999999988813
60.0,BackpressureStack,0,0.04999999999988347
60.0,BackpressureStack,0,0.05499999999987182
60.0,BackpressureStack,0,0.05499999999987182
60.0,BackpressureStack,0,0.05599999999986949
60.0,BackpressureStack,0,0.05599999999986949
60.0,BackpressureStack,0,0.05599999999986949
60.0,BackpressureStack,0,0.057999999999864826
60.0,BackpressureStack,0,0.057999999999864826
60.0,BackpressureStack,0,0.057999999999864826
60.0,BackpressureStack,0,0.057999999999864826
60.0,BackpressureStack,0,0.057999999999864826
60.0,BackpressureStack,0,0.057999999999864826
60.0,BackpressureStack,0,0.057999999999864826
60.0,BackpressureStack,0,0.057999999999864826
60.0,BackpressureStack,0,0.059999999999860165
60.0,BackpressureStack,0,0.059999999999860165
60.0,BackpressureStack,0,0.06799999999984152
60.0,BackpressureStack,0,0.06799999999984152
60.0,BackpressureStack,0,0.06899999999983919
60.0,BackpressureStack,0,0.06999999999983686
60.0,BackpressureStack,0,0.07099999999983453
60.0,BackpressureStack,0,0.07099999999983453
60.0,BackpressureStack,0,0.0719999999998322
60.0,BackpressureStack,0,0.0719999999998322
60.0,BackpressureStack,0,0.07999999999981355
60.0,BackpressureStack,0,0.07999999999981355
60.0,BackpressureStack,0,0.07999999999981355
60.0,BackpressureStack,0,0.08299999999980656
60.0,BackpressureStack,0,0.08299999999980656
60.0,BackpressureStack,0,0.08599999999979957
60.0,BackpressureStack,0,0.08599999999979957
60.0,BackpressureStack,0,0.08599999999979957
60.0,BackpressureStack,0,0.09299999999978326
60.0,BackpressureStack,0,0.0979999999997716
60.0,BackpressureStack,0,0.10099999999976461
60.0,BackpressureStack,0,0.11499999999973198
60.0,BackpressureStack,0,0.11499999999973198
60.0,BackpressureStack,0,0.120999999999718
60.0,BackpressureStack,0,0.14599999999965974
60.0,BackpressureStack,0,0.14599999999965974
60.0,BackpressureStack,0,0.14799999999965507
60.0,BackpressureStack,0,0.14799999999965507
60.0,BackpressureStack,0,0.14799999999965507
60.0,BackpressureStack,0,0.14799999999965507
60.0,BackpressureStack,0,0.1539999999996411
60.0,BackpressureStack,0,0.15799999999963177
60.0,BackpressureStack,0,0.15899999999962944
60.0,BackpressureStack,0,0.15899999999962944
60.0,BackpressureStack,0,0.16799999999960846
60.0,BackpressureStack,0,0.17799999999958516
60.0,BackpressureStack,0,0.17799999999958516
60.0,BackpressureStack,0,0.17799999999958516
60.0,BackpressureStack,0,0.19499999999954554
60.0,BackpressureStack,0,0.19499999999954554
60.0,BackpressureStack,0,0.19499999999954554
60.0,BackpressureStack,0,0.19999999999953388
60.0,BackpressureStack,0,0.21199999999950592
60.0,BackpressureStack,0,0.2129999999995036
60.0,BackpressureStack,0,0.2189999999994896
60.0,BackpressureStack,0,0.22099999999948494
60.0,BackpressureStack,0,0.22099999999948494
60.0,BackpressureStack,0,0.22399999999947795
60.0,BackpressureStack,0,0.22799999999946863
60.0,BackpressureStack,0,0.22799999999946863
60.0,BackpressureStack,0,0.22799999999946863
60.0,BackpressureStack,0,0.22799999999946863
60.0,BackpressureStack,0,0.2289999999994663
60.0,BackpressureStack,0,0.2319999999994593
60.0,BackpressureStack,0,0.23399999999945464
60.0,BackpressureStack,0,0.250999999999415
60.0,BackpressureStack,0,0.250999999999415
60.0,BackpressureStack,0,0.250999999999415
60.0,BackpressureStack,0,0.25599999999940337
60.0,BackpressureStack,0,0.2609999999993917
60.0,BackpressureStack,0,0.2739999999993614
60.0,BackpressureStack,0,0.28899999999932646
60.0,BackpressureStack,0,0.3039999999992915
60.0,BackpressureStack,0,0.32599999999924023
60.0,BackpressureStack,0,0.32599999999924023
60.0,BackpressureStack,0,0.33199999999922625
60.0,BackpressureStack,0,0.33199999999922625
60.0,BackpressureStack,0,0.34099999999920527
60.0,BackpressureStack,0,0.34199999999920294
60.0,BackpressureStack,0,0.3439999999991983
60.0,BackpressureStack,0,0.3859999999991004
60.0,BackpressureStack,0,0.3859999999991004
60.0,BackpressureStack,0,0.3859999999991004
60.0,BackpressureStack,0,0.3859999999991004
60.0,BackpressureStack,0,0.38699999999909807
60.0,BackpressureStack,0,0.001999999999995339
60.0,BackpressureStack,0,0.001999999999995339
60.0,BackpressureStack,0,0.0029999999999930083
60.0,BackpressureStack,0,0.003999999999990678
60.0,BackpressureStack,0,0.003999999999990678
60.0,BackpressureStack,0,0.003999999999990678
60.0,BackpressureStack,0,0.003999999999990678
60.0,BackpressureStack,0,0.004999999999988347
60.0,BackpressureStack,0,0.004999999999988347
60.0,BackpressureStack,0,0.004999999999988347
60.0,BackpressureStack,0,1.0059999999976554
60.0,BackpressureStack,0,0.0059999999999860165
60.0,BackpressureStack,0,0.006999999999983686
60.0,BackpressureStack,0,0.006999999999983686
60.0,BackpressureStack,0,0.007999999999981355
60.0,BackpressureStack,0,0.007999999999981355
60.0,BackpressureStack,0,0.008999999999979025
60.0,BackpressureStack,0,0.008999999999979025
60.0,BackpressureStack,0,0.008999999999979025
60.0,BackpressureStack,0,0.009999999999976694
60.0,BackpressureStack,0,0.009999999999976694
60.0,BackpressureStack,0,0.009999999999976694
60.0,BackpressureStack,0,0.009999999999976694
60.0,BackpressureStack,0,0.010999999999974364
60.0,BackpressureStack,0,0.010999999999974364
60.0,BackpressureStack,0,0.010999999999974364
60.0,BackpressureStack,0,0.010999999999974364
60.0,BackpressureStack,0,0.011999999999972033
60.0,BackpressureStack,0,0.012999999999969702
60.0,BackpressureStack,0,0.012999999999969702
60.0,BackpressureStack,0,0.012999999999969702
60.0,BackpressureStack,0,0.013999999999967372
60.0,BackpressureStack,0,0.014999999999965041
60.0,BackpressureStack,0,0.014999999999965041
60.0,BackpressureStack,0,1.0159999999976321
60.0,BackpressureStack,0,1.0159999999976321
60.0,BackpressureStack,0,1.0169999999976298
60.0,BackpressureStack,0,0.01699999999996038
60.0,BackpressureStack,0,0.01799999999995805
60.0,BackpressureStack,0,0.01799999999995805
60.0,BackpressureStack,0,0.01899999999995572
60.0,BackpressureStack,0,0.01999999999995339
60.0,BackpressureStack,0,0.01999999999995339
60.0,BackpressureStack,0,0.01999999999995339
60.0,BackpressureStack,0,0.020999999999951058
60.0,BackpressureStack,0,0.021999999999948727
60.0,BackpressureStack,0,0.022999999999946397
60.0,BackpressureStack,0,0.024999999999941735
60.0,BackpressureStack,0,0.024999999999941735
60.0,BackpressureStack,0,0.024999999999941735
60.0,BackpressureStack,0,0.024999999999941735
60.0,BackpressureStack,0,0.026999999999937074
60.0,BackpressureStack,0,0.027999999999934744
60.0,BackpressureStack,0,0.029999999999930083
60.0,BackpressureStack,0,0.029999999999930083
60.0,BackpressureStack,0,0.029999999999930083
60.0,BackpressureStack,0,0.029999999999930083
60.0,BackpressureStack,0,0.029999999999930083
60.0,BackpressureStack,0,0.030999999999927752
60.0,BackpressureStack,0,0.030999999999927752
60.0,BackpressureStack,0,1.0309999999975972
60.0,BackpressureStack,0,1.0309999999975972
60.0,BackpressureStack,0,0.03199999999992542
60.0,BackpressureStack,0,0.03199999999992542
60.0,BackpressureStack,0,0.03199999999992542
60.0,BackpressureStack,0,0.03299999999992309
60.0,BackpressureStack,0,0.03399999999992076
60.0,BackpressureStack,0,0.03499999999991843
60.0,BackpressureStack,0,0.03699999999991377
60.0,BackpressureStack,0,0.03899999999990911
60.0,BackpressureStack,0,0.03899999999990911
60.0,BackpressureStack,0,0.043999999999897454
60.0,BackpressureStack,0,0.0489999999998858
60.0,BackpressureStack,0,0.0489999999998858
60.0,BackpressureStack,0,0.0489999999998858
60.0,BackpressureStack,0,0.057999999999864826
60.0,BackpressureStack,0,0.058999999999862496
60.0,BackpressureStack,0,0.059999999999860165
60.0,BackpressureStack,0,0.060999999999857835
60.0,BackpressureStack,0,0.060999999999857835
60.0,BackpressureStack,0,0.060999999999857835
60.0,BackpressureStack,0,0.061999999999855504
60.0,BackpressureStack,0,0.061999999999855504
60.0,BackpressureStack,0,0.06299999999985317
60.0,BackpressureStack,0,0.06499999999984851
60.0,BackpressureStack,0,0.06499999999984851
60.0,BackpressureStack,0,0.06599999999984618
60.0,BackpressureStack,0,0.06599999999984618
60.0,BackpressureStack,0,0.07299999999982987
60.0,BackpressureStack,0,0.07699999999982055
60.0,BackpressureStack,0,0.07699999999982055
60.0,BackpressureStack,0,0.07899999999981588
60.0,BackpressureStack,0,0.08099999999981122
60.0,BackpressureStack,0,0.08099999999981122
60.0,BackpressureStack,0,0.08599999999979957
60.0,BackpressureStack,0,0.08599999999979957
60.0,BackpressureStack,0,0.08799999999979491
60.0,BackpressureStack,0,0.08899999999979258
60.0,BackpressureStack,0,0.08899999999979258
60.0,BackpressureStack,0,0.09099999999978792
60.0,BackpressureStack,0,0.09199999999978559
60.0,BackpressureStack,0,0.09299999999978326
60.0,BackpressureStack,0,0.09399999999978093
60.0,BackpressureStack,0,0.09399999999978093
60.0,BackpressureStack,0,0.09399999999978093
60.0,BackpressureStack,0,0.09399999999978093
60.0,BackpressureStack,0,0.09599999999977626
60.0,BackpressureStack,0,0.10099999999976461
60.0,BackpressureStack,0,0.10099999999976461
60.0,BackpressureStack,0,0.10099999999976461
60.0,BackpressureStack,0,0.10199999999976228
60.0,BackpressureStack,0,0.10199999999976228
60.0,BackpressureStack,0,0.10299999999975995
60.0,BackpressureStack,0,0.1109999999997413
60.0,BackpressureStack,0,0.1109999999997413
60.0,BackpressureStack,0,0.11899999999972266
60.0,BackpressureStack,0,0.11999999999972033
60.0,BackpressureStack,0,0.12399999999971101
60.0,BackpressureStack,0,0.12899999999969936
60.0,BackpressureStack,0,0.12899999999969936
60.0,BackpressureStack,0,0.12999999999969702
60.0,BackpressureStack,0,0.13499999999968537
60.0,BackpressureStack,0,0.13799999999967838
60.0,BackpressureStack,0,0.13799999999967838
60.0,BackpressureStack,0,0.13799999999967838
60.0,BackpressureStack,0,0.13999999999967372
60.0,BackpressureStack,0,0.14899999999965274
60.0,BackpressureStack,0,0.15199999999964575
60.0,BackpressureStack,0,0.15199999999964575
60.0,BackpressureStack,0,0.15199999999964575
60.0,BackpressureStack,0,0.15499999999963876
60.0,BackpressureStack,0,0.1569999999996341
60.0,BackpressureStack,0,0.15899999999962944
60.0,BackpressureStack,0,0.16099999999962478
60.0,BackpressureStack,0,0.16099999999962478
60.0,BackpressureStack,0,0.16399999999961778
60.0,BackpressureStack,0,0.16499999999961545
60.0,BackpressureStack,0,0.17799999999958516
60.0,BackpressureStack,0,0.18099999999957816
60.0,BackpressureStack,0,0.18199999999957583
60.0,BackpressureStack,0,0.18199999999957583
60.0,BackpressureStack,0,0.18399999999957117
60.0,BackpressureStack,0,0.18399999999957117
60.0,BackpressureStack,0,0.18799999999956185
60.0,BackpressureStack,0,0.18899999999955952
60.0,BackpressureStack,0,0.18899999999955952
60.0,BackpressureStack,0,0.1899999999995572
60.0,BackpressureStack,0,0.19099999999955486
60.0,BackpressureStack,0,0.19399999999954787
60.0,BackpressureStack,0,0.19499999999954554
60.0,BackpressureStack,0,0.19699999999954088
60.0,BackpressureStack,0,0.19999999999953388
60.0,BackpressureStack,0,0.20099999999953155
60.0,BackpressureStack,0,0.20499999999952223
60.0,BackpressureStack,0,0.001999999999995339
60.0,BackpressureStack,0,0.001999999999995339
60.0,BackpressureStack,0,0.0029999999999930083
60.0,BackpressureStack,0,1.0029999999976624
60.0,BackpressureStack,0,0.0029999999999930083
60.0,BackpressureStack,0,0.0059999999999860165
60.0,BackpressureStack,0,0.0059999999999860165
60.0,BackpressureStack,0,0.0059999999999860165
60.0,BackpressureStack,0,0.0059999999999860165
60.0,BackpressureStack,0,0.008999999999979025
60.0,BackpressureStack,0,0.009999999999976694
60.0,BackpressureStack,0,0.009999999999976694
60.0,BackpressureStack,0,0.011999999999972033
60.0,BackpressureStack,0,0.011999999999972033
60.0,BackpressureStack,0,0.012999999999969702
60.0,BackpressureStack,0,0.013999999999967372
60.0,BackpressureStack,0,0.013999999999967372
60.0,BackpressureStack,0,0.013999999999967372
60.0,BackpressureStack,0,0.013999999999967372
60.0,BackpressureStack,0,0.013999999999967372
60.0,BackpressureStack,0,0.014999999999965041
60.0,BackpressureStack,0,0.014999999999965041
60.0,BackpressureStack,0,0.01799999999995805
60.0,BackpressureStack,0,0.01799999999995805
60.0,BackpressureStack,0,0.01799999999995805
60.0,BackpressureStack,0,0.01799999999995805
60.0,BackpressureStack,0,0.01899999999995572
60.0,BackpressureStack,0,0.01899999999995572
60.0,BackpressureStack,0,0.01899999999995572
60.0,BackpressureStack,0,0.021999999999948727
60.0,BackpressureStack,0,0.021999999999948727
60.0,BackpressureStack,0,0.021999999999948727
60.0,BackpressureStack,0,0.022999999999946397
60.0,BackpressureStack,0,0.022999999999946397
60.0,BackpressureStack,0,0.023999999999944066
60.0,BackpressureStack,0,0.023999999999944066
60.0,BackpressureStack,0,0.023999999999944066
60.0,BackpressureStack,0,0.025999999999939405
60.0,BackpressureStack,0,0.026999999999937074
60.0,BackpressureStack,0,0.026999999999937074
60.0,BackpressureStack,0,0.027999999999934744
60.0,BackpressureStack,0,0.027999999999934744
60.0,BackpressureStack,0,0.028999999999932413
60.0,BackpressureStack,0,0.029999999999930083
60.0,BackpressureStack,0,0.03199999999992542
60.0,BackpressureStack,0,0.03199999999992542
60.0,BackpressureStack,0,0.03399999999992076
60.0,BackpressureStack,0,0.03399999999992076
60.0,BackpressureStack,0,0.03399999999992076
60.0,BackpressureStack,0,0.03799999999991144
60.0,BackpressureStack,0,1.0409999999975739
60.0,BackpressureStack,0,1.0409999999975739
60.0,BackpressureStack,0,1.0409999999975739
60.0,BackpressureStack,0,1.0419999999975715
60.0,BackpressureStack,0,0.041999999999902116
60.0,BackpressureStack,0,0.041999999999902116
60.0,BackpressureStack,0,0.041999999999902116
60.0,BackpressureStack,0,0.041999999999902116
60.0,BackpressureStack,0,0.041999999999902116
60.0,BackpressureStack,0,0.041999999999902116
60.0,BackpressureStack,0,0.044999999999895124
60.0,BackpressureStack,0,0.04599999999989279
60.0,BackpressureStack,0,0.04599999999989279
60.0,BackpressureStack,0,0.04599999999989279
60.0,BackpressureStack,0,0.0489999999998858
60.0,BackpressureStack,0,0.05199999999987881
60.0,BackpressureStack,0,0.05199999999987881
60.0,BackpressureStack,0,0.05299999999987648
60.0,BackpressureStack,0,0.05399999999987415
60.0,BackpressureStack,0,0.05399999999987415
60.0,BackpressureStack,0,0.05499999999987182
60.0,BackpressureStack,0,0.05599999999986949
60.0,BackpressureStack,0,0.060999999999857835
60.0,BackpressureStack,0,0.06399999999985084
60.0,BackpressureStack,0,0.06899999999983919
60.0,BackpressureStack,0,0.07099999999983453
60.0,BackpressureStack,0,0.07699999999982055
60.0,BackpressureStack,0,0.10299999999975995
60.0,BackpressureStack,0,0.10899999999974597
60.0,BackpressureStack,0,0.10899999999974597
60.0,BackpressureStack,0,0.11199999999973898
60.0,BackpressureStack,0,0.120999999999718
60.0,BackpressureStack,0,0.120999999999718
60.0,BackpressureStack,0,0.12499999999970868
60.0,BackpressureStack,0,0.12799999999970169
60.0,BackpressureStack,0,0.12799999999970169
60.0,BackpressureStack,0,0.14199999999966906
60.0,BackpressureStack,0,0.14299999999966673
60.0,BackpressureStack,0,0.1469999999996574
60.0,BackpressureStack,0,0.14899999999965274
60.0,BackpressureStack,0,0.14899999999965274
60.0,BackpressureStack,0,0.1499999999996504
60.0,BackpressureStack,0,0.15299999999964342
60.0,BackpressureStack,0,0.1539999999996411
60.0,BackpressureStack,0,0.15799999999963177
60.0,BackpressureStack,0,0.17399999999959448
60.0,BackpressureStack,0,0.18099999999957816
60.0,BackpressureStack,0,0.18199999999957583
60.0,BackpressureStack,0,0.18399999999957117
60.0,BackpressureStack,0,0.18399999999957117
60.0,BackpressureStack,0,0.19099999999955486
60.0,BackpressureStack,0,0.1929999999995502
60.0,BackpressureStack,0,0.19699999999954088
60.0,BackpressureStack,0,0.20199999999952922
60.0,BackpressureStack,0,0.20499999999952223
60.0,BackpressureStack,0,0.20499999999952223
60.0,BackpressureStack,0,0.2059999999995199
60.0,BackpressureStack,0,0.20699999999951757
60.0,BackpressureStack,0,0.21799999999949193
60.0,BackpressureStack,0,0.2189999999994896
60.0,BackpressureStack,0,0.2189999999994896
60.0,BackpressureStack,0,0.2189999999994896
60.0,BackpressureStack,0,0.21999999999948727
60.0,BackpressureStack,0,0.22399999999947795
60.0,BackpressureStack,0,0.22399999999947795
60.0,BackpressureStack,0,0.22699999999947096
60.0,BackpressureStack,0,0.22999999999946397
60.0,BackpressureStack,0,0.22999999999946397
60.0,BackpressureStack,0,0.22999999999946397
60.0,BackpressureStack,0,0.24699999999942435
60.0,BackpressureStack,0,0.24999999999941735
60.0,BackpressureStack,0,0.24999999999941735
60.0,BackpressureStack,0,0.24999999999941735
60.0,BackpressureStack,0,0.26299999999938706
60.0,BackpressureStack,0,0.26299999999938706
60.0,BackpressureStack,0,0.26299999999938706
60.0,BackpressureStack,0,0.2679999999993754
60.0,BackpressureStack,0,0.2689999999993731
60.0,BackpressureStack,0,0.2689999999993731
60.0,BackpressureStack,0,0.2739999999993614
60.0,BackpressureStack,0,0.27599999999935676
60.0,BackpressureStack,0,0.27599999999935676
60.0,BackpressureStack,0,0.28599999999933345
60.0,BackpressureStack,0,0.28599999999933345
60.0,BackpressureStack,0,0.28999999999932413
60.0,BackpressureStack,0,0.2969999999993078
60.0,BackpressureStack,0,0.3009999999992985
60.0,BackpressureStack,0,0.0009999999999976694
60.0,BackpressureStack,0,0.001999999999995339
60.0,BackpressureStack,0,0.001999999999995339
60.0,BackpressureStack,0,0.001999999999995339
60.0,BackpressureStack,0,0.001999999999995339
60.0,BackpressureStack,0,0.0029999999999930083
60.0,BackpressureStack,0,0.0029999999999930083
60.0,BackpressureStack,0,0.004999999999988347
60.0,BackpressureStack,0,0.0059999999999860165
60.0,BackpressureStack,0,0.0059999999999860165
60.0,BackpressureStack,0,0.0059999999999860165
60.0,BackpressureStack,0,0.007999999999981355
60.0,BackpressureStack,0,0.007999999999981355
60.0,BackpressureStack,0,0.010999999999974364
60.0,BackpressureStack,0,0.010999999999974364
60.0,BackpressureStack,0,0.010999999999974364
60.0,BackpressureStack,0,0.011999999999972033
60.0,BackpressureStack,0,0.011999999999972033
60.0,BackpressureStack,0,0.011999999999972033
60.0,BackpressureStack,0,0.011999999999972033
60.0,BackpressureStack,0,0.012999999999969702
60.0,BackpressureStack,0,0.012999999999969702
60.0,BackpressureStack,0,0.012999999999969702
60.0,BackpressureStack,0,0.012999999999969702
60.0,BackpressureStack,0,0.012999999999969702
60.0,BackpressureStack,0,0.013999999999967372
60.0,BackpressureStack,0,0.013999999999967372
60.0,BackpressureStack,0,0.014999999999965041
60.0,BackpressureStack,0,0.01599999999996271
60.0,BackpressureStack,0,0.01699999999996038
60.0,BackpressureStack,0,0.01699999999996038
60.0,BackpressureStack,0,0.021999999999948727
60.0,BackpressureStack,0,0.022999999999946397
60.0,BackpressureStack,0,0.024999999999941735
60.0,BackpressureStack,0,0.025999999999939405
60.0,BackpressureStack,0,0.025999999999939405
60.0,BackpressureStack,0,0.026999999999937074
60.0,BackpressureStack,0,0.027999999999934744
60.0,BackpressureStack,0,0.027999999999934744
60.0,BackpressureStack,0,0.029999999999930083
60.0,BackpressureStack,0,0.030999999999927752
60.0,BackpressureStack,0,0.030999999999927752
60.0,BackpressureStack,0,0.03399999999992076
60.0,BackpressureStack,0,0.03499999999991843
60.0,BackpressureStack,0,0.03499999999991843
60.0,BackpressureStack,0,0.0359999999999161
60.0,BackpressureStack,0,0.03699999999991377
60.0,BackpressureStack,0,0.03799999999991144
60.0,BackpressureStack,0,0.042999999999899785
60.0,BackpressureStack,0,0.042999999999899785
60.0,BackpressureStack,0,0.043999999999897454
60.0,BackpressureStack,0,0.043999999999897454
60.0,BackpressureStack,0,0.043999999999897454
60.0,BackpressureStack,0,0.044999999999895124
60.0,BackpressureStack,0,0.044999999999895124
60.0,BackpressureStack,0,0.04599999999989279
60.0,BackpressureStack,0,1.0479999999975576
60.0,BackpressureStack,0,1.0479999999975576
60.0,BackpressureStack,0,0.0489999999998858
60.0,BackpressureStack,0,0.0489999999998858
60.0,BackpressureStack,0,0.0489999999998858
60.0,BackpressureStack,0,0.0489999999998858
60.0,BackpressureStack,0,0.0489999999998858
60.0,BackpressureStack,0,0.0489999999998858
60.0,BackpressureStack,0,0.05099999999988114
60.0,BackpressureStack,0,0.05099999999988114
60.0,BackpressureStack,0,0.05199999999987881
60.0,BackpressureStack,0,0.05299999999987648
60.0,BackpressureStack,0,0.05399999999987415
60.0,BackpressureStack,0,0.059999999999860165
60.0,BackpressureStack,0,0.060999999999857835
60.0,BackpressureStack,0,0.060999999999857835
60.0,BackpressureStack,0,0.061999999999855504
60.0,BackpressureStack,0,0.06499999999984851
60.0,BackpressureStack,0,0.06799999999984152
60.0,BackpressureStack,0,0.06999999999983686
60.0,BackpressureStack,0,0.07099999999983453
60.0,BackpressureStack,0,0.07099999999983453
60.0,BackpressureStack,0,0.07099999999983453
60.0,BackpressureStack,0,0.07099999999983453
60.0,BackpressureStack,0,0.0719999999998322
60.0,BackpressureStack,0,0.0749999999998252
60.0,BackpressureStack,0,0.08099999999981122
60.0,BackpressureStack,0,0.08199999999980889
60.0,BackpressureStack,0,0.08199999999980889
60.0,BackpressureStack,0,0.08299999999980656
60.0,BackpressureStack,0,0.08299999999980656
60.0,BackpressureStack,0,0.08599999999979957
60.0,BackpressureStack,0,0.08799999999979491
60.0,BackpressureStack,0,0.09699999999977393
60.0,BackpressureStack,0,0.09699999999977393
60.0,BackpressureStack,0,0.09699999999977393
60.0,BackpressureStack,0,0.11199999999973898
60.0,BackpressureStack,0,0.11199999999973898
60.0,BackpressureStack,0,0.11199999999973898
60.0,BackpressureStack,0,0.11199999999973898
60.0,BackpressureStack,0,0.11699999999972732
60.0,BackpressureStack,0,0.11999999999972033
60.0,BackpressureStack,0,0.120999999999718
60.0,BackpressureStack,0,0.120999999999718
60.0,BackpressureStack,0,0.120999999999718
60.0,BackpressureStack,0,0.12499999999970868
60.0,BackpressureStack,0,0.12899999999969936
60.0,BackpressureStack,0,0.13299999999969003
60.0,BackpressureStack,0,0.13799999999967838
60.0,BackpressureStack,0,0.13799999999967838
60.0,BackpressureStack,0,0.1409999999996714
60.0,BackpressureStack,0,0.1409999999996714
60.0,BackpressureStack,0,0.14199999999966906
60.0,BackpressureStack,0,0.14199999999966906
60.0,BackpressureStack,0,0.14299999999966673
60.0,BackpressureStack,0,0.14299999999966673
60.0,BackpressureStack,0,0.14499999999966207
60.0,BackpressureStack,0,0.14499999999966207
60.0,BackpressureStack,0,0.14899999999965274
60.0,BackpressureStack,0,0.14899999999965274
60.0,BackpressureStack,0,1.1529999999973128
60.0,BackpressureStack,0,0.15899999999962944
60.0,BackpressureStack,0,0.16099999999962478
60.0,BackpressureStack,0,0.16099999999962478
60.0,BackpressureStack,0,1.1609999999972942
60.0,BackpressureStack,0,0.1669999999996108
60.0,BackpressureStack,0,0.16899999999960613
60.0,BackpressureStack,0,0.16899999999960613
60.0,BackpressureStack,0,1.1729999999972662
60.0,BackpressureStack,0,0.1769999999995875
60.0,BackpressureStack,0,0.1799999999995805
60.0,BackpressureStack,0,0.18199999999957583
60.0,BackpressureStack,0,0.18399999999957117
60.0,BackpressureStack,0,0.1899999999995572
60.0,BackpressureStack,0,0.1899999999995572
60.0,BackpressureStack,0,0.19199999999955253
60.0,BackpressureStack,0,0.1929999999995502
60.0,BackpressureStack,0,1.1929999999972196
60.0,BackpressureStack,0,0.19799999999953855
60.0,BackpressureStack,0,0.20699999999951757
60.0,BackpressureStack,0,0.20999999999951058
60.0,BackpressureStack,0,0.21499999999949893
60.0,BackpressureStack,0,0.21499999999949893
60.0,BackpressureStack,0,0.22099999999948494
60.0,BackpressureStack,0,0.22299999999948028
60.0,BackpressureStack,0,0.23399999999945464
60.0,BackpressureStack,0,0.23399999999945464
60.0,BackpressureStack,0,0.2349999999994523
60.0,BackpressureStack,0,0.25399999999940803
60.0,BackpressureStack,0,0.25399999999940803
60.0,BackpressureStack,0,0.25399999999940803
60.0,BackpressureStack,0,0.2619999999993894
60.0,BackpressureStack,0,0.2619999999993894
60.0,BackpressureStack,0,0.26299999999938706
60.0,BackpressureStack,0,0.27699999999935443
60.0,BackpressureStack,0,0.2869999999993311
60.0,BackpressureStack,0,0.2869999999993311
60.0,BackpressureStack,0,0.2949999999993125
60.0,BackpressureStack,0,0.2979999999993055
60.0,BackpressureStack,0,0.29899999999930316
60.0,BackpressureStack,0,0.30599999999928684
60.0,BackpressureStack,0,0.3099999999992775
60.0,BackpressureStack,0,1.0019999999976648
60.0,BackpressureStack,0,1.0019999999976648
60.0,BackpressureStack,0,0.001999999999995339
60.0,BackpressureStack,0,0.003999999999990678
60.0,BackpressureStack,0,0.003999999999990678
60.0,BackpressureStack,0,0.003999999999990678
60.0,BackpressureStack,0,0.004999999999988347
60.0,BackpressureStack,0,0.004999999999988347
60.0,BackpressureStack,0,0.004999999999988347
60.0,BackpressureStack,0,0.004999999999988347
60.0,BackpressureStack,0,0.0059999999999860165
60.0,BackpressureStack,0,0.006999999999983686
60.0,BackpressureStack,0,1.0079999999976508
60.0,BackpressureStack,0,0.007999999999981355
60.0,BackpressureStack,0,0.007999999999981355
60.0,BackpressureStack,0,0.007999999999981355
60.0,BackpressureStack,0,0.009999999999976694
60.0,BackpressureStack,0,0.011999999999972033
60.0,BackpressureStack,0,0.011999999999972033
60.0,BackpressureStack,0,0.013999999999967372
60.0,BackpressureStack,0,0.014999999999965041
60.0,BackpressureStack,0,0.014999999999965041
60.0,BackpressureStack,0,0.01599999999996271
60.0,BackpressureStack,0,0.01599999999996271
60.0,BackpressureStack,0,1.0169999999976298
60.0,BackpressureStack,0,1.0169999999976298
60.0,BackpressureStack,0,0.01699999999996038
60.0,BackpressureStack,0,0.01699999999996038
60.0,BackpressureStack,0,0.01899999999995572
60.0,BackpressureStack,0,0.01899999999995572
60.0,BackpressureStack,0,0.01899999999995572
60.0,BackpressureStack,0,0.01899999999995572
60.0,BackpressureStack,0,0.01999999999995339
60.0,BackpressureStack,0,0.01999999999995339
60.0,BackpressureStack,0,1.0209999999976205
60.0,BackpressureStack,0,1.0209999999976205
60.0,BackpressureStack,0,1.0209999999976205
60.0,BackpressureStack,0,0.020999999999951058
60.0,BackpressureStack,0,0.021999999999948727
60.0,BackpressureStack,0,0.022999999999946397
60.0,BackpressureStack,0,0.022999999999946397
60.0,BackpressureStack,0,0.022999999999946397
60.0,BackpressureStack,0,0.022999999999946397
60.0,BackpressureStack,0,0.023999999999944066
60.0,BackpressureStack,0,0.023999999999944066
60.0,BackpressureStack,0,0.023999999999944066
60.0,BackpressureStack,0,0.023999999999944066
60.0,BackpressureStack,0,0.024999999999941735
60.0,BackpressureStack,0,0.025999999999939405
60.0,BackpressureStack,0,0.026999999999937074
60.0,BackpressureStack,0,0.026999999999937074
60.0,BackpressureStack,0,0.027999999999934744
60.0,BackpressureStack,0,0.027999999999934744
60.0,BackpressureStack,0,0.029999999999930083
60.0,BackpressureStack,0,1.0309999999975972
60.0,BackpressureStack,0,0.030999999999927752
60.0,BackpressureStack,0,0.030999999999927752
60.0,BackpressureStack,0,0.030999999999927752
60.0,BackpressureStack,0,0.03299999999992309
60.0,BackpressureStack,0,0.03399999999992076
60.0,BackpressureStack,0,0.03499999999991843
60.0,BackpressureStack,0,0.03499999999991843
60.0,BackpressureStack,0,0.03499999999991843
60.0,BackpressureStack,0,0.03499999999991843
60.0,BackpressureStack,0,1.0359999999975855
60.0,BackpressureStack,0,0.0359999999999161
60.0,BackpressureStack,0,0.0359999999999161
60.0,BackpressureStack,0,0.03699999999991377
60.0,BackpressureStack,0,1.0379999999975809
60.0,BackpressureStack,0,1.0379999999975809
60.0,BackpressureStack,0,0.03799999999991144
60.0,BackpressureStack,0,0.03999999999990678
60.0,BackpressureStack,0,0.040999999999904446
60.0,BackpressureStack,0,0.040999999999904446
60.0,BackpressureStack,0,0.040999999999904446
60.0,BackpressureStack,0,0.042999999999899785
60.0,BackpressureStack,0,0.042999999999899785
60.0,BackpressureStack,0,0.043999999999897454
60.0,BackpressureStack,0,0.043999999999897454
60.0,BackpressureStack,0,0.04599999999989279
60.0,BackpressureStack,0,0.04999999999988347
60.0,BackpressureStack,0,0.05099999999988114
60.0,BackpressureStack,0,0.05099999999988114
60.0,BackpressureStack,0,0.05199999999987881
60.0,BackpressureStack,0,0.05199999999987881
60.0,BackpressureStack,0,0.05399999999987415
60.0,BackpressureStack,0,0.057999999999864826
60.0,BackpressureStack,0,0.061999999999855504
60.0,BackpressureStack,0,0.06299999999985317
60.0,BackpressureStack,0,0.06299999999985317
60.0,BackpressureStack,0,0.06299999999985317
60.0,BackpressureStack,0,0.06699999999984385
60.0,BackpressureStack,0,0.06799999999984152
60.0,BackpressureStack,0,0.06799999999984152
60.0,BackpressureStack,0,0.0749999999998252
60.0,BackpressureStack,0,0.0749999999998252
60.0,BackpressureStack,0,0.07599999999982288
60.0,BackpressureStack,0,0.07599999999982288
60.0,BackpressureStack,0,0.07699999999982055
60.0,BackpressureStack,0,0.07699999999982055
60.0,BackpressureStack,0,0.07799999999981821
60.0,BackpressureStack,0,0.07999999999981355
60.0,BackpressureStack,0,0.07999999999981355
60.0,BackpressureStack,0,0.07999999999981355
60.0,BackpressureStack,0,0.08099999999981122
60.0,BackpressureStack,0,0.08099999999981122
60.0,BackpressureStack,0,0.08199999999980889
60.0,BackpressureStack,0,0.08299999999980656
60.0,BackpressureStack,0,0.08399999999980423
60.0,BackpressureStack,0,0.08399999999980423
60.0,BackpressureStack,0,0.08899999999979258
60.0,BackpressureStack,0,0.09099999999978792
60.0,BackpressureStack,0,0.09399999999978093
60.0,BackpressureStack,0,0.09399999999978093
60.0,BackpressureStack,0,0.09399999999978093
60.0,BackpressureStack,0,0.0949999999997786
60.0,BackpressureStack,0,0.09599999999977626
60.0,BackpressureStack,0,0.0979999999997716
60.0,BackpressureStack,0,0.0979999999997716
60.0,BackpressureStack,0,0.0979999999997716
60.0,BackpressureStack,0,0.0979999999997716
60.0,BackpressureStack,0,0.10199999999976228
60.0,BackpressureStack,0,0.10999999999974364
60.0,BackpressureStack,0,0.10999999999974364
60.0,BackpressureStack,0,0.1109999999997413
60.0,BackpressureStack,0,0.11599999999972965
60.0,BackpressureStack,0,0.11599999999972965
60.0,BackpressureStack,0,0.11599999999972965
60.0,BackpressureStack,0,0.11599999999972965
60.0,BackpressureStack,0,0.11599999999972965
60.0,BackpressureStack,0,0.12299999999971334
60.0,BackpressureStack,0,0.12499999999970868
60.0,BackpressureStack,0,0.12499999999970868
60.0,BackpressureStack,0,0.12499999999970868
60.0,BackpressureStack,0,0.12699999999970402
60.0,BackpressureStack,0,0.12999999999969702
60.0,BackpressureStack,0,0.12999999999969702
60.0,BackpressureStack,0,0.1309999999996947
60.0,BackpressureStack,0,0.13199999999969236
60.0,BackpressureStack,0,0.13299999999969003
60.0,BackpressureStack,0,0.13499999999968537
60.0,BackpressureStack,0,0.16599999999961312
60.0,BackpressureStack,0,0.16599999999961312
60.0,BackpressureStack,0,0.16599999999961312
60.0,BackpressureStack,0,0.16599999999961312
60.0,BackpressureStack,0,0.17399999999959448
60.0,BackpressureStack,0,0.1959999999995432
60.0,BackpressureStack,0,0.2319999999994593
60.0,BackpressureStack,0,0.23799999999944532
60.0,BackpressureStack,0,0.244999999999429
60.0,BackpressureStack,0,0.244999999999429
60.0,BackpressureStack,0,0.25999999999939405
60.0,BackpressureStack,0,0.25999999999939405
60.0,BackpressureStack,0,0.2639999999993847
60.0,BackpressureStack,0,0.27599999999935676
60.0,BackpressureStack,0,0.28299999999934045
60.0,BackpressureStack,0,0.28299999999934045
60.0,BackpressureStack,0,0.29199999999931947
60.0,BackpressureStack,0,0.3099999999992775
60.0,BackpressureStack,0,0.3099999999992775
60.0,BackpressureStack,0,0.3339999999992216
60.0,BackpressureStack,0,0.4159999999990305
60.0,BackpressureStack,0,0.43699999999898154
60.0,BackpressureStack,0,0.4519999999989466
60.0,BackpressureStack,0,0.45299999999894425
60.0,BackpressureStack,0,0.45999999999892793
60.0,BackpressureStack,0,0.477999999998886
60.0,BackpressureStack,0,0.47899999999888365
60.0,BackpressureStack,0,0.4799999999988813
60.0,BackpressureStack,0,0.4799999999988813
60.0,BackpressureStack,0,0.48499999999886967
60.0,BackpressureStack,0,0.0009999999999976694
60.0,BackpressureStack,0,0.0009999999999976694
60.0,BackpressureStack,0,0.0009999999999976694
60.0,BackpressureStack,0,0.001999999999995339
60.0,BackpressureStack,0,0.001999999999995339
60.0,BackpressureStack,0,0.001999999999995339
60.0,BackpressureStack,0,0.001999999999995339
60.0,BackpressureStack,0,0.0029999999999930083
60.0,BackpressureStack,0,0.0029999999999930083
60.0,BackpressureStack,0,0.0029999999999930083
60.0,BackpressureStack,0,0.0029999999999930083
60.0,BackpressureStack,0,0.003999999999990678
60.0,BackpressureStack,0,0.003999999999990678
60.0,BackpressureStack,0,0.003999999999990678
60.0,BackpressureStack,0,0.004999999999988347
60.0,BackpressureStack,0,0.004999999999988347
60.0,BackpressureStack,0,0.0059999999999860165
60.0,BackpressureStack,0,0.0059999999999860165
60.0,BackpressureStack,0,0.0059999999999860165
60.0,BackpressureStack,0,0.0059999999999860165
60.0,BackpressureStack,0,0.006999999999983686
60.0,BackpressureStack,0,0.006999999999983686
60.0,BackpressureStack,0,0.006999999999983686
60.0,BackpressureStack,0,0.007999999999981355
60.0,BackpressureStack,0,0.007999999999981355
60.0,BackpressureStack,0,0.008999999999979025
60.0,BackpressureStack,0,0.009999999999976694
60.0,BackpressureStack,0,0.010999999999974364
60.0,BackpressureStack,0,0.011999999999972033
60.0,BackpressureStack,0,0.011999999999972033
60.0,BackpressureStack,0,0.012999999999969702
60.0,BackpressureStack,0,0.012999999999969702
60.0,BackpressureStack,0,0.013999999999967372
60.0,BackpressureStack,0,0.013999999999967372
60.0,BackpressureStack,0,0.013999999999967372
60.0,BackpressureStack,0,0.013999999999967372
60.0,BackpressureStack,0,0.014999999999965041
60.0,BackpressureStack,0,0.01599999999996271
60.0,BackpressureStack,0,0.01599999999996271
60.0,BackpressureStack,0,0.01599999999996271
60.0,BackpressureStack,0,0.01599999999996271
60.0,BackpressureStack,0,0.01599999999996271
60.0,BackpressureStack,0,0.01699999999996038
60.0,BackpressureStack,0,0.01899999999995572
60.0,BackpressureStack,0,0.01999999999995339
60.0,BackpressureStack,0,0.01999999999995339
60.0,BackpressureStack,0,0.01999999999995339
60.0,BackpressureStack,0,0.01999999999995339
60.0,BackpressureStack,0,0.021999999999948727
60.0,BackpressureStack,0,0.022999999999946397
60.0,BackpressureStack,0,0.022999999999946397
60.0,BackpressureStack,0,0.022999999999946397
60.0,BackpressureStack,0,0.024999999999941735
60.0,BackpressureStack,0,0.024999999999941735
60.0,BackpressureStack,0,0.024999999999941735
60.0,BackpressureStack,0,0.024999999999941735
60.0,BackpressureStack,0,0.025999999999939405
60.0,BackpressureStack,0,0.025999999999939405
60.0,BackpressureStack,0,0.026999999999937074
60.0,BackpressureStack,0,0.027999999999934744
60.0,BackpressureStack,0,0.027999999999934744
60.0,BackpressureStack,0,0.028999999999932413
60.0,BackpressureStack,0,0.029999999999930083
60.0,BackpressureStack,0,0.030999999999927752
60.0,BackpressureStack,0,0.030999999999927752
60.0,BackpressureStack,0,0.030999999999927752
60.0,BackpressureStack,0,0.030999999999927752
60.0,BackpressureStack,0,0.03299999999992309
60.0,BackpressureStack,0,0.03499999999991843
60.0,BackpressureStack,0,0.03899999999990911
60.0,BackpressureStack,0,0.03999999999990678
60.0,BackpressureStack,0,0.03999999999990678
60.0,BackpressureStack,0,0.040999999999904446
60.0,BackpressureStack,0,0.042999999999899785
60.0,BackpressureStack,0,0.044999999999895124
60.0,BackpressureStack,0,0.044999999999895124
60.0,BackpressureStack,0,0.044999999999895124
60.0,BackpressureStack,0,0.044999999999895124
60.0,BackpressureStack,0,0.04699999999989046
60.0,BackpressureStack,0,0.04699999999989046
60.0,BackpressureStack,0,0.05099999999988114
60.0,BackpressureStack,0,0.05099999999988114
60.0,BackpressureStack,0,0.05199999999987881
60.0,BackpressureStack,0,0.05299999999987648
60.0,BackpressureStack,0,0.05399999999987415
60.0,BackpressureStack,0,0.05599999999986949
60.0,BackpressureStack,0,0.058999999999862496
60.0,BackpressureStack,0,0.059999999999860165
60.0,BackpressureStack,0,0.06399999999985084
60.0,BackpressureStack,0,0.06599999999984618
60.0,BackpressureStack,0,0.06699999999984385
60.0,BackpressureStack,0,0.06699999999984385
60.0,BackpressureStack,0,0.06799999999984152
60.0,BackpressureStack,0,0.06799999999984152
60.0,BackpressureStack,0,0.06899999999983919
60.0,BackpressureStack,0,0.06999999999983686
60.0,BackpressureStack,0,0.06999999999983686
60.0,BackpressureStack,0,0.07099999999983453
60.0,BackpressureStack,0,0.07299999999982987
60.0,BackpressureStack,0,0.07399999999982754
60.0,BackpressureStack,0,0.08399999999980423
60.0,BackpressureStack,0,0.0849999999998019
60.0,BackpressureStack,0,0.0849999999998019
60.0,BackpressureStack,0,0.0849999999998019
60.0,BackpressureStack,0,0.0849999999998019
60.0,BackpressureStack,0,0.08999999999979025
60.0,BackpressureStack,0,0.0949999999997786
60.0,BackpressureStack,0,0.10199999999976228
60.0,BackpressureStack,0,0.10499999999975529
60.0,BackpressureStack,0,0.11899999999972266
60.0,BackpressureStack,0,0.12499999999970868
60.0,BackpressureStack,0,0.12499999999970868
60.0,BackpressureStack,0,0.12499999999970868
60.0,BackpressureStack,0,0.1369999999996807
60.0,BackpressureStack,0,0.14599999999965974
60.0,BackpressureStack,0,0.14599999999965974
60.0,BackpressureStack,0,0.1469999999996574
60.0,BackpressureStack,0,0.14799999999965507
60.0,BackpressureStack,0,0.14799999999965507
60.0,BackpressureStack,0,0.1499999999996504
60.0,BackpressureStack,0,0.1499999999996504
60.0,BackpressureStack,0,0.15099999999964808
60.0,BackpressureStack,0,0.15799999999963177
60.0,BackpressureStack,0,0.16799999999960846
60.0,BackpressureStack,0,0.17199999999959914
60.0,BackpressureStack,0,0.1769999999995875
60.0,BackpressureStack,0,0.18799999999956185
60.0,BackpressureStack,0,0.19399999999954787
60.0,BackpressureStack,0,0.19399999999954787
60.0,BackpressureStack,0,0.2029999999995269
60.0,BackpressureStack,0,0.2029999999995269
60.0,BackpressureStack,0,0.21999999999948727
60.0,BackpressureStack,0,0.22499999999947562
60.0,BackpressureStack,0,0.23299999999945697
60.0,BackpressureStack,0,0.238999999999443
60.0,BackpressureStack,0,0.24099999999943833
60.0,BackpressureStack,0,0.0009999999999976694
60.0,BackpressureStack,0,0.0009999999999976694
60.0,BackpressureStack,0,0.0009999999999976694
60.0,BackpressureStack,0,0.001999999999995339
60.0,BackpressureStack,0,0.0029999999999930083
60.0,BackpressureStack,0,0.0029999999999930083
60.0,BackpressureStack,0,0.003999999999990678
60.0,BackpressureStack,0,0.003999999999990678
60.0,BackpressureStack,0,0.003999999999990678
60.0,BackpressureStack,0,0.003999999999990678
60.0,BackpressureStack,0,0.004999999999988347
60.0,BackpressureStack,0,0.004999999999988347
60.0,BackpressureStack,0,0.004999999999988347
60.0,BackpressureStack,0,0.0059999999999860165
60.0,BackpressureStack,0,0.006999999999983686
60.0,BackpressureStack,0,0.007999999999981355
60.0,BackpressureStack,0,0.007999999999981355
60.0,BackpressureStack,0,0.007999999999981355
60.0,BackpressureStack,0,0.010999999999974364
60.0,BackpressureStack,0,0.010999999999974364
60.0,BackpressureStack,0,0.010999999999974364
60.0,BackpressureStack,0,0.011999999999972033
60.0,BackpressureStack,0,0.013999999999967372
60.0,BackpressureStack,0,0.014999999999965041
60.0,BackpressureStack,0,0.01599999999996271
60.0,BackpressureStack,0,0.01599999999996271
60.0,BackpressureStack,0,0.01599999999996271
60.0,BackpressureStack,0,0.01799999999995805
60.0,BackpressureStack,0,0.01799999999995805
60.0,BackpressureStack,0,0.01799999999995805
60.0,BackpressureStack,0,0.01899999999995572
60.0,BackpressureStack,0,0.021999999999948727
60.0,BackpressureStack,0,0.022999999999946397
60.0,BackpressureStack,0,0.022999999999946397
60.0,BackpressureStack,0,0.022999999999946397
60.0,BackpressureStack,0,0.022999999999946397
60.0,BackpressureStack,0,0.023999999999944066
60.0,BackpressureStack,0,0.023999999999944066
60.0,BackpressureStack,0,0.024999999999941735
60.0,BackpressureStack,0,0.025999999999939405
60.0,BackpressureStack,0,0.025999999999939405
60.0,BackpressureStack,0,0.025999999999939405
60.0,BackpressureStack,0,0.025999999999939405
60.0,BackpressureStack,0,0.028999999999932413
60.0,BackpressureStack,0,0.028999999999932413
60.0,BackpressureStack,0,0.029999999999930083
60.0,BackpressureStack,0,0.029999999999930083
60.0,BackpressureStack,0,0.029999999999930083
60.0,BackpressureStack,0,0.030999999999927752
60.0,BackpressureStack,0,0.030999999999927752
60.0,BackpressureStack,0,0.03199999999992542
60.0,BackpressureStack,0,0.03399999999992076
60.0,BackpressureStack,0,0.03399999999992076
60.0,BackpressureStack,0,0.03499999999991843
60.0,BackpressureStack,0,0.0359999999999161
60.0,BackpressureStack,0,0.03699999999991377
60.0,BackpressureStack,0,0.03799999999991144
60.0,BackpressureStack,0,0.03999999999990678
60.0,BackpressureStack,0,0.03999999999990678
60.0,BackpressureStack,0,0.040999999999904446
60.0,BackpressureStack,0,0.040999999999904446
60.0,BackpressureStack,0,0.041999999999902116
60.0,BackpressureStack,0,0.041999999999902116
60.0,BackpressureStack,0,0.042999999999899785
60.0,BackpressureStack,0,0.04599999999989279
60.0,BackpressureStack,0,0.04699999999989046
60.0,BackpressureStack,0,0.04999999999988347
60.0,BackpressureStack,0,0.04999999999988347
60.0,BackpressureStack,0,0.05099999999988114
60.0,BackpressureStack,0,0.05099999999988114
60.0,BackpressureStack,0,0.05099999999988114
60.0,BackpressureStack,0,0.05699999999986716
60.0,BackpressureStack,0,0.05699999999986716
60.0,BackpressureStack,0,0.05699999999986716
60.0,BackpressureStack,0,0.05699999999986716
60.0,BackpressureStack,0,0.05699999999986716
60.0,BackpressureStack,0,0.057999999999864826
60.0,BackpressureStack,0,0.057999999999864826
60.0,BackpressureStack,0,0.058999999999862496
60.0,BackpressureStack,0,0.058999999999862496
60.0,BackpressureStack,0,0.058999999999862496
60.0,BackpressureStack,0,0.059999999999860165
60.0,BackpressureStack,0,0.06299999999985317
60.0,BackpressureStack,0,0.06299999999985317
60.0,BackpressureStack,0,0.06299999999985317
60.0,BackpressureStack,0,0.06499999999984851
60.0,BackpressureStack,0,0.06499999999984851
60.0,BackpressureStack,0,0.06599999999984618
60.0,BackpressureStack,0,0.06699999999984385
60.0,BackpressureStack,0,0.06799999999984152
60.0,BackpressureStack,0,0.06899999999983919
60.0,BackpressureStack,0,0.06999999999983686
60.0,BackpressureStack,0,0.06999999999983686
60.0,BackpressureStack,0,0.06999999999983686
60.0,BackpressureStack,0,0.0719999999998322
60.0,BackpressureStack,0,0.0719999999998322
60.0,BackpressureStack,0,0.0719999999998322
60.0,BackpressureStack,0,0.07299999999982987
60.0,BackpressureStack,0,0.0749999999998252
60.0,BackpressureStack,0,0.07599999999982288
60.0,BackpressureStack,0,0.07599999999982288
60.0,BackpressureStack,0,0.08199999999980889
60.0,BackpressureStack,0,0.08199999999980889
60.0,BackpressureStack,0,0.08299999999980656
60.0,BackpressureStack,0,0.08399999999980423
60.0,BackpressureStack,0,0.09099999999978792
60.0,BackpressureStack,0,0.09199999999978559
60.0,BackpressureStack,0,0.09199999999978559
60.0,BackpressureStack,0,0.09299999999978326
60.0,BackpressureStack,0,0.09299999999978326
60.0,BackpressureStack,0,0.09599999999977626
60.0,BackpressureStack,0,0.10099999999976461
60.0,BackpressureStack,0,0.10099999999976461
60.0,BackpressureStack,0,0.10599999999975296
60.0,BackpressureStack,0,0.10899999999974597
60.0,BackpressureStack,0,0.10899999999974597
60.0,BackpressureStack,0,0.10999999999974364
60.0,BackpressureStack,0,0.1109999999997413
60.0,BackpressureStack,0,0.11299999999973664
60.0,BackpressureStack,0,0.11299999999973664
60.0,BackpressureStack,0,0.11799999999972499
60.0,BackpressureStack,0,0.11799999999972499
60.0,BackpressureStack,0,0.120999999999718
60.0,BackpressureStack,0,0.12999999999969702
60.0,BackpressureStack,0,0.12999999999969702
60.0,BackpressureStack,0,0.12999999999969702
60.0,BackpressureStack,0,0.12999999999969702
60.0,BackpressureStack,0,0.12999999999969702
60.0,BackpressureStack,0,0.12999999999969702
60.0,BackpressureStack,0,0.12999999999969702
60.0,BackpressureStack,0,0.1309999999996947
60.0,BackpressureStack,0,0.1339999999996877
60.0,BackpressureStack,0,0.1339999999996877
60.0,BackpressureStack,0,0.13499999999968537
60.0,BackpressureStack,0,0.1369999999996807
60.0,BackpressureStack,0,0.13799999999967838
60.0,BackpressureStack,0,0.1409999999996714
60.0,BackpressureStack,0,0.1499999999996504
60.0,BackpressureStack,0,0.1539999999996411
60.0,BackpressureStack,0,0.16199999999962245
60.0,BackpressureStack,0,0.16599999999961312
60.0,BackpressureStack,0,0.1699999999996038
60.0,BackpressureStack,0,0.17199999999959914
60.0,BackpressureStack,0,0.17399999999959448
60.0,BackpressureStack,0,0.18399999999957117
60.0,BackpressureStack,0,0.19999999999953388
60.0,BackpressureStack,0,0.19999999999953388
60.0,BackpressureStack,0,0.238999999999443
60.0,BackpressureStack,0,0.238999999999443
60.0,BackpressureStack,0,0.2549999999994057
60.0,BackpressureStack,0,0.2549999999994057
60.0,BackpressureStack,0,0.2549999999994057
60.0,BackpressureStack,0,0.2549999999994057
60.0,BackpressureStack,0,0.2589999999993964
60.0,BackpressureStack,0,0.25999999999939405
60.0,BackpressureStack,0,0.2639999999993847
60.0,BackpressureStack,0,0.2679999999993754
60.0,BackpressureStack,0,0.27999999999934744
60.0,BackpressureStack,0,0.28599999999933345
60.0,BackpressureStack,0,0.0009999999999976694
60.0,BackpressureStack,0,0.001999999999995339
60.0,BackpressureStack,0,0.001999999999995339
60.0,BackpressureStack,0,0.001999999999995339
60.0,BackpressureStack,0,0.001999999999995339
60.0,BackpressureStack,0,0.001999999999995339
60.0,BackpressureStack,0,0.003999999999990678
60.0,BackpressureStack,0,0.004999999999988347
60.0,BackpressureStack,0,0.004999999999988347
60.0,BackpressureStack,0,0.004999999999988347
60.0,BackpressureStack,0,0.004999999999988347
60.0,BackpressureStack,0,0.004999999999988347
60.0,BackpressureStack,0,0.0059999999999860165
60.0,BackpressureStack,0,0.0059999999999860165
60.0,BackpressureStack,0,0.0059999999999860165
60.0,BackpressureStack,0,0.006999999999983686
60.0,BackpressureStack,0,0.007999999999981355
60.0,BackpressureStack,0,0.008999999999979025
60.0,BackpressureStack,0,0.009999999999976694
60.0,BackpressureStack,0,0.010999999999974364
60.0,BackpressureStack,0,1.0109999999976438
60.0,BackpressureStack,0,0.011999999999972033
60.0,BackpressureStack,0,0.012999999999969702
60.0,BackpressureStack,0,0.012999999999969702
60.0,BackpressureStack,0,0.012999999999969702
60.0,BackpressureStack,0,0.012999999999969702
60.0,BackpressureStack,0,0.013999999999967372
60.0,BackpressureStack,0,0.013999999999967372
60.0,BackpressureStack,0,0.014999999999965041
60.0,BackpressureStack,0,0.014999999999965041
60.0,BackpressureStack,0,0.014999999999965041
60.0,BackpressureStack,0,0.01599999999996271
60.0,BackpressureStack,0,0.01599999999996271
60.0,BackpressureStack,0,0.01599999999996271
60.0,BackpressureStack,0,0.01699999999996038
60.0,BackpressureStack,0,0.01699999999996038
60.0,BackpressureStack,0,0.01699999999996038
60.0,BackpressureStack,0,0.01699999999996038
60.0,BackpressureStack,0,0.01799999999995805
60.0,BackpressureStack,0,0.01899999999995572
60.0,BackpressureStack,0,0.01899999999995572
60.0,BackpressureStack,0,0.01899999999995572
60.0,BackpressureStack,0,0.021999999999948727
60.0,BackpressureStack,0,0.021999999999948727
60.0,BackpressureStack,0,0.021999999999948727
60.0,BackpressureStack,0,0.021999999999948727
60.0,BackpressureStack,0,0.022999999999946397
60.0,BackpressureStack,0,0.023999999999944066
60.0,BackpressureStack,0,0.024999999999941735
60.0,BackpressureStack,0,0.024999999999941735
60.0,BackpressureStack,0,0.025999999999939405
60.0,BackpressureStack,0,0.028999999999932413
60.0,BackpressureStack,0,0.028999999999932413
60.0,BackpressureStack,0,0.030999999999927752
60.0,BackpressureStack,0,0.030999999999927752
60.0,BackpressureStack,0,0.030999999999927752
60.0,BackpressureStack,0,1.0309999999975972
60.0,BackpressureStack,0,1.0309999999975972
60.0,BackpressureStack,0,0.03199999999992542
60.0,BackpressureStack,0,0.03199999999992542
60.0,BackpressureStack,0,0.03199999999992542
60.0,BackpressureStack,0,0.03499999999991843
60.0,BackpressureStack,0,0.03499999999991843
60.0,BackpressureStack,0,0.0359999999999161
60.0,BackpressureStack,0,0.03699999999991377
60.0,BackpressureStack,0,0.03699999999991377
60.0,BackpressureStack,0,0.03699999999991377
60.0,BackpressureStack,0,0.03699999999991377
60.0,BackpressureStack,0,0.03899999999990911
60.0,BackpressureStack,0,0.03999999999990678
60.0,BackpressureStack,0,0.040999999999904446
60.0,BackpressureStack,0,0.041999999999902116
60.0,BackpressureStack,0,0.042999999999899785
60.0,BackpressureStack,0,0.043999999999897454
60.0,BackpressureStack,0,0.043999999999897454
60.0,BackpressureStack,0,0.044999999999895124
60.0,BackpressureStack,0,0.04599999999989279
60.0,BackpressureStack,0,0.04799999999988813
60.0,BackpressureStack,0,0.05199999999987881
60.0,BackpressureStack,0,0.05299999999987648
60.0,BackpressureStack,0,0.05699999999986716
60.0,BackpressureStack,0,0.060999999999857835
60.0,BackpressureStack,0,0.061999999999855504
60.0,BackpressureStack,0,0.06599999999984618
60.0,BackpressureStack,0,0.06599999999984618
60.0,BackpressureStack,0,0.06899999999983919
60.0,BackpressureStack,0,0.06999999999983686
60.0,BackpressureStack,0,0.06999999999983686
60.0,BackpressureStack,0,0.07099999999983453
60.0,BackpressureStack,0,0.07399999999982754
60.0,BackpressureStack,0,0.0749999999998252
60.0,BackpressureStack,0,0.07599999999982288
60.0,BackpressureStack,0,0.07699999999982055
60.0,BackpressureStack,0,0.07799999999981821
60.0,BackpressureStack,0,0.08199999999980889
60.0,BackpressureStack,0,0.08199999999980889
60.0,BackpressureStack,0,0.08199999999980889
60.0,BackpressureStack,0,0.08399999999980423
60.0,BackpressureStack,0,0.0849999999998019
60.0,BackpressureStack,0,0.0849999999998019
60.0,BackpressureStack,0,0.08599999999979957
60.0,BackpressureStack,0,0.08799999999979491
60.0,BackpressureStack,0,0.08899999999979258
60.0,BackpressureStack,0,0.08899999999979258
60.0,BackpressureStack,0,0.08899999999979258
60.0,BackpressureStack,0,0.08999999999979025
60.0,BackpressureStack,0,0.0949999999997786
60.0,BackpressureStack,0,0.0949999999997786
60.0,BackpressureStack,0,0.10099999999976461
60.0,BackpressureStack,0,0.10199999999976228
60.0,BackpressureStack,0,0.10199999999976228
60.0,BackpressureStack,0,0.10199999999976228
60.0,BackpressureStack,0,0.10199999999976228
60.0,BackpressureStack,0,0.10299999999975995
60.0,BackpressureStack,0,0.10499999999975529
60.0,BackpressureStack,0,0.10699999999975063
60.0,BackpressureStack,0,0.10899999999974597
60.0,BackpressureStack,0,0.11199999999973898
60.0,BackpressureStack,0,0.11299999999973664
60.0,BackpressureStack,0,0.11599999999972965
60.0,BackpressureStack,0,0.11599999999972965
60.0,BackpressureStack,0,0.11599999999972965
60.0,BackpressureStack,0,0.11699999999972732
60.0,BackpressureStack,0,0.11899999999972266
60.0,BackpressureStack,0,0.11899999999972266
60.0,BackpressureStack,0,0.11899999999972266
60.0,BackpressureStack,0,0.11999999999972033
60.0,BackpressureStack,0,0.11999999999972033
60.0,BackpressureStack,0,0.120999999999718
60.0,BackpressureStack,0,0.12499999999970868
60.0,BackpressureStack,0,0.12799999999970169
60.0,BackpressureStack,0,0.1309999999996947
60.0,BackpressureStack,0,0.13499999999968537
60.0,BackpressureStack,0,0.13599999999968304
60.0,BackpressureStack,0,0.13899999999967605
60.0,BackpressureStack,0,0.13899999999967605
60.0,BackpressureStack,0,0.13899999999967605
60.0,BackpressureStack,0,0.13899999999967605
60.0,BackpressureStack,0,0.1409999999996714
60.0,BackpressureStack,0,0.1469999999996574
60.0,BackpressureStack,0,0.1829999999995735
60.0,BackpressureStack,0,0.1829999999995735
60.0,BackpressureStack,0,0.1829999999995735
60.0,BackpressureStack,0,0.22399999999947795
60.0,BackpressureStack,0,0.22399999999947795
60.0,BackpressureStack,0,0.2289999999994663
60.0,BackpressureStack,0,0.2319999999994593
60.0,BackpressureStack,0,0.23599999999944998
60.0,BackpressureStack,0,0.24399999999943134
60.0,BackpressureStack,0,0.24399999999943134
60.0,BackpressureStack,0,0.26699999999937774
60.0,BackpressureStack,0,0.26699999999937774
60.0,BackpressureStack,0,0.26699999999937774
60.0,BackpressureStack,0,0.2709999999993684
60.0,BackpressureStack,0,0.2849999999993358
60.0,BackpressureStack,0,0.2939999999993148
60.0,BackpressureStack,0,0.32499999999924256
60.0,BackpressureStack,0,0.33499999999921926
60.0,BackpressureStack,0,0.35499999999917264
60.0,BackpressureStack,0,0.36199999999915633
60.0,BackpressureStack,0,0.37099999999913535
60.0,BackpressureStack,0,0.37399999999912836
60.0,BackpressureStack,0,0.37799999999911904
60.0,BackpressureStack,0,0.4179999999990258
60.0,BackpressureStack,0,0.0009999999999976694
60.0,BackpressureStack,0,0.0009999999999976694
60.0,BackpressureStack,0,0.001999999999995339
60.0,BackpressureStack,0,0.001999999999995339
60.0,BackpressureStack,0,0.0029999999999930083
60.0,BackpressureStack,0,0.0029999999999930083
60.0,BackpressureStack,0,0.0029999999999930083
60.0,BackpressureStack,0,0.0029999999999930083
60.0,BackpressureStack,0,0.003999999999990678
60.0,BackpressureStack,0,0.003999999999990678
60.0,BackpressureStack,0,0.004999999999988347
60.0,BackpressureStack,0,0.004999999999988347
60.0,BackpressureStack,0,0.004999999999988347
60.0,BackpressureStack,0,0.004999999999988347
60.0,BackpressureStack,0,0.0059999999999860165
60.0,BackpressureStack,0,0.0059999999999860165
60.0,BackpressureStack,0,0.0059999999999860165
60.0,BackpressureStack,0,0.006999999999983686
60.0,BackpressureStack,0,0.007999999999981355
60.0,BackpressureStack,0,0.007999999999981355
60.0,BackpressureStack,0,0.008999999999979025
60.0,BackpressureStack,0,0.009999999999976694
60.0,BackpressureStack,0,0.010999999999974364
60.0,BackpressureStack,0,0.010999999999974364
60.0,BackpressureStack,0,0.014999999999965041
60.0,BackpressureStack,0,0.014999999999965041
60.0,BackpressureStack,0,0.014999999999965041
60.0,BackpressureStack,0,0.01599999999996271
60.0,BackpressureStack,0,0.01599999999996271
60.0,BackpressureStack,0,0.01599999999996271
60.0,BackpressureStack,0,0.01699999999996038
60.0,BackpressureStack,0,0.01899999999995572
60.0,BackpressureStack,0,0.01899999999995572
60.0,BackpressureStack,0,0.01999999999995339
60.0,BackpressureStack,0,0.01999999999995339
60.0,BackpressureStack,0,0.01999999999995339
60.0,BackpressureStack,0,0.020999999999951058
60.0,BackpressureStack,0,0.022999999999946397
60.0,BackpressureStack,0,0.022999999999946397
60.0,BackpressureStack,0,0.022999999999946397
60.0,BackpressureStack,0,0.022999999999946397
60.0,BackpressureStack,0,0.023999999999944066
60.0,BackpressureStack,0,0.023999999999944066
60.0,BackpressureStack,0,0.023999999999944066
60.0,BackpressureStack,0,0.024999999999941735
60.0,BackpressureStack,0,0.024999999999941735
60.0,BackpressureStack,0,0.025999999999939405
60.0,BackpressureStack,0,0.025999999999939405
60.0,BackpressureStack,0,0.025999999999939405
60.0,BackpressureStack,0,0.027999999999934744
60.0,BackpressureStack,0,0.027999999999934744
60.0,BackpressureStack,0,0.028999999999932413
60.0,BackpressureStack,0,0.028999999999932413
60.0,BackpressureStack,0,0.028999999999932413
60.0,BackpressureStack,0,0.028999999999932413
60.0,BackpressureStack,0,0.028999999999932413
60.0,BackpressureStack,0,0.029999999999930083
60.0,BackpressureStack,0,0.029999999999930083
60.0,BackpressureStack,0,0.030999999999927752
60.0,BackpressureStack,0,0.030999999999927752
60.0,BackpressureStack,0,0.030999999999927752
60.0,BackpressureStack,0,0.03199999999992542
60.0,BackpressureStack,0,0.03199999999992542
60.0,BackpressureStack,0,0.03299999999992309
60.0,BackpressureStack,0,0.03299999999992309
60.0,BackpressureStack,0,0.03399999999992076
60.0,BackpressureStack,0,0.03399999999992076
60.0,BackpressureStack,0,0.03999999999990678
60.0,BackpressureStack,0,0.03999999999990678
60.0,BackpressureStack,0,0.041999999999902116
60.0,BackpressureStack,0,0.041999999999902116
60.0,BackpressureStack,0,0.041999999999902116
60.0,BackpressureStack,0,0.043999999999897454
60.0,BackpressureStack,0,0.04599999999989279
60.0,BackpressureStack,0,0.04599999999989279
60.0,BackpressureStack,0,0.04799999999988813
60.0,BackpressureStack,0,0.04799999999988813
60.0,BackpressureStack,0,0.05099999999988114
60.0,BackpressureStack,0,0.05099999999988114
60.0,BackpressureStack,0,0.05199999999987881
60.0,BackpressureStack,0,0.05199999999987881
60.0,BackpressureStack,0,0.05199999999987881
60.0,BackpressureStack,0,0.05199999999987881
60.0,BackpressureStack,0,0.05499999999987182
60.0,BackpressureStack,0,0.05499999999987182
60.0,BackpressureStack,0,0.05499999999987182
60.0,BackpressureStack,0,0.05599999999986949
60.0,BackpressureStack,0,0.05699999999986716
60.0,BackpressureStack,0,0.05699999999986716
60.0,BackpressureStack,0,0.058999999999862496
60.0,BackpressureStack,0,0.059999999999860165
60.0,BackpressureStack,0,0.060999999999857835
60.0,BackpressureStack,0,0.061999999999855504
60.0,BackpressureStack,0,0.06399999999985084
60.0,BackpressureStack,0,0.06699999999984385
60.0,BackpressureStack,0,0.07099999999983453
60.0,BackpressureStack,0,0.07099999999983453
60.0,BackpressureStack,0,0.0719999999998322
60.0,BackpressureStack,0,0.07699999999982055
60.0,BackpressureStack,0,0.07699999999982055
60.0,BackpressureStack,0,0.07699999999982055
60.0,BackpressureStack,0,0.07699999999982055
60.0,BackpressureStack,0,0.07699999999982055
60.0,BackpressureStack,0,0.07999999999981355
60.0,BackpressureStack,0,0.07999999999981355
60.0,BackpressureStack,0,0.07999999999981355
60.0,BackpressureStack,0,0.08599999999979957
60.0,BackpressureStack,0,0.08599999999979957
60.0,BackpressureStack,0,0.08699999999979724
60.0,BackpressureStack,0,0.08799999999979491
60.0,BackpressureStack,0,0.09099999999978792
60.0,BackpressureStack,0,0.10699999999975063
60.0,BackpressureStack,0,0.10699999999975063
60.0,BackpressureStack,0,0.1079999999997483
60.0,BackpressureStack,0,0.10899999999974597
60.0,BackpressureStack,0,0.10899999999974597
60.0,BackpressureStack,0,0.10899999999974597
60.0,BackpressureStack,0,0.10899999999974597
60.0,BackpressureStack,0,0.10899999999974597
60.0,BackpressureStack,0,0.11299999999973664
60.0,BackpressureStack,0,0.11299999999973664
60.0,BackpressureStack,0,0.11299999999973664
60.0,BackpressureStack,0,0.11699999999972732
60.0,BackpressureStack,0,0.11899999999972266
60.0,BackpressureStack,0,0.12199999999971567
60.0,BackpressureStack,0,0.12199999999971567
60.0,BackpressureStack,0,0.12199999999971567
60.0,BackpressureStack,0,0.12299999999971334
60.0,BackpressureStack,0,0.12399999999971101
60.0,BackpressureStack,0,0.12399999999971101
60.0,BackpressureStack,0,0.12399999999971101
60.0,BackpressureStack,0,0.12399999999971101
60.0,BackpressureStack,0,0.12599999999970635
60.0,BackpressureStack,0,0.12999999999969702
60.0,BackpressureStack,0,0.12999999999969702
60.0,BackpressureStack,0,0.1539999999996411
60.0,BackpressureStack,0,0.1539999999996411
60.0,BackpressureStack,0,0.1599999999996271
60.0,BackpressureStack,0,0.16299999999962012
60.0,BackpressureStack,0,0.18699999999956418
60.0,BackpressureStack,0,0.1959999999995432
60.0,BackpressureStack,0,0.19999999999953388
60.0,BackpressureStack,0,0.19999999999953388
60.0,BackpressureStack,0,0.22999999999946397
60.0,BackpressureStack,0,0.2519999999994127
60.0,BackpressureStack,0,0.2519999999994127
60.0,BackpressureStack,0,0.26699999999937774
60.0,BackpressureStack,0,0.3139999999992682
60.0,BackpressureStack,0,0.3209999999992519
60.0,BackpressureStack,0,0.3209999999992519
60.0,BackpressureStack,0,0.3209999999992519
60.0,BackpressureStack,0,0.3309999999992286
60.0,BackpressureStack,0,0.33499999999921926
60.0,BackpressureStack,0,0.33499999999921926
60.0,BackpressureStack,0,0.33899999999920993
60.0,BackpressureStack,0,0.35199999999917964
60.0,BackpressureStack,0,0.35199999999917964
60.0,BackpressureStack,0,0.35799999999916565
60.0,BackpressureStack,0,0.36899999999914
60.0,BackpressureStack,0,0.37499999999912603
60.0,BackpressureStack,0,0.3949999999990794
60.0,BackpressureStack,0,0.4179999999990258
60.0,BackpressureStack,0,0.0009999999999976694
60.0,BackpressureStack,0,0.0009999999999976694
60.0,BackpressureStack,0,0.001999999999995339
60.0,BackpressureStack,0,0.0029999999999930083
60.0,BackpressureStack,0,0.003999999999990678
60.0,BackpressureStack,0,0.003999999999990678
60.0,BackpressureStack,0,0.004999999999988347
60.0,BackpressureStack,0,0.0059999999999860165
60.0,BackpressureStack,0,0.0059999999999860165
60.0,BackpressureStack,0,0.0059999999999860165
60.0,BackpressureStack,0,0.0059999999999860165
60.0,BackpressureStack,0,0.0059999999999860165
60.0,BackpressureStack,0,0.007999999999981355
60.0,BackpressureStack,0,0.007999999999981355
60.0,BackpressureStack,0,0.008999999999979025
60.0,BackpressureStack,0,0.008999999999979025
60.0,BackpressureStack,0,0.010999999999974364
60.0,BackpressureStack,0,0.011999999999972033
60.0,BackpressureStack,0,0.011999999999972033
60.0,BackpressureStack,0,0.012999999999969702
60.0,BackpressureStack,0,0.012999999999969702
60.0,BackpressureStack,0,0.013999999999967372
60.0,BackpressureStack,0,0.014999999999965041
60.0,BackpressureStack,0,0.014999999999965041
60.0,BackpressureStack,0,0.01599999999996271
60.0,BackpressureStack,0,0.01599999999996271
60.0,BackpressureStack,0,0.01599999999996271
60.0,BackpressureStack,0,0.01599999999996271
60.0,BackpressureStack,0,0.01599999999996271
60.0,BackpressureStack,0,0.01699999999996038
60.0,BackpressureStack,0,0.01699999999996038
60.0,BackpressureStack,0,0.01799999999995805
60.0,BackpressureStack,0,0.01799999999995805
60.0,BackpressureStack,0,0.01799999999995805
60.0,BackpressureStack,0,0.01799999999995805
60.0,BackpressureStack,0,0.01799999999995805
60.0,BackpressureStack,0,0.01899999999995572
60.0,BackpressureStack,0,0.01899999999995572
60.0,BackpressureStack,0,0.01999999999995339
60.0,BackpressureStack,0,0.01999999999995339
60.0,BackpressureStack,0,0.01999999999995339
60.0,BackpressureStack,0,0.020999999999951058
60.0,BackpressureStack,0,0.020999999999951058
60.0,BackpressureStack,0,0.021999999999948727
60.0,BackpressureStack,0,0.021999999999948727
60.0,BackpressureStack,0,0.023999999999944066
60.0,BackpressureStack,0,0.024999999999941735
60.0,BackpressureStack,0,0.024999999999941735
60.0,BackpressureStack,0,0.026999999999937074
60.0,BackpressureStack,0,0.028999999999932413
60.0,BackpressureStack,0,0.029999999999930083
60.0,BackpressureStack,0,0.029999999999930083
60.0,BackpressureStack,0,0.029999999999930083
60.0,BackpressureStack,0,0.029999999999930083
60.0,BackpressureStack,0,0.030999999999927752
60.0,BackpressureStack,0,0.03199999999992542
60.0,BackpressureStack,0,0.03299999999992309
60.0,BackpressureStack,0,0.03299999999992309
60.0,BackpressureStack,0,0.03299999999992309
60.0,BackpressureStack,0,0.03299999999992309
60.0,BackpressureStack,0,0.03299999999992309
60.0,BackpressureStack,0,0.03399999999992076
60.0,BackpressureStack,0,0.040999999999904446
60.0,BackpressureStack,0,0.041999999999902116
60.0,BackpressureStack,0,0.042999999999899785
60.0,BackpressureStack,0,0.043999999999897454
60.0,BackpressureStack,0,0.044999999999895124
60.0,BackpressureStack,0,0.044999999999895124
60.0,BackpressureStack,0,0.0489999999998858
60.0,BackpressureStack,0,0.0489999999998858
60.0,BackpressureStack,0,0.0489999999998858
60.0,BackpressureStack,0,0.0489999999998858
60.0,BackpressureStack,0,0.04999999999988347
60.0,BackpressureStack,0,0.04999999999988347
60.0,BackpressureStack,0,0.05199999999987881
60.0,BackpressureStack,0,0.05299999999987648
60.0,BackpressureStack,0,0.05399999999987415
60.0,BackpressureStack,0,0.05399999999987415
60.0,BackpressureStack,0,0.05599999999986949
60.0,BackpressureStack,0,0.05699999999986716
60.0,BackpressureStack,0,0.05699999999986716
60.0,BackpressureStack,0,0.05699999999986716
60.0,BackpressureStack,0,0.05699999999986716
60.0,BackpressureStack,0,0.058999999999862496
60.0,BackpressureStack,0,0.059999999999860165
60.0,BackpressureStack,0,0.060999999999857835
60.0,BackpressureStack,0,0.060999999999857835
60.0,BackpressureStack,0,0.060999999999857835
60.0,BackpressureStack,0,0.06299999999985317
60.0,BackpressureStack,0,0.06499999999984851
60.0,BackpressureStack,0,0.06499999999984851
60.0,BackpressureStack,0,0.06599999999984618
60.0,BackpressureStack,0,0.06599999999984618
60.0,BackpressureStack,0,0.06699999999984385
60.0,BackpressureStack,0,0.06799999999984152
60.0,BackpressureStack,0,0.06799999999984152
60.0,BackpressureStack,0,0.06899999999983919
60.0,BackpressureStack,0,0.06899999999983919
60.0,BackpressureStack,0,0.06899999999983919
60.0,BackpressureStack,0,0.06899999999983919
60.0,BackpressureStack,0,0.06999999999983686
60.0,BackpressureStack,0,0.06999999999983686
60.0,BackpressureStack,0,0.06999999999983686
60.0,BackpressureStack,0,0.06999999999983686
60.0,BackpressureStack,0,0.07099999999983453
60.0,BackpressureStack,0,0.0719999999998322
60.0,BackpressureStack,0,0.07399999999982754
60.0,BackpressureStack,0,0.0749999999998252
60.0,BackpressureStack,0,0.0749999999998252
60.0,BackpressureStack,0,0.0749999999998252
60.0,BackpressureStack,0,0.0749999999998252
60.0,BackpressureStack,0,0.07599999999982288
60.0,BackpressureStack,0,0.07799999999981821
60.0,BackpressureStack,0,0.07799999999981821
60.0,BackpressureStack,0,0.07799999999981821
60.0,BackpressureStack,0,0.07799999999981821
60.0,BackpressureStack,0,0.07899999999981588
60.0,BackpressureStack,0,0.07899999999981588
60.0,BackpressureStack,0,0.07899999999981588
60.0,BackpressureStack,0,0.07999999999981355
60.0,BackpressureStack,0,0.08199999999980889
60.0,BackpressureStack,0,0.08199999999980889
60.0,BackpressureStack,0,0.08199999999980889
60.0,BackpressureStack,0,0.08599999999979957
60.0,BackpressureStack,0,0.08699999999979724
60.0,BackpressureStack,0,0.09199999999978559
60.0,BackpressureStack,0,0.09199999999978559
60.0,BackpressureStack,0,0.09199999999978559
60.0,BackpressureStack,0,0.09999999999976694
60.0,BackpressureStack,0,0.10099999999976461
60.0,BackpressureStack,0,0.10099999999976461
60.0,BackpressureStack,0,0.10399999999975762
60.0,BackpressureStack,0,0.10699999999975063
60.0,BackpressureStack,0,0.10699999999975063
60.0,BackpressureStack,0,0.10699999999975063
60.0,BackpressureStack,0,0.10699999999975063
60.0,BackpressureStack,0,0.1079999999997483
60.0,BackpressureStack,0,0.1109999999997413
60.0,BackpressureStack,0,0.11399999999973431
60.0,BackpressureStack,0,0.12599999999970635
60.0,BackpressureStack,0,0.1439999999996644
60.0,BackpressureStack,0,0.15099999999964808
60.0,BackpressureStack,0,0.1569999999996341
60.0,BackpressureStack,0,0.18499999999956884
60.0,BackpressureStack,0,0.20399999999952456
60.0,BackpressureStack,0,0.21699999999949426
60.0,BackpressureStack,0,0.21799999999949193
60.0,BackpressureStack,0,0.2219999999994826
60.0,BackpressureStack,0,0.23299999999945697
60.0,BackpressureStack,0,0.2639999999993847
60.0,BackpressureStack,0,0.2639999999993847
60.0,BackpressureStack,0,0.2649999999993824
60.0,BackpressureStack,0,0.2649999999993824
60.0,BackpressureStack,0,0.2739999999993614
60.0,BackpressureStack,0,0.2779999999993521
60.0,BackpressureStack,0,0.27999999999934744
60.0,BackpressureStack,0,0.28599999999933345
60.0,BackpressureStack,0,0.2879999999993288
60.0,BackpressureStack,0,0.2879999999993288
60.0,BackpressureStack,0,0.28999999999932413
60.0,BackpressureStack,0,0.28999999999932413
60.0,BackpressureStack,0,0.29199999999931947
60.0,BackpressureStack,0,0.29299999999931714
60.0,BackpressureStack,0,0.3009999999992985
60.0,BackpressureStack,0,0.3009999999992985
60.0,BackpressureStack,0,0.3009999999992985
60.0,BackpressureStack,0,0.3009999999992985
60.0,BackpressureStack,0,0.30199999999929616
60.0,BackpressureStack,0,0.3039999999992915
60.0,BackpressureStack,0,0.31499999999926587
60.0,BackpressureStack,0,0.001999999999995339
60.0,BackpressureStack,0,0.001999999999995339
60.0,BackpressureStack,0,0.003999999999990678
60.0,BackpressureStack,0,0.003999999999990678
60.0,BackpressureStack,0,0.003999999999990678
60.0,BackpressureStack,0,0.004999999999988347
60.0,BackpressureStack,0,0.004999999999988347
60.0,BackpressureStack,0,0.004999999999988347
60.0,BackpressureStack,0,0.004999999999988347
60.0,BackpressureStack,0,0.0059999999999860165
60.0,BackpressureStack,0,0.0059999999999860165
60.0,BackpressureStack,0,0.006999999999983686
60.0,BackpressureStack,0,0.006999999999983686
60.0,BackpressureStack,0,0.007999999999981355
60.0,BackpressureStack,0,0.007999999999981355
60.0,BackpressureStack,0,0.008999999999979025
60.0,BackpressureStack,0,0.008999999999979025
60.0,BackpressureStack,0,0.009999999999976694
60.0,BackpressureStack,0,0.009999999999976694
60.0,BackpressureStack,0,0.010999999999974364
60.0,BackpressureStack,0,0.010999999999974364
60.0,BackpressureStack,0,1.0109999999976438
60.0,BackpressureStack,0,0.011999999999972033
60.0,BackpressureStack,0,0.011999999999972033
60.0,BackpressureStack,0,0.011999999999972033
60.0,BackpressureStack,0,0.011999999999972033
60.0,BackpressureStack,0,0.014999999999965041
60.0,BackpressureStack,0,0.014999999999965041
60.0,BackpressureStack,0,0.01699999999996038
60.0,BackpressureStack,0,0.01699999999996038
60.0,BackpressureStack,0,0.01699999999996038
60.0,BackpressureStack,0,0.01799999999995805
60.0,BackpressureStack,0,0.01799999999995805
60.0,BackpressureStack,0,0.01899999999995572
60.0,BackpressureStack,0,0.01999999999995339
60.0,BackpressureStack,0,0.01999999999995339
60.0,BackpressureStack,0,0.021999999999948727
60.0,BackpressureStack,0,0.021999999999948727
60.0,BackpressureStack,0,0.021999999999948727
60.0,BackpressureStack,0,0.021999999999948727
60.0,BackpressureStack,0,0.022999999999946397
60.0,BackpressureStack,0,0.022999999999946397
60.0,BackpressureStack,0,0.022999999999946397
60.0,BackpressureStack,0,0.025999999999939405
60.0,BackpressureStack,0,0.025999999999939405
60.0,BackpressureStack,0,0.027999999999934744
60.0,BackpressureStack,0,0.03199999999992542
60.0,BackpressureStack,0,0.03199999999992542
60.0,BackpressureStack,0,0.03199999999992542
60.0,BackpressureStack,0,0.03199999999992542
60.0,BackpressureStack,0,0.03199999999992542
60.0,BackpressureStack,0,0.03199999999992542
60.0,BackpressureStack,0,0.03299999999992309
60.0,BackpressureStack,0,0.03399999999992076
60.0,BackpressureStack,0,0.03399999999992076
60.0,BackpressureStack,0,0.03499999999991843
60.0,BackpressureStack,0,0.03499999999991843
60.0,BackpressureStack,0,0.03499999999991843
60.0,BackpressureStack,0,0.0359999999999161
60.0,BackpressureStack,0,0.03699999999991377
60.0,BackpressureStack,0,0.03899999999990911
60.0,BackpressureStack,0,0.03999999999990678
60.0,BackpressureStack,0,0.040999999999904446
60.0,BackpressureStack,0,0.041999999999902116
60.0,BackpressureStack,0,0.041999999999902116
60.0,BackpressureStack,0,0.042999999999899785
60.0,BackpressureStack,0,0.042999999999899785
60.0,BackpressureStack,0,0.042999999999899785
60.0,BackpressureStack,0,0.042999999999899785
60.0,BackpressureStack,0,0.044999999999895124
60.0,BackpressureStack,0,0.04599999999989279
60.0,BackpressureStack,0,0.04699999999989046
60.0,BackpressureStack,0,0.04699999999989046
60.0,BackpressureStack,0,0.0489999999998858
60.0,BackpressureStack,0,0.04999999999988347
60.0,BackpressureStack,0,0.04999999999988347
60.0,BackpressureStack,0,0.04999999999988347
60.0,BackpressureStack,0,0.05499999999987182
60.0,BackpressureStack,0,0.057999999999864826
60.0,BackpressureStack,0,0.057999999999864826
60.0,BackpressureStack,0,1.058999999997532
60.0,BackpressureStack,0,1.058999999997532
60.0,BackpressureStack,0,0.058999999999862496
60.0,BackpressureStack,0,0.06299999999985317
60.0,BackpressureStack,0,0.06599999999984618
60.0,BackpressureStack,0,0.06699999999984385
60.0,BackpressureStack,0,0.06699999999984385
60.0,BackpressureStack,0,0.06699999999984385
60.0,BackpressureStack,0,0.06699999999984385
60.0,BackpressureStack,0,0.06699999999984385
60.0,BackpressureStack,0,0.06899999999983919
60.0,BackpressureStack,0,1.0689999999975086
60.0,BackpressureStack,0,1.0689999999975086
60.0,BackpressureStack,0,0.0719999999998322
60.0,BackpressureStack,0,0.0719999999998322
60.0,BackpressureStack,0,0.0719999999998322
60.0,BackpressureStack,0,0.07299999999982987
60.0,BackpressureStack,0,0.07299999999982987
60.0,BackpressureStack,0,0.07299999999982987
60.0,BackpressureStack,0,0.0749999999998252
60.0,BackpressureStack,0,0.07699999999982055
60.0,BackpressureStack,0,0.07899999999981588
60.0,BackpressureStack,0,0.07899999999981588
60.0,BackpressureStack,0,0.08099999999981122
60.0,BackpressureStack,0,0.08199999999980889
60.0,BackpressureStack,0,0.0849999999998019
60.0,BackpressureStack,0,0.08599999999979957
60.0,BackpressureStack,0,0.08599999999979957
60.0,BackpressureStack,0,0.08699999999979724
60.0,BackpressureStack,0,0.08699999999979724
60.0,BackpressureStack,0,0.08699999999979724
60.0,BackpressureStack,0,0.08799999999979491
60.0,BackpressureStack,0,0.08899999999979258
60.0,BackpressureStack,0,0.09199999999978559
60.0,BackpressureStack,0,0.09199999999978559
60.0,BackpressureStack,0,0.09199999999978559
60.0,BackpressureStack,0,0.09299999999978326
60.0,BackpressureStack,0,1.0959999999974457
60.0,BackpressureStack,0,0.09599999999977626
60.0,BackpressureStack,0,0.0979999999997716
60.0,BackpressureStack,0,0.0979999999997716
60.0,BackpressureStack,0,0.09999999999976694
60.0,BackpressureStack,0,0.10099999999976461
60.0,BackpressureStack,0,0.10199999999976228
60.0,BackpressureStack,0,0.10199999999976228
60.0,BackpressureStack,0,0.10399999999975762
60.0,BackpressureStack,0,0.10399999999975762
60.0,BackpressureStack,0,0.1109999999997413
60.0,BackpressureStack,0,0.1109999999997413
60.0,BackpressureStack,0,0.11299999999973664
60.0,BackpressureStack,0,0.11299999999973664
60.0,BackpressureStack,0,0.11699999999972732
60.0,BackpressureStack,0,0.12599999999970635
60.0,BackpressureStack,0,0.12799999999970169
60.0,BackpressureStack,0,0.14799999999965507
60.0,BackpressureStack,0,0.14799999999965507
60.0,BackpressureStack,0,0.15599999999963643
60.0,BackpressureStack,0,0.1569999999996341
60.0,BackpressureStack,0,0.1569999999996341
60.0,BackpressureStack,0,0.1569999999996341
60.0,BackpressureStack,0,0.15799999999963177
60.0,BackpressureStack,0,0.15899999999962944
60.0,BackpressureStack,0,0.15899999999962944
60.0,BackpressureStack,0,0.1599999999996271
60.0,BackpressureStack,0,0.1599999999996271
60.0,BackpressureStack,0,0.16199999999962245
60.0,BackpressureStack,0,0.16199999999962245
60.0,BackpressureStack,0,0.16499999999961545
60.0,BackpressureStack,0,0.16599999999961312
60.0,BackpressureStack,0,0.1799999999995805
60.0,BackpressureStack,0,0.18499999999956884
60.0,BackpressureStack,0,0.1859999999995665
60.0,BackpressureStack,0,0.18899999999955952
60.0,BackpressureStack,0,0.18899999999955952
60.0,BackpressureStack,0,0.18899999999955952
60.0,BackpressureStack,0,0.19899999999953621
60.0,BackpressureStack,0,0.19899999999953621
60.0,BackpressureStack,0,0.20799999999951524
60.0,BackpressureStack,0,0.20799999999951524
60.0,BackpressureStack,0,0.2129999999995036
60.0,BackpressureStack,0,0.22299999999948028
60.0,BackpressureStack,0,0.24299999999943367
60.0,BackpressureStack,0,0.24299999999943367
60.0,BackpressureStack,0,0.24399999999943134
60.0,BackpressureStack,0,0.24399999999943134
60.0,BackpressureStack,0,0.24399999999943134
60.0,BackpressureStack,0,0.24399999999943134
60.0,BackpressureStack,0,0.24399999999943134
60.0,BackpressureStack,0,0.24399999999943134
60.0,BackpressureStack,0,0.24399999999943134
60.0,BackpressureStack,0,0.2579999999993987
60.0,BackpressureStack,0,0.2649999999993824
60.0,BackpressureStack,0,0.26599999999938007
60.0,BackpressureStack,0,0.26599999999938007
60.0,BackpressureStack,0,0.2719999999993661
60.0,BackpressureStack,0,0.2779999999993521
60.0,BackpressureStack,0,0.28299999999934045
60.0,BackpressureStack,0,0.29299999999931714
60.0,BackpressureStack,0,0.3009999999992985
60.0,BackpressureStack,0,0.3049999999992892
60.0,BackpressureStack,0,0.3079999999992822
60.0,BackpressureStack,0,0.3079999999992822
60.0,BackpressureStack,0,0.001999999999995339
60.0,BackpressureStack,0,0.003999999999990678
60.0,BackpressureStack,0,0.004999999999988347
60.0,BackpressureStack,0,0.0059999999999860165
60.0,BackpressureStack,0,0.0059999999999860165
60.0,BackpressureStack,0,0.0059999999999860165
60.0,BackpressureStack,0,0.0059999999999860165
60.0,BackpressureStack,0,0.006999999999983686
60.0,BackpressureStack,0,0.006999999999983686
60.0,BackpressureStack,0,1.0079999999976508
60.0,BackpressureStack,0,0.007999999999981355
60.0,BackpressureStack,0,0.007999999999981355
60.0,BackpressureStack,0,0.007999999999981355
60.0,BackpressureStack,0,0.008999999999979025
60.0,BackpressureStack,0,0.008999999999979025
60.0,BackpressureStack,0,0.009999999999976694
60.0,BackpressureStack,0,0.009999999999976694
60.0,BackpressureStack,0,0.009999999999976694
60.0,BackpressureStack,0,0.010999999999974364
60.0,BackpressureStack,0,0.010999999999974364
60.0,BackpressureStack,0,0.011999999999972033
60.0,BackpressureStack,0,0.012999999999969702
60.0,BackpressureStack,0,0.012999999999969702
60.0,BackpressureStack,0,0.012999999999969702
60.0,BackpressureStack,0,0.012999999999969702
60.0,BackpressureStack,0,0.013999999999967372
60.0,BackpressureStack,0,0.014999999999965041
60.0,BackpressureStack,0,0.014999999999965041
60.0,BackpressureStack,0,0.01599999999996271
60.0,BackpressureStack,0,0.01599999999996271
60.0,BackpressureStack,0,0.01599999999996271
60.0,BackpressureStack,0,0.01599999999996271
60.0,BackpressureStack,0,0.01699999999996038
60.0,BackpressureStack,0,1.0179999999976275
60.0,BackpressureStack,0,0.01799999999995805
60.0,BackpressureStack,0,0.01799999999995805
60.0,BackpressureStack,0,0.01799999999995805
60.0,BackpressureStack,0,0.01799999999995805
60.0,BackpressureStack,0,0.01799999999995805
60.0,BackpressureStack,0,0.01899999999995572
60.0,BackpressureStack,0,0.01899999999995572
60.0,BackpressureStack,0,0.01899999999995572
60.0,BackpressureStack,0,0.01899999999995572
60.0,BackpressureStack,0,0.01999999999995339
60.0,BackpressureStack,0,0.01999999999995339
60.0,BackpressureStack,0,0.020999999999951058
60.0,BackpressureStack,0,0.020999999999951058
60.0,BackpressureStack,0,0.021999999999948727
60.0,BackpressureStack,0,0.022999999999946397
60.0,BackpressureStack,0,0.022999999999946397
60.0,BackpressureStack,0,0.023999999999944066
60.0,BackpressureStack,0,0.024999999999941735
60.0,BackpressureStack,0,0.024999999999941735
60.0,BackpressureStack,0,0.026999999999937074
60.0,BackpressureStack,0,0.028999999999932413
60.0,BackpressureStack,0,0.029999999999930083
60.0,BackpressureStack,0,0.03199999999992542
60.0,BackpressureStack,0,0.03199999999992542
60.0,BackpressureStack,0,0.03199999999992542
60.0,BackpressureStack,0,0.03199999999992542
60.0,BackpressureStack,0,0.03299999999992309
60.0,BackpressureStack,0,0.03299999999992309
60.0,BackpressureStack,0,0.03499999999991843
60.0,BackpressureStack,0,0.03499999999991843
60.0,BackpressureStack,0,0.0359999999999161
60.0,BackpressureStack,0,0.03699999999991377
60.0,BackpressureStack,0,0.03699999999991377
60.0,BackpressureStack,0,0.03799999999991144
60.0,BackpressureStack,0,0.03899999999990911
60.0,BackpressureStack,0,0.03999999999990678
60.0,BackpressureStack,0,0.041999999999902116
60.0,BackpressureStack,0,0.042999999999899785
60.0,BackpressureStack,0,0.042999999999899785
60.0,BackpressureStack,0,0.042999999999899785
60.0,BackpressureStack,0,0.042999999999899785
60.0,BackpressureStack,0,0.044999999999895124
60.0,BackpressureStack,0,0.044999999999895124
60.0,BackpressureStack,0,0.04599999999989279
60.0,BackpressureStack,0,0.04599999999989279
60.0,BackpressureStack,0,0.04699999999989046
60.0,BackpressureStack,0,0.04699999999989046
60.0,BackpressureStack,0,0.04699999999989046
60.0,BackpressureStack,0,0.0489999999998858
60.0,BackpressureStack,0,0.0489999999998858
60.0,BackpressureStack,0,0.04999999999988347
60.0,BackpressureStack,0,0.04999999999988347
60.0,BackpressureStack,0,0.05099999999988114
60.0,BackpressureStack,0,0.05199999999987881
60.0,BackpressureStack,0,0.05399999999987415
60.0,BackpressureStack,0,0.05399999999987415
60.0,BackpressureStack,0,0.05499999999987182
60.0,BackpressureStack,0,0.05499999999987182
60.0,BackpressureStack,0,0.05599999999986949
60.0,BackpressureStack,0,0.05599999999986949
60.0,BackpressureStack,0,0.05599999999986949
60.0,BackpressureStack,0,0.05599999999986949
60.0,BackpressureStack,0,0.05599999999986949
60.0,BackpressureStack,0,0.05699999999986716
60.0,BackpressureStack,0,0.059999999999860165
60.0,BackpressureStack,0,0.059999999999860165
60.0,BackpressureStack,0,0.059999999999860165
60.0,BackpressureStack,0,0.060999999999857835
60.0,BackpressureStack,0,0.061999999999855504
60.0,BackpressureStack,0,0.061999999999855504
60.0,BackpressureStack,0,0.06299999999985317
60.0,BackpressureStack,0,0.06599999999984618
60.0,BackpressureStack,0,0.06799999999984152
60.0,BackpressureStack,0,0.06799999999984152
60.0,BackpressureStack,0,0.06799999999984152
60.0,BackpressureStack,0,0.06899999999983919
60.0,BackpressureStack,0,0.06899999999983919
60.0,BackpressureStack,0,0.07099999999983453
60.0,BackpressureStack,0,1.0749999999974946
60.0,BackpressureStack,0,0.0749999999998252
60.0,BackpressureStack,0,0.0749999999998252
60.0,BackpressureStack,0,0.0749999999998252
60.0,BackpressureStack,0,1.0759999999974923
60.0,BackpressureStack,0,1.0759999999974923
60.0,BackpressureStack,0,0.07599999999982288
60.0,BackpressureStack,0,0.07699999999982055
60.0,BackpressureStack,0,0.07799999999981821
60.0,BackpressureStack,0,0.07899999999981588
60.0,BackpressureStack,0,0.07999999999981355
60.0,BackpressureStack,0,0.07999999999981355
60.0,BackpressureStack,0,0.07999999999981355
60.0,BackpressureStack,0,0.08099999999981122
60.0,BackpressureStack,0,0.08199999999980889
60.0,BackpressureStack,0,0.08199999999980889
60.0,BackpressureStack,0,0.08299999999980656
60.0,BackpressureStack,0,0.08399999999980423
60.0,BackpressureStack,0,0.08599999999979957
60.0,BackpressureStack,0,0.08699999999979724
60.0,BackpressureStack,0,0.08699999999979724
60.0,BackpressureStack,0,0.08799999999979491
60.0,BackpressureStack,0,0.08999999999979025
60.0,BackpressureStack,0,0.09199999999978559
60.0,BackpressureStack,0,0.09199999999978559
60.0,BackpressureStack,0,0.09299999999978326
60.0,BackpressureStack,0,0.09299999999978326
60.0,BackpressureStack,0,0.09599999999977626
60.0,BackpressureStack,0,0.09599999999977626
60.0,BackpressureStack,0,0.09899999999976927
60.0,BackpressureStack,0,0.09899999999976927
60.0,BackpressureStack,0,0.09999999999976694
60.0,BackpressureStack,0,0.10099999999976461
60.0,BackpressureStack,0,0.10299999999975995
60.0,BackpressureStack,0,0.10299999999975995
60.0,BackpressureStack,0,0.10299999999975995
60.0,BackpressureStack,0,0.10399999999975762
60.0,BackpressureStack,0,0.10399999999975762
60.0,BackpressureStack,0,0.10599999999975296
60.0,BackpressureStack,0,0.10699999999975063
60.0,BackpressureStack,0,0.1079999999997483
60.0,BackpressureStack,0,0.1079999999997483
60.0,BackpressureStack,0,0.10899999999974597
60.0,BackpressureStack,0,0.10999999999974364
60.0,BackpressureStack,0,0.10999999999974364
60.0,BackpressureStack,0,0.11199999999973898
60.0,BackpressureStack,0,0.11499999999973198
60.0,BackpressureStack,0,0.12399999999971101
60.0,BackpressureStack,0,0.12899999999969936
60.0,BackpressureStack,0,0.12899999999969936
60.0,BackpressureStack,0,0.1309999999996947
60.0,BackpressureStack,0,0.1409999999996714
60.0,BackpressureStack,0,0.1409999999996714
60.0,BackpressureStack,0,0.1409999999996714
60.0,BackpressureStack,0,0.1469999999996574
60.0,BackpressureStack,0,0.15299999999964342
60.0,BackpressureStack,0,0.15299999999964342
60.0,BackpressureStack,0,0.15299999999964342
60.0,BackpressureStack,0,0.15299999999964342
60.0,BackpressureStack,0,0.1539999999996411
60.0,BackpressureStack,0,0.1539999999996411
60.0,BackpressureStack,0,0.1539999999996411
60.0,BackpressureStack,0,0.1539999999996411
60.0,BackpressureStack,0,0.15499999999963876
60.0,BackpressureStack,0,0.16099999999962478
60.0,BackpressureStack,0,0.16099999999962478
60.0,BackpressureStack,0,0.16899999999960613
60.0,BackpressureStack,0,0.17399999999959448
60.0,BackpressureStack,0,0.20699999999951757
60.0,BackpressureStack,0,0.20699999999951757
60.0,BackpressureStack,0,0.2259999999994733
60.0,BackpressureStack,0,0.24899999999941969
60.0,BackpressureStack,0,0.24899999999941969
60.0,BackpressureStack,0,0.24999999999941735
60.0,BackpressureStack,0,0.26699999999937774
60.0,BackpressureStack,0,0.26699999999937774
60.0,BackpressureStack,0,0.2869999999993311
60.0,BackpressureStack,0,0.29299999999931714
60.0,BackpressureStack,0,0.30899999999927985
60.0,BackpressureStack,0,0.0009999999999976694
60.0,BackpressureStack,0,0.0009999999999976694
60.0,BackpressureStack,0,0.0009999999999976694
60.0,BackpressureStack,0,0.001999999999995339
60.0,BackpressureStack,0,0.001999999999995339
60.0,BackpressureStack,0,0.001999999999995339
60.0,BackpressureStack,0,0.0029999999999930083
60.0,BackpressureStack,0,0.003999999999990678
60.0,BackpressureStack,0,0.006999999999983686
60.0,BackpressureStack,0,0.008999999999979025
60.0,BackpressureStack,0,0.009999999999976694
60.0,BackpressureStack,0,0.010999999999974364
60.0,BackpressureStack,0,0.010999999999974364
60.0,BackpressureStack,0,0.011999999999972033
60.0,BackpressureStack,0,0.011999999999972033
60.0,BackpressureStack,0,0.012999999999969702
60.0,BackpressureStack,0,0.013999999999967372
60.0,BackpressureStack,0,0.013999999999967372
60.0,BackpressureStack,0,0.01599999999996271
60.0,BackpressureStack,0,0.01699999999996038
60.0,BackpressureStack,0,0.01799999999995805
60.0,BackpressureStack,0,0.01899999999995572
60.0,BackpressureStack,0,0.01899999999995572
60.0,BackpressureStack,0,0.020999999999951058
60.0,BackpressureStack,0,0.020999999999951058
60.0,BackpressureStack,0,0.023999999999944066
60.0,BackpressureStack,0,0.023999999999944066
60.0,BackpressureStack,0,0.023999999999944066
60.0,BackpressureStack,0,0.027999999999934744
60.0,BackpressureStack,0,0.027999999999934744
60.0,BackpressureStack,0,0.027999999999934744
60.0,BackpressureStack,0,0.027999999999934744
60.0,BackpressureStack,0,0.030999999999927752
60.0,BackpressureStack,0,0.03299999999992309
60.0,BackpressureStack,0,0.03299999999992309
60.0,BackpressureStack,0,0.03299999999992309
60.0,BackpressureStack,0,0.03299999999992309
60.0,BackpressureStack,0,0.03399999999992076
60.0,BackpressureStack,0,0.03399999999992076
60.0,BackpressureStack,0,0.03499999999991843
60.0,BackpressureStack,0,0.0359999999999161
60.0,BackpressureStack,0,0.03699999999991377
60.0,BackpressureStack,0,0.03899999999990911
60.0,BackpressureStack,0,0.03899999999990911
60.0,BackpressureStack,0,0.03999999999990678
60.0,BackpressureStack,0,0.03999999999990678
60.0,BackpressureStack,0,0.043999999999897454
60.0,BackpressureStack,0,0.043999999999897454
60.0,BackpressureStack,0,0.044999999999895124
60.0,BackpressureStack,0,0.04599999999989279
60.0,BackpressureStack,0,0.04599999999989279
60.0,BackpressureStack,0,0.04599999999989279
60.0,BackpressureStack,0,0.04599999999989279
60.0,BackpressureStack,0,0.04699999999989046
60.0,BackpressureStack,0,0.04699999999989046
60.0,BackpressureStack,0,0.04699999999989046
60.0,BackpressureStack,0,0.04799999999988813
60.0,BackpressureStack,0,0.04999999999988347
60.0,BackpressureStack,0,0.04999999999988347
60.0,BackpressureStack,0,0.04999999999988347
60.0,BackpressureStack,0,0.05099999999988114
60.0,BackpressureStack,0,0.05199999999987881
60.0,BackpressureStack,0,0.05299999999987648
60.0,BackpressureStack,0,0.05399999999987415
60.0,BackpressureStack,0,0.05399999999987415
60.0,BackpressureStack,0,0.05699999999986716
60.0,BackpressureStack,0,0.059999999999860165
60.0,BackpressureStack,0,0.059999999999860165
60.0,BackpressureStack,0,0.060999999999857835
60.0,BackpressureStack,0,0.060999999999857835
60.0,BackpressureStack,0,0.060999999999857835
60.0,BackpressureStack,0,0.061999999999855504
60.0,BackpressureStack,0,0.06399999999985084
60.0,BackpressureStack,0,0.06399999999985084
60.0,BackpressureStack,0,0.06399999999985084
60.0,BackpressureStack,0,0.06399999999985084
60.0,BackpressureStack,0,0.06399999999985084
60.0,BackpressureStack,0,0.06699999999984385
60.0,BackpressureStack,0,0.06799999999984152
60.0,BackpressureStack,0,0.06799999999984152
60.0,BackpressureStack,0,0.06799999999984152
60.0,BackpressureStack,0,0.06799999999984152
60.0,BackpressureStack,0,0.06799999999984152
60.0,BackpressureStack,0,0.06799999999984152
60.0,BackpressureStack,0,0.06899999999983919
60.0,BackpressureStack,0,0.06899999999983919
60.0,BackpressureStack,0,0.06999999999983686
60.0,BackpressureStack,0,0.07099999999983453
60.0,BackpressureStack,0,0.07099999999983453
60.0,BackpressureStack,0,0.0719999999998322
60.0,BackpressureStack,0,0.0719999999998322
60.0,BackpressureStack,0,0.0719999999998322
60.0,BackpressureStack,0,0.0719999999998322
60.0,BackpressureStack,0,0.07399999999982754
60.0,BackpressureStack,0,0.07599999999982288
60.0,BackpressureStack,0,0.07599999999982288
60.0,BackpressureStack,0,0.07699999999982055
60.0,BackpressureStack,0,0.07699999999982055
60.0,BackpressureStack,0,0.07699999999982055
60.0,BackpressureStack,0,0.07899999999981588
60.0,BackpressureStack,0,0.07899999999981588
60.0,BackpressureStack,0,0.07999999999981355
60.0,BackpressureStack,0,0.07999999999981355
60.0,BackpressureStack,0,0.08099999999981122
60.0,BackpressureStack,0,0.08199999999980889
60.0,BackpressureStack,0,0.08299999999980656
60.0,BackpressureStack,0,0.08299999999980656
60.0,BackpressureStack,0,0.08599999999979957
60.0,BackpressureStack,0,0.08699999999979724
60.0,BackpressureStack,0,0.08699999999979724
60.0,BackpressureStack,0,0.08699999999979724
60.0,BackpressureStack,0,0.08799999999979491
60.0,BackpressureStack,0,0.08899999999979258
60.0,BackpressureStack,0,0.08899999999979258
60.0,BackpressureStack,0,0.08899999999979258
60.0,BackpressureStack,0,0.09099999999978792
60.0,BackpressureStack,0,0.09199999999978559
60.0,BackpressureStack,0,0.09299999999978326
60.0,BackpressureStack,0,0.0949999999997786
60.0,BackpressureStack,0,0.09599999999977626
60.0,BackpressureStack,0,0.09699999999977393
60.0,BackpressureStack,0,0.0979999999997716
60.0,BackpressureStack,0,0.09899999999976927
60.0,BackpressureStack,0,0.09999999999976694
60.0,BackpressureStack,0,0.09999999999976694
60.0,BackpressureStack,0,0.09999999999976694
60.0,BackpressureStack,0,0.10199999999976228
60.0,BackpressureStack,0,0.10199999999976228
60.0,BackpressureStack,0,0.10299999999975995
60.0,BackpressureStack,0,0.10299999999975995
60.0,BackpressureStack,0,0.10399999999975762
60.0,BackpressureStack,0,0.10599999999975296
60.0,BackpressureStack,0,0.1079999999997483
60.0,BackpressureStack,0,0.1079999999997483
60.0,BackpressureStack,0,0.1109999999997413
60.0,BackpressureStack,0,0.11199999999973898
60.0,BackpressureStack,0,0.11199999999973898
60.0,BackpressureStack,0,0.11399999999973431
60.0,BackpressureStack,0,0.11399999999973431
60.0,BackpressureStack,0,0.11699999999972732
60.0,BackpressureStack,0,0.11799999999972499
60.0,BackpressureStack,0,0.11799999999972499
60.0,BackpressureStack,0,0.11899999999972266
60.0,BackpressureStack,0,0.11899999999972266
60.0,BackpressureStack,0,0.11899999999972266
60.0,BackpressureStack,0,0.11999999999972033
60.0,BackpressureStack,0,0.12499999999970868
60.0,BackpressureStack,0,0.12799999999970169
60.0,BackpressureStack,0,0.12799999999970169
60.0,BackpressureStack,0,0.12999999999969702
60.0,BackpressureStack,0,0.12999999999969702
60.0,BackpressureStack,0,0.13199999999969236
60.0,BackpressureStack,0,0.13199999999969236
60.0,BackpressureStack,0,0.13299999999969003
60.0,BackpressureStack,0,0.1339999999996877
60.0,BackpressureStack,0,0.13799999999967838
60.0,BackpressureStack,0,0.13799999999967838
60.0,BackpressureStack,0,0.13799999999967838
60.0,BackpressureStack,0,0.15499999999963876
60.0,BackpressureStack,0,0.15499999999963876
60.0,BackpressureStack,0,0.15499999999963876
60.0,BackpressureStack,0,0.15599999999963643
60.0,BackpressureStack,0,0.15799999999963177
60.0,BackpressureStack,0,0.16099999999962478
60.0,BackpressureStack,0,0.16099999999962478
60.0,BackpressureStack,0,0.1669999999996108
60.0,BackpressureStack,0,0.1699999999996038
60.0,BackpressureStack,0,0.17099999999960147
60.0,BackpressureStack,0,0.17099999999960147
60.0,BackpressureStack,0,0.17099999999960147
60.0,BackpressureStack,0,0.17899999999958283
60.0,BackpressureStack,0,0.17899999999958283
60.0,BackpressureStack,0,0.18199999999957583
60.0,BackpressureStack,0,0.18799999999956185
60.0,BackpressureStack,0,0.18799999999956185
60.0,BackpressureStack,0,0.18799999999956185
60.0,BackpressureStack,0,0.19499999999954554
60.0,BackpressureStack,0,0.21999999999948727
60.0,BackpressureStack,0,0.22099999999948494
60.0,BackpressureStack,0,0.22099999999948494
60.0,BackpressureStack,0,0.23399999999945464
60.0,BackpressureStack,0,0.23799999999944532
60.0,BackpressureStack,0,0.23799999999944532
60.0,BackpressureStack,0,0.24999999999941735
60.0,BackpressureStack,0,0.25399999999940803
60.0,BackpressureStack,0,0.25399999999940803
60.0,BackpressureStack,0,0.0009999999999976694
60.0,BackpressureStack,0,0.0009999999999976694
60.0,BackpressureStack,0,0.0009999999999976694
60.0,BackpressureStack,0,0.001999999999995339
60.0,BackpressureStack,0,0.001999999999995339
60.0,BackpressureStack,0,0.001999999999995339
60.0,BackpressureStack,0,0.0029999999999930083
60.0,BackpressureStack,0,0.0029999999999930083
60.0,BackpressureStack,0,0.0029999999999930083
60.0,BackpressureStack,0,1.0029999999976624
60.0,BackpressureStack,0,0.0029999999999930083
60.0,BackpressureStack,0,0.003999999999990678
60.0,BackpressureStack,0,0.004999999999988347
60.0,BackpressureStack,0,0.006999999999983686
60.0,BackpressureStack,0,0.006999999999983686
60.0,BackpressureStack,0,0.007999999999981355
60.0,BackpressureStack,0,0.008999999999979025
60.0,BackpressureStack,0,0.008999999999979025
60.0,BackpressureStack,0,0.008999999999979025
60.0,BackpressureStack,0,0.008999999999979025
60.0,BackpressureStack,0,0.008999999999979025
60.0,BackpressureStack,0,0.010999999999974364
60.0,BackpressureStack,0,0.010999999999974364
60.0,BackpressureStack,0,0.010999999999974364
60.0,BackpressureStack,0,0.011999999999972033
60.0,BackpressureStack,0,0.011999999999972033
60.0,BackpressureStack,0,0.012999999999969702
60.0,BackpressureStack,0,0.012999999999969702
60.0,BackpressureStack,0,0.012999999999969702
60.0,BackpressureStack,0,0.012999999999969702
60.0,BackpressureStack,0,0.014999999999965041
60.0,BackpressureStack,0,0.014999999999965041
60.0,BackpressureStack,0,0.014999999999965041
60.0,BackpressureStack,0,0.014999999999965041
60.0,BackpressureStack,0,0.01599999999996271
60.0,BackpressureStack,0,0.01599999999996271
60.0,BackpressureStack,0,0.01699999999996038
60.0,BackpressureStack,0,1.0169999999976298
60.0,BackpressureStack,0,0.01799999999995805
60.0,BackpressureStack,0,0.01799999999995805
60.0,BackpressureStack,0,0.01899999999995572
60.0,BackpressureStack,0,0.01999999999995339
60.0,BackpressureStack,0,0.01999999999995339
60.0,BackpressureStack,0,0.020999999999951058
60.0,BackpressureStack,0,0.020999999999951058
60.0,BackpressureStack,0,0.020999999999951058
60.0,BackpressureStack,0,0.020999999999951058
60.0,BackpressureStack,0,0.021999999999948727
60.0,BackpressureStack,0,0.021999999999948727
60.0,BackpressureStack,0,0.021999999999948727
60.0,BackpressureStack,0,0.021999999999948727
60.0,BackpressureStack,0,0.021999999999948727
60.0,BackpressureStack,0,1.0229999999976158
60.0,BackpressureStack,0,0.022999999999946397
60.0,BackpressureStack,0,0.022999999999946397
60.0,BackpressureStack,0,1.0239999999976135
60.0,BackpressureStack,0,0.024999999999941735
60.0,BackpressureStack,0,0.025999999999939405
60.0,BackpressureStack,0,0.026999999999937074
60.0,BackpressureStack,0,0.026999999999937074
60.0,BackpressureStack,0,0.027999999999934744
60.0,BackpressureStack,0,0.027999999999934744
60.0,BackpressureStack,0,0.027999999999934744
60.0,BackpressureStack,0,0.028999999999932413
60.0,BackpressureStack,0,0.028999999999932413
60.0,BackpressureStack,0,1.0289999999976018
60.0,BackpressureStack,0,0.028999999999932413
60.0,BackpressureStack,0,0.028999999999932413
60.0,BackpressureStack,0,0.029999999999930083
60.0,BackpressureStack,0,1.0299999999975995
60.0,BackpressureStack,0,1.0299999999975995
60.0,BackpressureStack,0,0.030999999999927752
60.0,BackpressureStack,0,0.030999999999927752
60.0,BackpressureStack,0,0.03299999999992309
60.0,BackpressureStack,0,0.03299999999992309
60.0,BackpressureStack,0,0.03299999999992309
60.0,BackpressureStack,0,0.03699999999991377
60.0,BackpressureStack,0,0.03999999999990678
60.0,BackpressureStack,0,0.03999999999990678
60.0,BackpressureStack,0,0.040999999999904446
60.0,BackpressureStack,0,0.043999999999897454
60.0,BackpressureStack,0,0.044999999999895124
60.0,BackpressureStack,0,0.044999999999895124
60.0,BackpressureStack,0,0.044999999999895124
60.0,BackpressureStack,0,0.044999999999895124
60.0,BackpressureStack,0,0.044999999999895124
60.0,BackpressureStack,0,0.044999999999895124
60.0,BackpressureStack,0,0.0489999999998858
60.0,BackpressureStack,0,0.04999999999988347
60.0,BackpressureStack,0,0.05099999999988114
60.0,BackpressureStack,0,0.05099999999988114
60.0,BackpressureStack,0,0.05099999999988114
60.0,BackpressureStack,0,0.05099999999988114
60.0,BackpressureStack,0,0.05299999999987648
60.0,BackpressureStack,0,0.05299999999987648
60.0,BackpressureStack,0,0.05499999999987182
60.0,BackpressureStack,0,0.05499999999987182
60.0,BackpressureStack,0,0.05499999999987182
60.0,BackpressureStack,0,0.05599999999986949
60.0,BackpressureStack,0,0.058999999999862496
60.0,BackpressureStack,0,0.058999999999862496
60.0,BackpressureStack,0,0.06399999999985084
60.0,BackpressureStack,0,0.06399999999985084
60.0,BackpressureStack,0,0.06699999999984385
60.0,BackpressureStack,0,0.07099999999983453
60.0,BackpressureStack,0,0.07099999999983453
60.0,BackpressureStack,0,0.07099999999983453
60.0,BackpressureStack,0,0.07599999999982288
60.0,BackpressureStack,0,0.07599999999982288
60.0,BackpressureStack,0,0.07699999999982055
60.0,BackpressureStack,0,0.07699999999982055
60.0,BackpressureStack,0,0.07999999999981355
60.0,BackpressureStack,0,0.08399999999980423
60.0,BackpressureStack,0,0.09399999999978093
60.0,BackpressureStack,0,0.09399999999978093
60.0,BackpressureStack,0,0.10999999999974364
60.0,BackpressureStack,0,0.11599999999972965
60.0,BackpressureStack,0,0.11599999999972965
60.0,BackpressureStack,0,0.11599999999972965
60.0,BackpressureStack,0,0.11599999999972965
60.0,BackpressureStack,0,0.11699999999972732
60.0,BackpressureStack,0,0.11699999999972732
60.0,BackpressureStack,0,0.11699999999972732
60.0,BackpressureStack,0,0.11999999999972033
60.0,BackpressureStack,0,0.12199999999971567
60.0,BackpressureStack,0,0.13499999999968537
60.0,BackpressureStack,0,0.14199999999966906
60.0,BackpressureStack,0,0.14499999999966207
60.0,BackpressureStack,0,0.15299999999964342
60.0,BackpressureStack,0,0.16499999999961545
60.0,BackpressureStack,0,0.16499999999961545
60.0,BackpressureStack,0,0.1669999999996108
60.0,BackpressureStack,0,0.1669999999996108
60.0,BackpressureStack,0,0.17099999999960147
60.0,BackpressureStack,0,0.17399999999959448
60.0,BackpressureStack,0,0.1769999999995875
60.0,BackpressureStack,0,0.18099999999957816
60.0,BackpressureStack,0,0.22499999999947562
60.0,BackpressureStack,0,0.23999999999944066
60.0,BackpressureStack,0,0.26599999999938007
60.0,BackpressureStack,0,0.26599999999938007
60.0,BackpressureStack,0,0.30199999999929616
60.0,BackpressureStack,0,0.3079999999992822
60.0,BackpressureStack,0,0.3079999999992822
60.0,BackpressureStack,0,0.3079999999992822
60.0,BackpressureStack,0,0.31499999999926587
60.0,BackpressureStack,0,0.31499999999926587
60.0,BackpressureStack,0,0.3199999999992542
60.0,BackpressureStack,0,0.3229999999992472
60.0,BackpressureStack,0,0.32499999999924256
60.0,BackpressureStack,0,0.32499999999924256
60.0,BackpressureStack,0,0.32499999999924256
60.0,BackpressureStack,0,0.3359999999992169
60.0,BackpressureStack,0,0.3359999999992169
60.0,BackpressureStack,0,0.33899999999920993
60.0,BackpressureStack,0,0.33899999999920993
60.0,BackpressureStack,0,0.34799999999918896
60.0,BackpressureStack,0,0.36099999999915866
60.0,BackpressureStack,0,0.362999999999154
60.0,BackpressureStack,0,0.3669999999991447
60.0,BackpressureStack,0,0.4049999999990561
60.0,BackpressureStack,0,0.42299999999901416
60.0,BackpressureStack,0,0.4379999999989792
60.0,BackpressureStack,0,0.4379999999989792
60.0,BackpressureStack,0,0.4419999999989699
60.0,BackpressureStack,0,0.46299999999892094
60.0,BackpressureStack,0,0.4679999999989093
60.0,BackpressureStack,0,0.4699999999989046
60.0,BackpressureStack,0,0.47299999999889764
60.0,BackpressureStack,0,0.0009999999999976694
60.0,BackpressureStack,0,0.0009999999999976694
60.0,BackpressureStack,0,0.001999999999995339
60.0,BackpressureStack,0,0.0029999999999930083
60.0,BackpressureStack,0,0.0029999999999930083
60.0,BackpressureStack,0,0.0029999999999930083
60.0,BackpressureStack,0,0.003999999999990678
60.0,BackpressureStack,0,0.004999999999988347
60.0,BackpressureStack,0,0.0059999999999860165
60.0,BackpressureStack,0,0.0059999999999860165
60.0,BackpressureStack,0,0.006999999999983686
60.0,BackpressureStack,0,0.007999999999981355
60.0,BackpressureStack,0,0.007999999999981355
60.0,BackpressureStack,0,0.007999999999981355
60.0,BackpressureStack,0,0.007999999999981355
60.0,BackpressureStack,0,0.007999999999981355
60.0,BackpressureStack,0,0.008999999999979025
60.0,BackpressureStack,0,0.009999999999976694
60.0,BackpressureStack,0,0.009999999999976694
60.0,BackpressureStack,0,0.010999999999974364
60.0,BackpressureStack,0,0.011999999999972033
60.0,BackpressureStack,0,0.011999999999972033
60.0,BackpressureStack,0,0.011999999999972033
60.0,BackpressureStack,0,0.012999999999969702
60.0,BackpressureStack,0,0.012999999999969702
60.0,BackpressureStack,0,0.013999999999967372
60.0,BackpressureStack,0,0.013999999999967372
60.0,BackpressureStack,0,0.013999999999967372
60.0,BackpressureStack,0,0.013999999999967372
60.0,BackpressureStack,0,0.014999999999965041
60.0,BackpressureStack,0,0.014999999999965041
60.0,BackpressureStack,0,0.014999999999965041
60.0,BackpressureStack,0,0.01799999999995805
60.0,BackpressureStack,0,0.01799999999995805
60.0,BackpressureStack,0,0.020999999999951058
60.0,BackpressureStack,0,0.022999999999946397
60.0,BackpressureStack,0,0.022999999999946397
60.0,BackpressureStack,0,0.022999999999946397
60.0,BackpressureStack,0,0.023999999999944066
60.0,BackpressureStack,0,0.024999999999941735
60.0,BackpressureStack,0,0.025999999999939405
60.0,BackpressureStack,0,0.028999999999932413
60.0,BackpressureStack,0,0.028999999999932413
60.0,BackpressureStack,0,0.028999999999932413
60.0,BackpressureStack,0,0.028999999999932413
60.0,BackpressureStack,0,0.028999999999932413
60.0,BackpressureStack,0,0.030999999999927752
60.0,BackpressureStack,0,0.03199999999992542
60.0,BackpressureStack,0,0.03399999999992076
60.0,BackpressureStack,0,0.03499999999991843
60.0,BackpressureStack,0,0.03499999999991843
60.0,BackpressureStack,0,0.03499999999991843
60.0,BackpressureStack,0,0.03499999999991843
60.0,BackpressureStack,0,0.03699999999991377
60.0,BackpressureStack,0,0.03699999999991377
60.0,BackpressureStack,0,0.03899999999990911
60.0,BackpressureStack,0,0.03999999999990678
60.0,BackpressureStack,0,0.03999999999990678
60.0,BackpressureStack,0,0.03999999999990678
60.0,BackpressureStack,0,0.040999999999904446
60.0,BackpressureStack,0,0.041999999999902116
60.0,BackpressureStack,0,0.042999999999899785
60.0,BackpressureStack,0,0.042999999999899785
60.0,BackpressureStack,0,0.044999999999895124
60.0,BackpressureStack,0,0.04799999999988813
60.0,BackpressureStack,0,0.04799999999988813
60.0,BackpressureStack,0,0.0489999999998858
60.0,BackpressureStack,0,0.04999999999988347
60.0,BackpressureStack,0,0.04999999999988347
60.0,BackpressureStack,0,0.05299999999987648
60.0,BackpressureStack,0,0.05499999999987182
60.0,BackpressureStack,0,0.05599999999986949
60.0,BackpressureStack,0,0.05599999999986949
60.0,BackpressureStack,0,0.05599999999986949
60.0,BackpressureStack,0,0.05599999999986949
60.0,BackpressureStack,0,0.05599999999986949
60.0,BackpressureStack,0,0.057999999999864826
60.0,BackpressureStack,0,0.059999999999860165
60.0,BackpressureStack,0,0.060999999999857835
60.0,BackpressureStack,0,0.06399999999985084
60.0,BackpressureStack,0,0.06499999999984851
60.0,BackpressureStack,0,0.06499999999984851
60.0,BackpressureStack,0,0.06499999999984851
60.0,BackpressureStack,0,0.06499999999984851
60.0,BackpressureStack,0,0.06499999999984851
60.0,BackpressureStack,0,0.06599999999984618
60.0,BackpressureStack,0,0.06599999999984618
60.0,BackpressureStack,0,0.06899999999983919
60.0,BackpressureStack,0,0.07099999999983453
60.0,BackpressureStack,0,0.07599999999982288
60.0,BackpressureStack,0,0.07599999999982288
60.0,BackpressureStack,0,0.07799999999981821
60.0,BackpressureStack,0,0.07899999999981588
60.0,BackpressureStack,0,0.08799999999979491
60.0,BackpressureStack,0,0.08899999999979258
60.0,BackpressureStack,0,0.08899999999979258
60.0,BackpressureStack,0,0.08899999999979258
60.0,BackpressureStack,0,0.08899999999979258
60.0,BackpressureStack,0,0.08899999999979258
60.0,BackpressureStack,0,0.09099999999978792
60.0,BackpressureStack,0,0.09199999999978559
60.0,BackpressureStack,0,0.0949999999997786
60.0,BackpressureStack,0,0.09599999999977626
60.0,BackpressureStack,0,0.09699999999977393
60.0,BackpressureStack,0,0.09699999999977393
60.0,BackpressureStack,0,0.0979999999997716
60.0,BackpressureStack,0,0.09999999999976694
60.0,BackpressureStack,0,0.10099999999976461
60.0,BackpressureStack,0,0.10199999999976228
60.0,BackpressureStack,0,0.10399999999975762
60.0,BackpressureStack,0,0.10599999999975296
60.0,BackpressureStack,0,0.10699999999975063
60.0,BackpressureStack,0,0.10899999999974597
60.0,BackpressureStack,0,0.10899999999974597
60.0,BackpressureStack,0,0.10999999999974364
60.0,BackpressureStack,0,0.10999999999974364
60.0,BackpressureStack,0,0.11299999999973664
60.0,BackpressureStack,0,0.11299999999973664
60.0,BackpressureStack,0,0.11399999999973431
60.0,BackpressureStack,0,0.11799999999972499
60.0,BackpressureStack,0,0.11799999999972499
60.0,BackpressureStack,0,0.11899999999972266
60.0,BackpressureStack,0,0.120999999999718
60.0,BackpressureStack,0,0.12199999999971567
60.0,BackpressureStack,0,0.12199999999971567
60.0,BackpressureStack,0,0.12199999999971567
60.0,BackpressureStack,0,0.12599999999970635
60.0,BackpressureStack,0,0.12599999999970635
60.0,BackpressureStack,0,0.12799999999970169
60.0,BackpressureStack,0,0.12799999999970169
60.0,BackpressureStack,0,0.12999999999969702
60.0,BackpressureStack,0,0.1309999999996947
60.0,BackpressureStack,0,0.1309999999996947
60.0,BackpressureStack,0,0.1339999999996877
60.0,BackpressureStack,0,0.1339999999996877
60.0,BackpressureStack,0,0.1369999999996807
60.0,BackpressureStack,0,0.14199999999966906
60.0,BackpressureStack,0,0.14799999999965507
60.0,BackpressureStack,0,0.14799999999965507
60.0,BackpressureStack,0,0.14799999999965507
60.0,BackpressureStack,0,0.14899999999965274
60.0,BackpressureStack,0,0.15199999999964575
60.0,BackpressureStack,0,0.15199999999964575
60.0,BackpressureStack,0,0.16199999999962245
60.0,BackpressureStack,0,0.16199999999962245
60.0,BackpressureStack,0,0.16799999999960846
60.0,BackpressureStack,0,0.1729999999995968
60.0,BackpressureStack,0,0.17799999999958516
60.0,BackpressureStack,0,0.18399999999957117
60.0,BackpressureStack,0,0.19199999999955253
60.0,BackpressureStack,0,0.19199999999955253
60.0,BackpressureStack,0,0.21399999999950126
60.0,BackpressureStack,0,0.2159999999994966
60.0,BackpressureStack,0,0.22099999999948494
60.0,BackpressureStack,0,0.23599999999944998
60.0,BackpressureStack,0,0.23699999999944765
60.0,BackpressureStack,0,0.25299999999941036
60.0,BackpressureStack,0,0.2549999999994057
60.0,BackpressureStack,0,0.25699999999940104
60.0,BackpressureStack,0,0.2709999999993684
60.0,BackpressureStack,0,0.3429999999992006
60.0,BackpressureStack,0,0.3439999999991983
60.0,BackpressureStack,0,0.0009999999999976694
60.0,BackpressureStack,0,0.0009999999999976694
60.0,BackpressureStack,0,0.001999999999995339
60.0,BackpressureStack,0,0.0029999999999930083
60.0,BackpressureStack,0,0.0029999999999930083
60.0,BackpressureStack,0,0.0029999999999930083
60.0,BackpressureStack,0,0.003999999999990678
60.0,BackpressureStack,0,0.003999999999990678
60.0,BackpressureStack,0,0.003999999999990678
60.0,BackpressureStack,0,0.004999999999988347
60.0,BackpressureStack,0,0.006999999999983686
60.0,BackpressureStack,0,0.008999999999979025
60.0,BackpressureStack,0,0.009999999999976694
60.0,BackpressureStack,0,0.009999999999976694
60.0,BackpressureStack,0,0.010999999999974364
60.0,BackpressureStack,0,0.010999999999974364
60.0,BackpressureStack,0,0.010999999999974364
60.0,BackpressureStack,0,0.010999999999974364
60.0,BackpressureStack,0,0.011999999999972033
60.0,BackpressureStack,0,0.011999999999972033
60.0,BackpressureStack,0,0.012999999999969702
60.0,BackpressureStack,0,0.01599999999996271
60.0,BackpressureStack,0,0.01599999999996271
60.0,BackpressureStack,0,0.01699999999996038
60.0,BackpressureStack,0,0.01699999999996038
60.0,BackpressureStack,0,0.01799999999995805
60.0,BackpressureStack,0,0.01799999999995805
60.0,BackpressureStack,0,0.01899999999995572
60.0,BackpressureStack,0,0.01899999999995572
60.0,BackpressureStack,0,0.01899999999995572
60.0,BackpressureStack,0,0.01999999999995339
60.0,BackpressureStack,0,0.01999999999995339
60.0,BackpressureStack,0,0.020999999999951058
60.0,BackpressureStack,0,0.021999999999948727
60.0,BackpressureStack,0,0.022999999999946397
60.0,BackpressureStack,0,0.022999999999946397
60.0,BackpressureStack,0,0.023999999999944066
60.0,BackpressureStack,0,0.025999999999939405
60.0,BackpressureStack,0,0.025999999999939405
60.0,BackpressureStack,0,0.026999999999937074
60.0,BackpressureStack,0,0.027999999999934744
60.0,BackpressureStack,0,0.027999999999934744
60.0,BackpressureStack,0,0.028999999999932413
60.0,BackpressureStack,0,0.030999999999927752
60.0,BackpressureStack,0,0.030999999999927752
60.0,BackpressureStack,0,0.03399999999992076
60.0,BackpressureStack,0,0.03399999999992076
60.0,BackpressureStack,0,0.0359999999999161
60.0,BackpressureStack,0,0.0359999999999161
60.0,BackpressureStack,0,0.03699999999991377
60.0,BackpressureStack,0,0.03699999999991377
60.0,BackpressureStack,0,0.03799999999991144
60.0,BackpressureStack,0,0.03799999999991144
60.0,BackpressureStack,0,0.03799999999991144
60.0,BackpressureStack,0,0.03799999999991144
60.0,BackpressureStack,0,0.03899999999990911
60.0,BackpressureStack,0,0.03899999999990911
60.0,BackpressureStack,0,0.03899999999990911
60.0,BackpressureStack,0,0.03899999999990911
60.0,BackpressureStack,0,0.03999999999990678
60.0,BackpressureStack,0,0.03999999999990678
60.0,BackpressureStack,0,0.03999999999990678
60.0,BackpressureStack,0,0.03999999999990678
60.0,BackpressureStack,0,0.03999999999990678
60.0,BackpressureStack,0,0.040999999999904446
60.0,BackpressureStack,0,0.040999999999904446
60.0,BackpressureStack,0,0.042999999999899785
60.0,BackpressureStack,0,0.042999999999899785
60.0,BackpressureStack,0,0.042999999999899785
60.0,BackpressureStack,0,0.042999999999899785
60.0,BackpressureStack,0,0.042999999999899785
60.0,BackpressureStack,0,0.042999999999899785
60.0,BackpressureStack,0,0.044999999999895124
60.0,BackpressureStack,0,0.044999999999895124
60.0,BackpressureStack,0,0.044999999999895124
60.0,BackpressureStack,0,0.04599999999989279
60.0,BackpressureStack,0,0.04599999999989279
60.0,BackpressureStack,0,0.04699999999989046
60.0,BackpressureStack,0,0.04799999999988813
60.0,BackpressureStack,0,0.0489999999998858
60.0,BackpressureStack,0,0.0489999999998858
60.0,BackpressureStack,0,0.04999999999988347
60.0,BackpressureStack,0,0.05099999999988114
60.0,BackpressureStack,0,0.05099999999988114
60.0,BackpressureStack,0,0.05099999999988114
60.0,BackpressureStack,0,0.05299999999987648
60.0,BackpressureStack,0,0.05299999999987648
60.0,BackpressureStack,0,0.05299999999987648
60.0,BackpressureStack,0,0.05299999999987648
60.0,BackpressureStack,0,0.05299999999987648
60.0,BackpressureStack,0,0.05499999999987182
60.0,BackpressureStack,0,0.05499999999987182
60.0,BackpressureStack,0,0.05599999999986949
60.0,BackpressureStack,0,0.060999999999857835
60.0,BackpressureStack,0,0.061999999999855504
60.0,BackpressureStack,0,0.061999999999855504
60.0,BackpressureStack,0,0.06499999999984851
60.0,BackpressureStack,0,0.06699999999984385
60.0,BackpressureStack,0,0.06799999999984152
60.0,BackpressureStack,0,0.06799999999984152
60.0,BackpressureStack,0,0.06899999999983919
60.0,BackpressureStack,0,0.06899999999983919
60.0,BackpressureStack,0,0.07099999999983453
60.0,BackpressureStack,0,0.07099999999983453
60.0,BackpressureStack,0,0.07099999999983453
60.0,BackpressureStack,0,0.0719999999998322
60.0,BackpressureStack,0,0.0719999999998322
60.0,BackpressureStack,0,0.07299999999982987
60.0,BackpressureStack,0,0.07399999999982754
60.0,BackpressureStack,0,0.07599999999982288
60.0,BackpressureStack,0,0.07599999999982288
60.0,BackpressureStack,0,0.07699999999982055
60.0,BackpressureStack,0,0.07799999999981821
60.0,BackpressureStack,0,0.07799999999981821
60.0,BackpressureStack,0,0.07899999999981588
60.0,BackpressureStack,0,0.07999999999981355
60.0,BackpressureStack,0,0.07999999999981355
60.0,BackpressureStack,0,0.07999999999981355
60.0,BackpressureStack,0,0.07999999999981355
60.0,BackpressureStack,0,0.07999999999981355
60.0,BackpressureStack,0,0.08299999999980656
60.0,BackpressureStack,0,0.0849999999998019
60.0,BackpressureStack,0,0.08699999999979724
60.0,BackpressureStack,0,0.08799999999979491
60.0,BackpressureStack,0,0.08799999999979491
60.0,BackpressureStack,0,0.09299999999978326
60.0,BackpressureStack,0,0.0949999999997786
60.0,BackpressureStack,0,0.10099999999976461
60.0,BackpressureStack,0,0.10199999999976228
60.0,BackpressureStack,0,0.10399999999975762
60.0,BackpressureStack,0,0.10899999999974597
60.0,BackpressureStack,0,0.11299999999973664
60.0,BackpressureStack,0,0.11599999999972965
60.0,BackpressureStack,0,0.11599999999972965
60.0,BackpressureStack,0,0.11599999999972965
60.0,BackpressureStack,0,0.11599999999972965
60.0,BackpressureStack,0,0.11799999999972499
60.0,BackpressureStack,0,0.11799999999972499
60.0,BackpressureStack,0,0.11999999999972033
60.0,BackpressureStack,0,0.11999999999972033
60.0,BackpressureStack,0,0.12499999999970868
60.0,BackpressureStack,0,0.1309999999996947
60.0,BackpressureStack,0,0.13599999999968304
60.0,BackpressureStack,0,0.14299999999966673
60.0,BackpressureStack,0,0.1499999999996504
60.0,BackpressureStack,0,0.17199999999959914
60.0,BackpressureStack,0,0.17199999999959914
60.0,BackpressureStack,0,0.17399999999959448
60.0,BackpressureStack,0,0.17899999999958283
60.0,BackpressureStack,0,0.17899999999958283
60.0,BackpressureStack,0,0.18199999999957583
60.0,BackpressureStack,0,0.18199999999957583
60.0,BackpressureStack,0,0.18199999999957583
60.0,BackpressureStack,0,0.19399999999954787
60.0,BackpressureStack,0,0.19399999999954787
60.0,BackpressureStack,0,0.19699999999954088
60.0,BackpressureStack,0,0.19899999999953621
60.0,BackpressureStack,0,0.20399999999952456
60.0,BackpressureStack,0,0.20399999999952456
60.0,BackpressureStack,0,0.2189999999994896
60.0,BackpressureStack,0,0.23999999999944066
60.0,BackpressureStack,0,0.24099999999943833
60.0,BackpressureStack,0,0.24799999999942202
60.0,BackpressureStack,0,0.24999999999941735
60.0,BackpressureStack,0,0.250999999999415
60.0,BackpressureStack,0,0.2549999999994057
60.0,BackpressureStack,0,0.2549999999994057
60.0,BackpressureStack,0,0.2689999999993731
60.0,BackpressureStack,0,0.2719999999993661
60.0,BackpressureStack,0,0.28899999999932646
60.0,BackpressureStack,0,0.29299999999931714
60.0,BackpressureStack,0,0.29299999999931714
60.0,BackpressureStack,0,0.2949999999993125
60.0,BackpressureStack,0,0.2969999999993078
60.0,BackpressureStack,0,0.3109999999992752
60.0,BackpressureStack,0,0.3339999999992216
60.0,BackpressureStack,0,0.33899999999920993
60.0,BackpressureStack,0,0.3399999999992076
60.0,BackpressureStack,0,0.3499999999991843
60.0,BackpressureStack,0,0.3499999999991843
60.0,BackpressureStack,0,0.35199999999917964
60.0,BackpressureStack,0,0.353999999999175
60.0,BackpressureStack,0,0.0009999999999976694
60.0,BackpressureStack,0,0.001999999999995339
60.0,BackpressureStack,0,0.0029999999999930083
60.0,BackpressureStack,0,0.0029999999999930083
60.0,BackpressureStack,0,0.0029999999999930083
60.0,BackpressureStack,0,0.003999999999990678
60.0,BackpressureStack,0,0.003999999999990678
60.0,BackpressureStack,0,0.003999999999990678
60.0,BackpressureStack,0,0.003999999999990678
60.0,BackpressureStack,0,0.003999999999990678
60.0,BackpressureStack,0,0.0059999999999860165
60.0,BackpressureStack,0,0.0059999999999860165
60.0,BackpressureStack,0,0.006999999999983686
60.0,BackpressureStack,0,0.006999999999983686
60.0,BackpressureStack,0,0.007999999999981355
60.0,BackpressureStack,0,0.008999999999979025
60.0,BackpressureStack,0,0.008999999999979025
60.0,BackpressureStack,0,0.008999999999979025
60.0,BackpressureStack,0,0.009999999999976694
60.0,BackpressureStack,0,0.009999999999976694
60.0,BackpressureStack,0,0.010999999999974364
60.0,BackpressureStack,0,0.011999999999972033
60.0,BackpressureStack,0,0.011999999999972033
60.0,BackpressureStack,0,0.011999999999972033
60.0,BackpressureStack,0,0.011999999999972033
60.0,BackpressureStack,0,0.012999999999969702
60.0,BackpressureStack,0,0.012999999999969702
60.0,BackpressureStack,0,0.012999999999969702
60.0,BackpressureStack,0,0.012999999999969702
60.0,BackpressureStack,0,0.013999999999967372
60.0,BackpressureStack,0,0.014999999999965041
60.0,BackpressureStack,0,0.01599999999996271
60.0,BackpressureStack,0,0.01699999999996038
60.0,BackpressureStack,0,0.01699999999996038
60.0,BackpressureStack,0,0.01799999999995805
60.0,BackpressureStack,0,0.01999999999995339
60.0,BackpressureStack,0,0.020999999999951058
60.0,BackpressureStack,0,0.020999999999951058
60.0,BackpressureStack,0,0.021999999999948727
60.0,BackpressureStack,0,0.021999999999948727
60.0,BackpressureStack,0,0.021999999999948727
60.0,BackpressureStack,0,0.021999999999948727
60.0,BackpressureStack,0,0.021999999999948727
60.0,BackpressureStack,0,0.022999999999946397
60.0,BackpressureStack,0,0.022999999999946397
60.0,BackpressureStack,0,0.022999999999946397
60.0,BackpressureStack,0,0.023999999999944066
60.0,BackpressureStack,0,0.023999999999944066
60.0,BackpressureStack,0,0.023999999999944066
60.0,BackpressureStack,0,0.023999999999944066
60.0,BackpressureStack,0,0.023999999999944066
60.0,BackpressureStack,0,0.023999999999944066
60.0,BackpressureStack,0,0.023999999999944066
60.0,BackpressureStack,0,0.024999999999941735
60.0,BackpressureStack,0,0.024999999999941735
60.0,BackpressureStack,0,0.025999999999939405
60.0,BackpressureStack,0,0.026999999999937074
60.0,BackpressureStack,0,0.026999999999937074
60.0,BackpressureStack,0,0.027999999999934744
60.0,BackpressureStack,0,0.027999999999934744
60.0,BackpressureStack,0,0.029999999999930083
60.0,BackpressureStack,0,0.029999999999930083
60.0,BackpressureStack,0,0.029999999999930083
60.0,BackpressureStack,0,0.029999999999930083
60.0,BackpressureStack,0,0.029999999999930083
60.0,BackpressureStack,0,0.030999999999927752
60.0,BackpressureStack,0,0.030999999999927752
60.0,BackpressureStack,0,0.030999999999927752
60.0,BackpressureStack,0,0.03199999999992542
60.0,BackpressureStack,0,0.03199999999992542
60.0,BackpressureStack,0,0.03199999999992542
60.0,BackpressureStack,0,0.03299999999992309
60.0,BackpressureStack,0,0.03399999999992076
60.0,BackpressureStack,0,0.03399999999992076
60.0,BackpressureStack,0,0.03399999999992076
60.0,BackpressureStack,0,0.03499999999991843
60.0,BackpressureStack,0,0.03699999999991377
60.0,BackpressureStack,0,0.03799999999991144
60.0,BackpressureStack,0,0.03999999999990678
60.0,BackpressureStack,0,0.040999999999904446
60.0,BackpressureStack,0,0.041999999999902116
60.0,BackpressureStack,0,0.041999999999902116
60.0,BackpressureStack,0,0.043999999999897454
60.0,BackpressureStack,0,0.043999999999897454
60.0,BackpressureStack,0,0.044999999999895124
60.0,BackpressureStack,0,0.044999999999895124
60.0,BackpressureStack,0,0.044999999999895124
60.0,BackpressureStack,0,0.04699999999989046
60.0,BackpressureStack,0,0.04699999999989046
60.0,BackpressureStack,0,0.04699999999989046
60.0,BackpressureStack,0,0.04799999999988813
60.0,BackpressureStack,0,0.04799999999988813
60.0,BackpressureStack,0,0.0489999999998858
60.0,BackpressureStack,0,0.04999999999988347
60.0,BackpressureStack,0,0.05099999999988114
60.0,BackpressureStack,0,0.05099999999988114
60.0,BackpressureStack,0,0.05099999999988114
60.0,BackpressureStack,0,0.05099999999988114
60.0,BackpressureStack,0,0.05099999999988114
60.0,BackpressureStack,0,0.05399999999987415
60.0,BackpressureStack,0,0.05499999999987182
60.0,BackpressureStack,0,0.05499999999987182
60.0,BackpressureStack,0,0.05499999999987182
60.0,BackpressureStack,0,0.05499999999987182
60.0,BackpressureStack,0,0.05699999999986716
60.0,BackpressureStack,0,0.05699999999986716
60.0,BackpressureStack,0,0.057999999999864826
60.0,BackpressureStack,0,0.057999999999864826
60.0,BackpressureStack,0,0.057999999999864826
60.0,BackpressureStack,0,0.057999999999864826
60.0,BackpressureStack,0,0.058999999999862496
60.0,BackpressureStack,0,0.059999999999860165
60.0,BackpressureStack,0,0.06299999999985317
60.0,BackpressureStack,0,0.06599999999984618
60.0,BackpressureStack,0,0.06699999999984385
60.0,BackpressureStack,0,0.06699999999984385
60.0,BackpressureStack,0,0.06799999999984152
60.0,BackpressureStack,0,0.06799999999984152
60.0,BackpressureStack,0,0.06899999999983919
60.0,BackpressureStack,0,0.0749999999998252
60.0,BackpressureStack,0,0.0749999999998252
60.0,BackpressureStack,0,0.07599999999982288
60.0,BackpressureStack,0,0.07699999999982055
60.0,BackpressureStack,0,0.07799999999981821
60.0,BackpressureStack,0,0.07799999999981821
60.0,BackpressureStack,0,0.08299999999980656
60.0,BackpressureStack,0,0.08399999999980423
60.0,BackpressureStack,0,0.08399999999980423
60.0,BackpressureStack,0,0.08699999999979724
60.0,BackpressureStack,0,0.08699999999979724
60.0,BackpressureStack,0,0.08799999999979491
60.0,BackpressureStack,0,0.08999999999979025
60.0,BackpressureStack,0,0.08999999999979025
60.0,BackpressureStack,0,0.09299999999978326
60.0,BackpressureStack,0,0.09299999999978326
60.0,BackpressureStack,0,0.09299999999978326
60.0,BackpressureStack,0,0.09299999999978326
60.0,BackpressureStack,0,0.09399999999978093
60.0,BackpressureStack,0,0.09599999999977626
60.0,BackpressureStack,0,0.09599999999977626
60.0,BackpressureStack,0,0.09699999999977393
60.0,BackpressureStack,0,0.0979999999997716
60.0,BackpressureStack,0,0.09899999999976927
60.0,BackpressureStack,0,0.09899999999976927
60.0,BackpressureStack,0,0.09899999999976927
60.0,BackpressureStack,0,0.09999999999976694
60.0,BackpressureStack,0,0.10299999999975995
60.0,BackpressureStack,0,0.10299999999975995
60.0,BackpressureStack,0,0.10699999999975063
60.0,BackpressureStack,0,0.10699999999975063
60.0,BackpressureStack,0,0.10899999999974597
60.0,BackpressureStack,0,0.11299999999973664
60.0,BackpressureStack,0,0.11699999999972732
60.0,BackpressureStack,0,0.11899999999972266
60.0,BackpressureStack,0,0.11899999999972266
60.0,BackpressureStack,0,0.11999999999972033
60.0,BackpressureStack,0,0.12999999999969702
60.0,BackpressureStack,0,0.1309999999996947
60.0,BackpressureStack,0,0.1309999999996947
60.0,BackpressureStack,0,0.1309999999996947
60.0,BackpressureStack,0,0.1309999999996947
60.0,BackpressureStack,0,0.13599999999968304
60.0,BackpressureStack,0,0.13899999999967605
60.0,BackpressureStack,0,0.13999999999967372
60.0,BackpressureStack,0,0.1469999999996574
60.0,BackpressureStack,0,0.1469999999996574
60.0,BackpressureStack,0,0.14799999999965507
60.0,BackpressureStack,0,0.14899999999965274
60.0,BackpressureStack,0,0.14899999999965274
60.0,BackpressureStack,0,0.16199999999962245
60.0,BackpressureStack,0,0.18199999999957583
60.0,BackpressureStack,0,0.18199999999957583
60.0,BackpressureStack,0,0.18199999999957583
60.0,BackpressureStack,0,0.18499999999956884
60.0,BackpressureStack,0,0.21399999999950126
60.0,BackpressureStack,0,0.21699999999949426
60.0,BackpressureStack,0,0.2219999999994826
60.0,BackpressureStack,0,0.2219999999994826
60.0,BackpressureStack,0,0.2319999999994593
60.0,BackpressureStack,0,0.23399999999945464
60.0,BackpressureStack,0,0.23999999999944066
60.0,Proposed_CL_CBC,0,1.0219999999998877
60.0,Proposed_CL_CBC,0,1.0219999999998877
60.0,Proposed_CL_CBC,0,1.0219999999998877
60.0,Proposed_CL_CBC,0,1.0299999999998868
60.0,Proposed_CL_CBC,0,1.0299999999998868
60.0,Proposed_CL_CBC,0,1.0339999999998863
60.0,Proposed_CL_CBC,0,0.042999999999995486
60.0,Proposed_CL_CBC,0,0.042999999999995486
60.0,Proposed_CL_CBC,0,0.052999999999994385
60.0,Proposed_CL_CBC,0,0.059999999999993614
60.0,Proposed_CL_CBC,0,0.011999999999998678
60.0,Proposed_CL_CBC,0,0.016999999999998128
60.0,Proposed_CL_CBC,0,0.035999999999996035
60.0,Proposed_CL_CBC,0,0.035999999999996035
60.0,Proposed_CL_CBC,0,0.002000000000000668
60.0,Proposed_CL_CBC,0,0.00500000000000167
60.0,Proposed_CL_CBC,0,0.007000000000002338
60.0,Proposed_CL_CBC,0,0.007000000000002338
60.0,Proposed_CL_CBC,0,0.001000000000000334
60.0,Proposed_CL_CBC,0,0.002000000000000668
60.0,Proposed_CL_CBC,0,0.03000000000001002
60.0,Proposed_CL_CBC,0,0.031000000000010353
60.0,Proposed_CL_CBC,0,0.031000000000010353
60.0,Proposed_CL_CBC,0,0.031000000000010353
60.0,Proposed_CL_CBC,0,0.034000000000011354
60.0,Proposed_CL_CBC,0,0.034000000000011354
60.0,Proposed_CL_CBC,0,0.002000000000000668
60.0,Proposed_CL_CBC,0,0.002000000000000668
60.0,Proposed_CL_CBC,0,0.01500000000000501
60.0,Proposed_CL_CBC,0,0.054000000000018034
60.0,Proposed_CL_CBC,0,0.054000000000018034
60.0,Proposed_CL_CBC,0,0.054000000000018034
60.0,Proposed_CL_CBC,0,0.054000000000018034
60.0,Proposed_CL_CBC,0,0.09400000000003139
60.0,Proposed_CL_CBC,0,0.002000000000000668
60.0,Proposed_CL_CBC,0,0.00500000000000167
60.0,Proposed_CL_CBC,0,0.00500000000000167
60.0,Proposed_CL_CBC,0,0.008000000000002672
60.0,Proposed_CL_CBC,0,0.009000000000003006
60.0,Proposed_CL_CBC,0,0.0069999999999961204
60.0,Proposed_CL_CBC,0,0.015999999999991132
60.0,Proposed_CL_CBC,0,0.016999999999990578
60.0,Proposed_CL_CBC,0,1.0009999999994452
60.0,Proposed_CL_CBC,0,1.0029999999994441
60.0,Proposed_CL_CBC,0,1.004999999999443
60.0,Proposed_CL_CBC,0,1.006999999999442
60.0,Proposed_CL_CBC,0,1.006999999999442
60.0,Proposed_CL_CBC,0,0.016999999999990578
60.0,Proposed_CL_CBC,0,0.016999999999990578
60.0,Proposed_CL_CBC,0,1.0179999999994358
60.0,Proposed_CL_CBC,0,0.019999999999988916
60.0,Proposed_CL_CBC,0,0.02099999999998836
60.0,Proposed_CL_CBC,0,0.021999999999987807
60.0,Proposed_CL_CBC,0,1.0239999999994325
60.0,Proposed_CL_CBC,0,1.0239999999994325
60.0,Proposed_CL_CBC,0,0.024999999999986144
60.0,Proposed_CL_CBC,0,1.0289999999994297
60.0,Proposed_CL_CBC,0,0.028999999999983928
60.0,Proposed_CL_CBC,0,1.033999999999427
60.0,Proposed_CL_CBC,0,0.033999999999981156
60.0,Proposed_CL_CBC,0,0.04999999999997229
60.0,Proposed_CL_CBC,0,1.0039999999994436
60.0,Proposed_CL_CBC,0,1.004999999999443
60.0,Proposed_CL_CBC,0,1.004999999999443
60.0,Proposed_CL_CBC,0,1.004999999999443
60.0,Proposed_CL_CBC,0,0.005999999999996675
60.0,Proposed_CL_CBC,0,0.005999999999996675
60.0,Proposed_CL_CBC,0,0.0069999999999961204
60.0,Proposed_CL_CBC,0,0.01199999999999335
60.0,Proposed_CL_CBC,0,0.01199999999999335
60.0,Proposed_CL_CBC,0,0.017999999999990024
60.0,Proposed_CL_CBC,0,0.017999999999990024
60.0,Proposed_CL_CBC,0,0.017999999999990024
60.0,Proposed_CL_CBC,0,0.01899999999998947
60.0,Proposed_CL_CBC,0,0.01899999999998947
60.0,Proposed_CL_CBC,0,0.019999999999988916
60.0,Proposed_CL_CBC,0,0.02099999999998836
60.0,Proposed_CL_CBC,0,0.021999999999987807
60.0,Proposed_CL_CBC,0,0.024999999999986144
60.0,Proposed_CL_CBC,0,0.024999999999986144
60.0,Proposed_CL_CBC,0,0.024999999999986144
60.0,Proposed_CL_CBC,0,0.03999999999997783
60.0,Proposed_CL_CBC,0,0.04699999999997395
60.0,Proposed_CL_CBC,0,0.0009999999999994458
60.0,Proposed_CL_CBC,0,0.0009999999999994458
60.0,Proposed_CL_CBC,0,1.0019999999994447
60.0,Proposed_CL_CBC,0,0.0019999999999988916
60.0,Proposed_CL_CBC,0,0.0029999999999983373
60.0,Proposed_CL_CBC,0,0.0029999999999983373
60.0,Proposed_CL_CBC,0,0.0029999999999983373
60.0,Proposed_CL_CBC,0,0.0069999999999961204
60.0,Proposed_CL_CBC,0,0.0069999999999961204
60.0,Proposed_CL_CBC,0,0.0069999999999961204
60.0,Proposed_CL_CBC,0,0.0069999999999961204
60.0,Proposed_CL_CBC,0,0.010999999999993904
60.0,Proposed_CL_CBC,0,0.010999999999993904
60.0,Proposed_CL_CBC,0,0.01199999999999335
60.0,Proposed_CL_CBC,0,0.01199999999999335
60.0,Proposed_CL_CBC,0,1.015999999999437
60.0,Proposed_CL_CBC,0,1.015999999999437
60.0,Proposed_CL_CBC,0,0.016999999999990578
60.0,Proposed_CL_CBC,0,1.031999999999428
60.0,Proposed_CL_CBC,0,1.0329999999994275
60.0,Proposed_CL_CBC,0,0.033999999999981156
60.0,Proposed_CL_CBC,0,0.033999999999981156
60.0,Proposed_CL_CBC,0,0.033999999999981156
60.0,Proposed_CL_CBC,0,0.045999999999974506
60.0,Proposed_CL_CBC,0,0.08799999999995123
60.0,Proposed_CL_CBC,0,0.09899999999994513
60.0,Proposed_CL_CBC,0,0.1529999999999152
60.0,Proposed_CL_CBC,0,0.1529999999999152
60.0,Proposed_CL_CBC,0,0.15599999999991354
60.0,Proposed_CL_CBC,0,0.15899999999991188
60.0,Proposed_CL_CBC,0,0.0009999999999994458
60.0,Proposed_CL_CBC,0,0.0019999999999988916
60.0,Proposed_CL_CBC,0,0.0029999999999983373
60.0,Proposed_CL_CBC,0,0.003999999999997783
60.0,Proposed_CL_CBC,0,0.003999999999997783
60.0,Proposed_CL_CBC,0,0.003999999999997783
60.0,Proposed_CL_CBC,0,0.003999999999997783
60.0,Proposed_CL_CBC,0,0.007999999999995566
60.0,Proposed_CL_CBC,0,0.007999999999995566
60.0,Proposed_CL_CBC,0,0.008999999999995012
60.0,Proposed_CL_CBC,0,0.012999999999992795
60.0,Proposed_CL_CBC,0,0.013999999999992241
60.0,Proposed_CL_CBC,0,0.013999999999992241
60.0,Proposed_CL_CBC,0,0.016999999999990578
60.0,Proposed_CL_CBC,0,0.036999999999979494
60.0,Proposed_CL_CBC,0,0.05499999999996952
60.0,Proposed_CL_CBC,0,0.05499999999996952
60.0,Proposed_CL_CBC,0,0.05699999999996841
60.0,Proposed_CL_CBC,0,0.0589999999999673
60.0,Proposed_CL_CBC,0,0.0589999999999673
60.0,Proposed_CL_CBC,0,0.06799999999996231
60.0,Proposed_CL_CBC,0,0.082999999999954
60.0,Proposed_CL_CBC,0,0.12499999999993072
60.0,Proposed_CL_CBC,0,0.12499999999993072
60.0,Proposed_CL_CBC,0,0.12499999999993072
60.0,Proposed_CL_CBC,0,0.17399999999990357
60.0,Proposed_CL_CBC,0,1.2599999999993017
60.0,Proposed_CL_CBC,0,1.2749999999992934
60.0,Proposed_CL_CBC,0,1.3039999999992773
60.0,Proposed_CL_CBC,0,1.3219999999992673
60.0,Proposed_CL_CBC,0,1.325999999999265
60.0,Proposed_CL_CBC,0,1.3949999999992269
60.0,Proposed_CL_CBC,0,0.3949999999997811
60.0,Proposed_CL_CBC,0,0.3999999999997783
60.0,Proposed_CL_CBC,0,0.3999999999997783
60.0,Proposed_CL_CBC,0,0.3999999999997783
60.0,Proposed_CL_CBC,0,0.607999999999663
60.0,Proposed_CL_CBC,0,0.6089999999996625
60.0,Proposed_CL_CBC,0,0.6809999999996226
60.0,Proposed_CL_CBC,0,0.7489999999995849
60.0,Proposed_CL_CBC,0,0.7499999999995843
60.0,Proposed_CL_CBC,0,0.820999999999545
60.0,Proposed_CL_CBC,0,0.9719999999994613
60.0,Proposed_CL_CBC,0,0.0009999999999994458
60.0,Proposed_CL_CBC,0,0.0019999999999988916
60.0,Proposed_CL_CBC,0,0.0019999999999988916
60.0,Proposed_CL_CBC,0,0.0029999999999983373
60.0,Proposed_CL_CBC,0,0.0029999999999983373
60.0,Proposed_CL_CBC,0,0.004999999999997229
60.0,Proposed_CL_CBC,0,0.004999999999997229
60.0,Proposed_CL_CBC,0,0.004999999999997229
60.0,Proposed_CL_CBC,0,0.005999999999996675
60.0,Proposed_CL_CBC,0,0.008999999999995012
60.0,Proposed_CL_CBC,0,0.008999999999995012
60.0,Proposed_CL_CBC,0,0.008999999999995012
60.0,Proposed_CL_CBC,0,0.008999999999995012
60.0,Proposed_CL_CBC,0,0.009999999999994458
60.0,Proposed_CL_CBC,0,0.010999999999993904
60.0,Proposed_CL_CBC,0,0.012999999999992795
60.0,Proposed_CL_CBC,0,0.016999999999990578
60.0,Proposed_CL_CBC,0,0.016999999999990578
60.0,Proposed_CL_CBC,0,0.01899999999998947
60.0,Proposed_CL_CBC,0,0.02099999999998836
60.0,Proposed_CL_CBC,0,0.021999999999987807
60.0,Proposed_CL_CBC,0,0.021999999999987807
60.0,Proposed_CL_CBC,0,0.024999999999986144
60.0,Proposed_CL_CBC,0,0.024999999999986144
60.0,Proposed_CL_CBC,0,0.024999999999986144
60.0,Proposed_CL_CBC,0,0.024999999999986144
60.0,Proposed_CL_CBC,0,0.024999999999986144
60.0,Proposed_CL_CBC,0,0.033999999999981156
60.0,Proposed_CL_CBC,0,0.0479999999999734
60.0,Proposed_CL_CBC,0,0.08899999999995067
60.0,Proposed_CL_CBC,0,0.0939999999999479
60.0,Proposed_CL_CBC,0,0.0939999999999479
60.0,Proposed_CL_CBC,0,0.0939999999999479
60.0,Proposed_CL_CBC,0,0.10399999999994236
60.0,Proposed_CL_CBC,0,1.0009999999994452
60.0,Proposed_CL_CBC,0,0.0029999999999983373
60.0,Proposed_CL_CBC,0,0.003999999999997783
60.0,Proposed_CL_CBC,0,0.004999999999997229
60.0,Proposed_CL_CBC,0,0.004999999999997229
60.0,Proposed_CL_CBC,0,0.008999999999995012
60.0,Proposed_CL_CBC,0,0.009999999999994458
60.0,Proposed_CL_CBC,0,0.009999999999994458
60.0,Proposed_CL_CBC,0,0.010999999999993904
60.0,Proposed_CL_CBC,0,0.01199999999999335
60.0,Proposed_CL_CBC,0,0.01199999999999335
60.0,Proposed_CL_CBC,0,0.013999999999992241
60.0,Proposed_CL_CBC,0,1.013999999999438
60.0,Proposed_CL_CBC,0,0.014999999999991687
60.0,Proposed_CL_CBC,0,0.014999999999991687
60.0,Proposed_CL_CBC,0,0.014999999999991687
60.0,Proposed_CL_CBC,0,0.017999999999990024
60.0,Proposed_CL_CBC,0,1.0179999999994358
60.0,Proposed_CL_CBC,0,1.0179999999994358
60.0,Proposed_CL_CBC,0,1.0179999999994358
60.0,Proposed_CL_CBC,0,1.0209999999994341
60.0,Proposed_CL_CBC,0,1.0209999999994341
60.0,Proposed_CL_CBC,0,1.0209999999994341
60.0,Proposed_CL_CBC,0,0.0239999999999867
60.0,Proposed_CL_CBC,0,1.0239999999994325
60.0,Proposed_CL_CBC,0,1.0239999999994325
60.0,Proposed_CL_CBC,0,0.0239999999999867
60.0,Proposed_CL_CBC,0,0.026999999999985036
60.0,Proposed_CL_CBC,0,0.026999999999985036
60.0,Proposed_CL_CBC,0,0.03099999999998282
60.0,Proposed_CL_CBC,0,0.03099999999998282
60.0,Proposed_CL_CBC,0,0.033999999999981156
60.0,Proposed_CL_CBC,0,0.0349999999999806
60.0,Proposed_CL_CBC,0,0.04299999999997617
60.0,Proposed_CL_CBC,0,0.04499999999997506
60.0,Proposed_CL_CBC,0,0.06199999999996564
60.0,Proposed_CL_CBC,0,0.06599999999996342
60.0,Proposed_CL_CBC,0,0.06599999999996342
60.0,Proposed_CL_CBC,0,0.07299999999995954
60.0,Proposed_CL_CBC,0,0.07499999999995843
60.0,Proposed_CL_CBC,0,0.09199999999994901
60.0,Proposed_CL_CBC,0,0.09299999999994846
60.0,Proposed_CL_CBC,0,0.0009999999999994458
60.0,Proposed_CL_CBC,0,0.0019999999999988916
60.0,Proposed_CL_CBC,0,0.0019999999999988916
60.0,Proposed_CL_CBC,0,0.0019999999999988916
60.0,Proposed_CL_CBC,0,0.0019999999999988916
60.0,Proposed_CL_CBC,0,0.0029999999999983373
60.0,Proposed_CL_CBC,0,0.0029999999999983373
60.0,Proposed_CL_CBC,0,0.003999999999997783
60.0,Proposed_CL_CBC,0,0.003999999999997783
60.0,Proposed_CL_CBC,0,0.003999999999997783
60.0,Proposed_CL_CBC,0,0.0069999999999961204
60.0,Proposed_CL_CBC,0,0.0069999999999961204
60.0,Proposed_CL_CBC,0,0.0069999999999961204
60.0,Proposed_CL_CBC,0,0.008999999999995012
60.0,Proposed_CL_CBC,0,0.009999999999994458
60.0,Proposed_CL_CBC,0,0.015999999999991132
60.0,Proposed_CL_CBC,0,0.017999999999990024
60.0,Proposed_CL_CBC,0,0.01899999999998947
60.0,Proposed_CL_CBC,0,0.019999999999988916
60.0,Proposed_CL_CBC,0,0.019999999999988916
60.0,Proposed_CL_CBC,0,0.019999999999988916
60.0,Proposed_CL_CBC,0,0.027999999999984482
60.0,Proposed_CL_CBC,0,0.04099999999997728
60.0,Proposed_CL_CBC,0,0.055999999999968963
60.0,Proposed_CL_CBC,0,0.055999999999968963
60.0,Proposed_CL_CBC,0,0.06299999999996508
60.0,Proposed_CL_CBC,0,0.06299999999996508
60.0,Proposed_CL_CBC,0,0.06499999999996398
60.0,Proposed_CL_CBC,0,0.06499999999996398
60.0,Proposed_CL_CBC,0,0.14999999999991687
60.0,Proposed_CL_CBC,0,0.165999999999908
60.0,Proposed_CL_CBC,0,0.17999999999990024
60.0,Proposed_CL_CBC,0,0.5779999999996797
60.0,Proposed_CL_CBC,0,0.5779999999996797
60.0,Proposed_CL_CBC,0,0.5959999999996697
60.0,Proposed_CL_CBC,0,0.0010000000000012221
60.0,Proposed_CL_CBC,0,0.0010000000000012221
60.0,Proposed_CL_CBC,0,1.0019999999994482
60.0,Proposed_CL_CBC,0,0.0020000000000024443
60.0,Proposed_CL_CBC,0,0.0020000000000024443
60.0,Proposed_CL_CBC,0,1.0049999999994519
60.0,Proposed_CL_CBC,0,0.006000000000007333
60.0,Proposed_CL_CBC,0,0.006000000000007333
60.0,Proposed_CL_CBC,0,0.006000000000007333
60.0,Proposed_CL_CBC,0,0.007000000000008555
60.0,Proposed_CL_CBC,0,0.007000000000008555
60.0,Proposed_CL_CBC,0,0.012000000000014666
60.0,Proposed_CL_CBC,0,0.016000000000019554
60.0,Proposed_CL_CBC,0,1.023999999999475
60.0,Proposed_CL_CBC,0,0.025000000000030553
60.0,Proposed_CL_CBC,0,0.025000000000030553
60.0,Proposed_CL_CBC,0,1.0259999999994776
60.0,Proposed_CL_CBC,0,0.029000000000035442
60.0,Proposed_CL_CBC,0,0.029000000000035442
60.0,Proposed_CL_CBC,0,0.06000000000007333
60.0,Proposed_CL_CBC,0,0.06000000000007333
60.0,Proposed_CL_CBC,0,0.21400000000026154
60.0,Proposed_CL_CBC,0,0.21400000000026154
60.0,Proposed_CL_CBC,0,0.26900000000032875
60.0,Proposed_CL_CBC,0,0.2720000000003324
60.0,Proposed_CL_CBC,0,0.27300000000033364
60.0,Proposed_CL_CBC,0,0.2800000000003422
60.0,Proposed_CL_CBC,0,0.2850000000003483
60.0,Proposed_CL_CBC,0,0.28600000000034953
60.0,Proposed_CL_CBC,0,0.0040000000000048885
60.0,Proposed_CL_CBC,0,0.005000000000006111
60.0,Proposed_CL_CBC,0,0.005000000000006111
60.0,Proposed_CL_CBC,0,0.005000000000006111
60.0,Proposed_CL_CBC,0,0.005000000000006111
60.0,Proposed_CL_CBC,0,0.006000000000007333
60.0,Proposed_CL_CBC,0,0.007000000000008555
60.0,Proposed_CL_CBC,0,0.007000000000008555
60.0,Proposed_CL_CBC,0,0.008000000000009777
60.0,Proposed_CL_CBC,0,0.008000000000009777
60.0,Proposed_CL_CBC,0,0.009000000000011
60.0,Proposed_CL_CBC,0,0.009000000000011
60.0,Proposed_CL_CBC,0,0.010000000000012221
60.0,Proposed_CL_CBC,0,1.013000000001238
60.0,Proposed_CL_CBC,0,0.015000000000018332
60.0,Proposed_CL_CBC,0,0.015000000000018332
60.0,Proposed_CL_CBC,0,0.015000000000018332
60.0,Proposed_CL_CBC,0,0.015000000000018332
60.0,Proposed_CL_CBC,0,0.016000000000019554
60.0,Proposed_CL_CBC,0,0.018000000000022
60.0,Proposed_CL_CBC,0,0.018000000000022
60.0,Proposed_CL_CBC,0,0.021000000000025665
60.0,Proposed_CL_CBC,0,0.022000000000026887
60.0,Proposed_CL_CBC,0,1.0230000000012502
60.0,Proposed_CL_CBC,0,0.026000000000031775
60.0,Proposed_CL_CBC,0,0.026000000000031775
60.0,Proposed_CL_CBC,0,0.026000000000031775
60.0,Proposed_CL_CBC,0,1.026000000001254
60.0,Proposed_CL_CBC,0,0.027000000000032998
60.0,Proposed_CL_CBC,0,0.02800000000003422
60.0,Proposed_CL_CBC,0,0.030000000000036664
60.0,Proposed_CL_CBC,0,0.030000000000036664
60.0,Proposed_CL_CBC,0,0.030000000000036664
60.0,Proposed_CL_CBC,0,0.030000000000036664
60.0,Proposed_CL_CBC,0,1.03100000000126
60.0,Proposed_CL_CBC,0,1.03100000000126
60.0,Proposed_CL_CBC,0,0.031000000000037886
60.0,Proposed_CL_CBC,0,0.03300000000004033
60.0,Proposed_CL_CBC,0,0.03400000000004155
60.0,Proposed_CL_CBC,0,0.03400000000004155
60.0,Proposed_CL_CBC,0,0.035000000000042775
60.0,Proposed_CL_CBC,0,0.035000000000042775
60.0,Proposed_CL_CBC,0,0.07900000000009655
60.0,Proposed_CL_CBC,0,0.08200000000010021
60.0,Proposed_CL_CBC,0,0.08500000000010388
60.0,Proposed_CL_CBC,0,0.08800000000010755
60.0,Proposed_CL_CBC,0,0.10000000000012221
60.0,Proposed_CL_CBC,0,0.10300000000012588
60.0,Proposed_CL_CBC,0,0.10300000000012588
60.0,Proposed_CL_CBC,0,0.10500000000012832
60.0,Proposed_CL_CBC,0,0.12100000000014788
60.0,Proposed_CL_CBC,0,0.13400000000016377
60.0,Proposed_CL_CBC,0,0.3200000000003911
60.0,Proposed_CL_CBC,0,0.3200000000003911
60.0,Proposed_CL_CBC,0,0.0020000000000024443
60.0,Proposed_CL_CBC,0,1.0030000000012258
60.0,Proposed_CL_CBC,0,1.0030000000012258
60.0,Proposed_CL_CBC,0,1.0030000000012258
60.0,Proposed_CL_CBC,0,0.005000000000006111
60.0,Proposed_CL_CBC,0,0.005000000000006111
60.0,Proposed_CL_CBC,0,0.005000000000006111
60.0,Proposed_CL_CBC,0,0.005000000000006111
60.0,Proposed_CL_CBC,0,0.006000000000007333
60.0,Proposed_CL_CBC,0,0.007000000000008555
60.0,Proposed_CL_CBC,0,0.007000000000008555
60.0,Proposed_CL_CBC,0,0.007000000000008555
60.0,Proposed_CL_CBC,0,0.007000000000008555
60.0,Proposed_CL_CBC,0,0.008000000000009777
60.0,Proposed_CL_CBC,0,0.008000000000009777
60.0,Proposed_CL_CBC,0,0.009000000000011
60.0,Proposed_CL_CBC,0,0.009000000000011
60.0,Proposed_CL_CBC,0,0.009000000000011
60.0,Proposed_CL_CBC,0,0.009000000000011
60.0,Proposed_CL_CBC,0,0.010000000000012221
60.0,Proposed_CL_CBC,0,0.010000000000012221
60.0,Proposed_CL_CBC,0,0.011000000000013443
60.0,Proposed_CL_CBC,0,1.013000000001238
60.0,Proposed_CL_CBC,0,1.013000000001238
60.0,Proposed_CL_CBC,0,0.01400000000001711
60.0,Proposed_CL_CBC,0,0.01400000000001711
60.0,Proposed_CL_CBC,0,0.015000000000018332
60.0,Proposed_CL_CBC,0,0.015000000000018332
60.0,Proposed_CL_CBC,0,0.016000000000019554
60.0,Proposed_CL_CBC,0,0.016000000000019554
60.0,Proposed_CL_CBC,0,0.017000000000020776
60.0,Proposed_CL_CBC,0,0.017000000000020776
60.0,Proposed_CL_CBC,0,0.017000000000020776
60.0,Proposed_CL_CBC,0,0.017000000000020776
60.0,Proposed_CL_CBC,0,0.018000000000022
60.0,Proposed_CL_CBC,0,0.018000000000022
60.0,Proposed_CL_CBC,0,0.018000000000022
60.0,Proposed_CL_CBC,0,0.018000000000022
60.0,Proposed_CL_CBC,0,0.01900000000002322
60.0,Proposed_CL_CBC,0,0.01900000000002322
60.0,Proposed_CL_CBC,0,0.020000000000024443
60.0,Proposed_CL_CBC,0,0.021000000000025665
60.0,Proposed_CL_CBC,0,0.02300000000002811
60.0,Proposed_CL_CBC,0,0.03900000000004766
60.0,Proposed_CL_CBC,0,0.03900000000004766
60.0,Proposed_CL_CBC,0,0.07400000000009044
60.0,Proposed_CL_CBC,0,0.07400000000009044
60.0,Proposed_CL_CBC,0,0.08100000000009899
60.0,Proposed_CL_CBC,0,0.11700000000014299
60.0,Proposed_CL_CBC,0,0.144000000000176
60.0,Proposed_CL_CBC,0,0.15200000000018576
60.0,Proposed_CL_CBC,0,0.15200000000018576
60.0,Proposed_CL_CBC,0,0.16200000000019799
60.0,Proposed_CL_CBC,0,0.2030000000002481
60.0,Proposed_CL_CBC,0,0.0010000000000012221
60.0,Proposed_CL_CBC,0,0.0010000000000012221
60.0,Proposed_CL_CBC,0,1.0020000000012246
60.0,Proposed_CL_CBC,0,1.0020000000012246
60.0,Proposed_CL_CBC,0,0.0030000000000036664
60.0,Proposed_CL_CBC,0,0.0040000000000048885
60.0,Proposed_CL_CBC,0,0.005000000000006111
60.0,Proposed_CL_CBC,0,0.005000000000006111
60.0,Proposed_CL_CBC,0,0.008000000000009777
60.0,Proposed_CL_CBC,0,0.008000000000009777
60.0,Proposed_CL_CBC,0,0.008000000000009777
60.0,Proposed_CL_CBC,0,1.0090000000012331
60.0,Proposed_CL_CBC,0,0.010000000000012221
60.0,Proposed_CL_CBC,0,0.015000000000018332
60.0,Proposed_CL_CBC,0,0.015000000000018332
60.0,Proposed_CL_CBC,0,0.015000000000018332
60.0,Proposed_CL_CBC,0,0.016000000000019554
60.0,Proposed_CL_CBC,0,0.017000000000020776
60.0,Proposed_CL_CBC,0,0.017000000000020776
60.0,Proposed_CL_CBC,0,0.017000000000020776
60.0,Proposed_CL_CBC,0,0.017000000000020776
60.0,Proposed_CL_CBC,0,0.018000000000022
60.0,Proposed_CL_CBC,0,0.020000000000024443
60.0,Proposed_CL_CBC,0,0.02800000000003422
60.0,Proposed_CL_CBC,0,0.02800000000003422
60.0,Proposed_CL_CBC,0,0.02800000000003422
60.0,Proposed_CL_CBC,0,0.029000000000035442
60.0,Proposed_CL_CBC,0,0.029000000000035442
60.0,Proposed_CL_CBC,0,0.03300000000004033
60.0,Proposed_CL_CBC,0,0.03300000000004033
60.0,Proposed_CL_CBC,0,0.04300000000005255
60.0,Proposed_CL_CBC,0,0.05100000000006233
60.0,Proposed_CL_CBC,0,0.05700000000006966
60.0,Proposed_CL_CBC,0,0.05700000000006966
60.0,Proposed_CL_CBC,0,1.058000000001293
60.0,Proposed_CL_CBC,0,0.059000000000072106
60.0,Proposed_CL_CBC,0,0.059000000000072106
60.0,Proposed_CL_CBC,0,0.06000000000007333
60.0,Proposed_CL_CBC,0,0.06000000000007333
60.0,Proposed_CL_CBC,0,0.06600000000008066
60.0,Proposed_CL_CBC,0,0.06600000000008066
60.0,Proposed_CL_CBC,0,0.06700000000008188
60.0,Proposed_CL_CBC,0,0.07300000000008922
60.0,Proposed_CL_CBC,0,1.0870000000013285
60.0,Proposed_CL_CBC,0,0.08900000000010877
60.0,Proposed_CL_CBC,0,0.10200000000012466
60.0,Proposed_CL_CBC,0,0.10500000000012832
60.0,Proposed_CL_CBC,0,0.10900000000013321
60.0,Proposed_CL_CBC,0,0.10900000000013321
60.0,Proposed_CL_CBC,0,0.13000000000015888
60.0,Proposed_CL_CBC,0,0.14200000000017354
60.0,Proposed_CL_CBC,0,0.14200000000017354
60.0,Proposed_CL_CBC,0,0.14200000000017354
60.0,Proposed_CL_CBC,0,0.14600000000017843
60.0,Proposed_CL_CBC,0,1.1510000000014067
60.0,Proposed_CL_CBC,0,1.1510000000014067
60.0,Proposed_CL_CBC,0,0.16100000000019676
60.0,Proposed_CL_CBC,0,0.16400000000020043
60.0,Proposed_CL_CBC,0,0.16400000000020043
60.0,Proposed_CL_CBC,0,0.16600000000020287
60.0,Proposed_CL_CBC,0,0.16800000000020532
60.0,Proposed_CL_CBC,0,0.19600000000023954
60.0,Proposed_CL_CBC,0,0.0010000000000012221
60.0,Proposed_CL_CBC,0,0.0010000000000012221
60.0,Proposed_CL_CBC,0,0.0020000000000024443
60.0,Proposed_CL_CBC,0,0.0020000000000024443
60.0,Proposed_CL_CBC,0,0.0020000000000024443
60.0,Proposed_CL_CBC,0,0.0030000000000036664
60.0,Proposed_CL_CBC,0,0.0030000000000036664
60.0,Proposed_CL_CBC,0,0.0030000000000036664
60.0,Proposed_CL_CBC,0,0.0040000000000048885
60.0,Proposed_CL_CBC,0,0.0040000000000048885
60.0,Proposed_CL_CBC,0,0.0040000000000048885
60.0,Proposed_CL_CBC,0,0.005000000000006111
60.0,Proposed_CL_CBC,0,0.005000000000006111
60.0,Proposed_CL_CBC,0,0.005000000000006111
60.0,Proposed_CL_CBC,0,0.007000000000008555
60.0,Proposed_CL_CBC,0,0.009000000000011
60.0,Proposed_CL_CBC,0,0.010000000000012221
60.0,Proposed_CL_CBC,0,0.010000000000012221
60.0,Proposed_CL_CBC,0,0.012000000000014666
60.0,Proposed_CL_CBC,0,0.01400000000001711
60.0,Proposed_CL_CBC,0,0.017000000000020776
60.0,Proposed_CL_CBC,0,0.017000000000020776
60.0,Proposed_CL_CBC,0,0.017000000000020776
60.0,Proposed_CL_CBC,0,0.01900000000002322
60.0,Proposed_CL_CBC,0,0.021000000000025665
60.0,Proposed_CL_CBC,0,0.022000000000026887
60.0,Proposed_CL_CBC,0,0.026000000000031775
60.0,Proposed_CL_CBC,0,0.04100000000005011
60.0,Proposed_CL_CBC,0,0.06400000000007822
60.0,Proposed_CL_CBC,0,0.06400000000007822
60.0,Proposed_CL_CBC,0,0.0860000000001051
60.0,Proposed_CL_CBC,0,0.0860000000001051
60.0,Proposed_CL_CBC,0,0.135000000000165
60.0,Proposed_CL_CBC,0,0.14800000000018088
60.0,Proposed_CL_CBC,0,0.14800000000018088
60.0,Proposed_CL_CBC,0,0.15200000000018576
60.0,Proposed_CL_CBC,0,0.17000000000020776
60.0,Proposed_CL_CBC,0,0.17000000000020776
60.0,Proposed_CL_CBC,0,0.17100000000020898
60.0,Proposed_CL_CBC,0,0.18400000000022487
60.0,Proposed_CL_CBC,0,0.18600000000022732
60.0,Proposed_CL_CBC,0,0.18600000000022732
60.0,Proposed_CL_CBC,0,0.21300000000026031
60.0,Proposed_CL_CBC,0,0.21300000000026031
60.0,Proposed_CL_CBC,0,0.21300000000026031
60.0,Proposed_CL_CBC,0,0.21300000000026031
60.0,Proposed_CL_CBC,0,0.0010000000000012221
60.0,Proposed_CL_CBC,0,0.0010000000000012221
60.0,Proposed_CL_CBC,0,0.0010000000000012221
60.0,Proposed_CL_CBC,0,0.0030000000000036664
60.0,Proposed_CL_CBC,0,0.0030000000000036664
60.0,Proposed_CL_CBC,0,0.007000000000008555
60.0,Proposed_CL_CBC,0,0.007000000000008555
60.0,Proposed_CL_CBC,0,0.009000000000011
60.0,Proposed_CL_CBC,0,0.009000000000011
60.0,Proposed_CL_CBC,0,0.012000000000014666
60.0,Proposed_CL_CBC,0,0.013000000000015888
60.0,Proposed_CL_CBC,0,0.015000000000018332
60.0,Proposed_CL_CBC,0,0.017000000000020776
60.0,Proposed_CL_CBC,0,0.021000000000025665
60.0,Proposed_CL_CBC,0,0.021000000000025665
60.0,Proposed_CL_CBC,0,0.02400000000002933
60.0,Proposed_CL_CBC,0,0.02400000000002933
60.0,Proposed_CL_CBC,0,0.025000000000030553
60.0,Proposed_CL_CBC,0,0.02800000000003422
60.0,Proposed_CL_CBC,0,0.02800000000003422
60.0,Proposed_CL_CBC,0,0.02800000000003422
60.0,Proposed_CL_CBC,0,0.02800000000003422
60.0,Proposed_CL_CBC,0,0.029000000000035442
60.0,Proposed_CL_CBC,0,0.03800000000004644
60.0,Proposed_CL_CBC,0,0.040000000000048885
60.0,Proposed_CL_CBC,0,0.04200000000005133
60.0,Proposed_CL_CBC,0,0.044000000000053774
60.0,Proposed_CL_CBC,0,0.044000000000053774
60.0,Proposed_CL_CBC,0,0.04600000000005622
60.0,Proposed_CL_CBC,0,0.04600000000005622
60.0,Proposed_CL_CBC,0,0.04700000000005744
60.0,Proposed_CL_CBC,0,0.05200000000006355
60.0,Proposed_CL_CBC,0,0.06100000000007455
60.0,Proposed_CL_CBC,0,0.07100000000008677
60.0,Proposed_CL_CBC,0,0.072000000000088
60.0,Proposed_CL_CBC,0,0.08000000000009777
60.0,Proposed_CL_CBC,0,0.08300000000010144
60.0,Proposed_CL_CBC,0,0.08900000000010877
60.0,Proposed_CL_CBC,0,0.09100000000011121
60.0,Proposed_CL_CBC,0,0.09100000000011121
60.0,Proposed_CL_CBC,0,0.09600000000011732
60.0,Proposed_CL_CBC,0,0.09600000000011732
60.0,Proposed_CL_CBC,0,0.09600000000011732
60.0,Proposed_CL_CBC,0,0.10500000000012832
60.0,Proposed_CL_CBC,0,0.10500000000012832
60.0,Proposed_CL_CBC,0,0.10700000000013077
60.0,Proposed_CL_CBC,0,0.10700000000013077
60.0,Proposed_CL_CBC,0,0.12100000000014788
60.0,Proposed_CL_CBC,0,0.12100000000014788
60.0,Proposed_CL_CBC,0,0.12100000000014788
60.0,Proposed_CL_CBC,0,0.16100000000019676
60.0,Proposed_CL_CBC,0,0.0020000000000024443
60.0,Proposed_CL_CBC,0,0.0020000000000024443
60.0,Proposed_CL_CBC,0,1.004000000001227
60.0,Proposed_CL_CBC,0,0.005000000000006111
60.0,Proposed_CL_CBC,0,0.006000000000007333
60.0,Proposed_CL_CBC,0,0.006000000000007333
60.0,Proposed_CL_CBC,0,0.010000000000012221
60.0,Proposed_CL_CBC,0,0.010000000000012221
60.0,Proposed_CL_CBC,0,0.011000000000013443
60.0,Proposed_CL_CBC,0,0.01400000000001711
60.0,Proposed_CL_CBC,0,0.01400000000001711
60.0,Proposed_CL_CBC,0,0.01400000000001711
60.0,Proposed_CL_CBC,0,0.015000000000018332
60.0,Proposed_CL_CBC,0,0.01900000000002322
60.0,Proposed_CL_CBC,0,1.0210000000012478
60.0,Proposed_CL_CBC,0,1.022000000001249
60.0,Proposed_CL_CBC,0,1.022000000001249
60.0,Proposed_CL_CBC,0,0.022000000000026887
60.0,Proposed_CL_CBC,0,0.026000000000031775
60.0,Proposed_CL_CBC,0,0.026000000000031775
60.0,Proposed_CL_CBC,0,0.027000000000032998
60.0,Proposed_CL_CBC,0,0.027000000000032998
60.0,Proposed_CL_CBC,0,0.027000000000032998
60.0,Proposed_CL_CBC,0,0.027000000000032998
60.0,Proposed_CL_CBC,0,0.027000000000032998
60.0,Proposed_CL_CBC,0,0.027000000000032998
60.0,Proposed_CL_CBC,0,0.02800000000003422
60.0,Proposed_CL_CBC,0,0.02800000000003422
60.0,Proposed_CL_CBC,0,0.029000000000035442
60.0,Proposed_CL_CBC,0,0.029000000000035442
60.0,Proposed_CL_CBC,0,0.03300000000004033
60.0,Proposed_CL_CBC,0,0.03300000000004033
60.0,Proposed_CL_CBC,0,0.03400000000004155
60.0,Proposed_CL_CBC,0,0.036000000000044
60.0,Proposed_CL_CBC,0,0.036000000000044
60.0,Proposed_CL_CBC,0,0.036000000000044
60.0,Proposed_CL_CBC,0,0.036000000000044
60.0,Proposed_CL_CBC,0,0.03700000000004522
60.0,Proposed_CL_CBC,0,0.03800000000004644
60.0,Proposed_CL_CBC,0,0.03800000000004644
60.0,Proposed_CL_CBC,0,0.03900000000004766
60.0,Proposed_CL_CBC,0,0.040000000000048885
60.0,Proposed_CL_CBC,0,0.040000000000048885
60.0,Proposed_CL_CBC,0,0.04100000000005011
60.0,Proposed_CL_CBC,0,0.049000000000059885
60.0,Proposed_CL_CBC,0,0.049000000000059885
60.0,Proposed_CL_CBC,0,0.049000000000059885
60.0,Proposed_CL_CBC,0,0.05300000000006477
60.0,Proposed_CL_CBC,0,0.05300000000006477
60.0,Proposed_CL_CBC,0,0.063000000000077
60.0,Proposed_CL_CBC,0,0.063000000000077
60.0,Proposed_CL_CBC,0,0.063000000000077
60.0,Proposed_CL_CBC,0,0.06400000000007822
60.0,Proposed_CL_CBC,0,0.06700000000008188
60.0,Proposed_CL_CBC,0,0.0680000000000831
60.0,Proposed_CL_CBC,0,0.072000000000088
60.0,Proposed_CL_CBC,0,0.07900000000009655
60.0,Proposed_CL_CBC,0,0.15500000000018943
60.0,Proposed_CL_CBC,0,0.16200000000019799
60.0,Proposed_CL_CBC,0,0.16800000000020532
60.0,Proposed_CL_CBC,0,0.17000000000020776
60.0,Proposed_CL_CBC,0,0.17000000000020776
60.0,Proposed_CL_CBC,0,0.20700000000025298
60.0,Proposed_CL_CBC,0,0.21300000000026031
60.0,Proposed_CL_CBC,0,0.2260000000002762
60.0,Proposed_CL_CBC,0,0.2260000000002762
60.0,Proposed_CL_CBC,0,0.2260000000002762
60.0,Proposed_CL_CBC,0,0.0010000000000012221
60.0,Proposed_CL_CBC,0,0.0010000000000012221
60.0,Proposed_CL_CBC,0,0.0010000000000012221
60.0,Proposed_CL_CBC,0,0.0030000000000036664
60.0,Proposed_CL_CBC,0,0.0040000000000048885
60.0,Proposed_CL_CBC,0,0.0040000000000048885
60.0,Proposed_CL_CBC,0,0.005000000000006111
60.0,Proposed_CL_CBC,0,0.005000000000006111
60.0,Proposed_CL_CBC,0,0.006000000000007333
60.0,Proposed_CL_CBC,0,0.006000000000007333
60.0,Proposed_CL_CBC,0,0.008000000000009777
60.0,Proposed_CL_CBC,0,0.008000000000009777
60.0,Proposed_CL_CBC,0,0.008000000000009777
60.0,Proposed_CL_CBC,0,0.011000000000013443
60.0,Proposed_CL_CBC,0,0.013000000000015888
60.0,Proposed_CL_CBC,0,0.015000000000018332
60.0,Proposed_CL_CBC,0,0.016000000000019554
60.0,Proposed_CL_CBC,0,0.017000000000020776
60.0,Proposed_CL_CBC,0,0.017000000000020776
60.0,Proposed_CL_CBC,0,0.017000000000020776
60.0,Proposed_CL_CBC,0,0.018000000000022
60.0,Proposed_CL_CBC,0,1.022000000001249
60.0,Proposed_CL_CBC,0,0.03400000000004155
60.0,Proposed_CL_CBC,0,0.03400000000004155
60.0,Proposed_CL_CBC,0,0.035000000000042775
60.0,Proposed_CL_CBC,0,1.0420000000012735
60.0,Proposed_CL_CBC,0,0.045000000000054996
60.0,Proposed_CL_CBC,0,0.05600000000006844
60.0,Proposed_CL_CBC,0,0.07000000000008555
60.0,Proposed_CL_CBC,0,0.07000000000008555
60.0,Proposed_CL_CBC,0,0.07100000000008677
60.0,Proposed_CL_CBC,0,0.07900000000009655
60.0,Proposed_CL_CBC,0,1.0790000000013187
60.0,Proposed_CL_CBC,0,1.0810000000013211
60.0,Proposed_CL_CBC,0,0.08300000000010144
60.0,Proposed_CL_CBC,0,0.08300000000010144
60.0,Proposed_CL_CBC,0,0.08500000000010388
60.0,Proposed_CL_CBC,0,0.08700000000010633
60.0,Proposed_CL_CBC,0,0.10700000000013077
60.0,Proposed_CL_CBC,0,0.10800000000013199
60.0,Proposed_CL_CBC,0,0.11100000000013566
60.0,Proposed_CL_CBC,0,0.11100000000013566
60.0,Proposed_CL_CBC,0,0.11700000000014299
60.0,Proposed_CL_CBC,0,0.13000000000015888
60.0,Proposed_CL_CBC,0,0.1360000000001662
60.0,Proposed_CL_CBC,0,0.14700000000017965
60.0,Proposed_CL_CBC,0,0.17000000000020776
60.0,Proposed_CL_CBC,0,0.1940000000002371
60.0,Proposed_CL_CBC,0,0.2260000000002762
60.0,Proposed_CL_CBC,0,0.2260000000002762
60.0,Proposed_CL_CBC,0,0.26800000000032753
60.0,Proposed_CL_CBC,0,0.0010000000000012221
60.0,Proposed_CL_CBC,0,0.0010000000000012221
60.0,Proposed_CL_CBC,0,0.0010000000000012221
60.0,Proposed_CL_CBC,0,0.0020000000000024443
60.0,Proposed_CL_CBC,0,0.0020000000000024443
60.0,Proposed_CL_CBC,0,0.0030000000000036664
60.0,Proposed_CL_CBC,0,0.007000000000008555
60.0,Proposed_CL_CBC,0,0.008000000000009777
60.0,Proposed_CL_CBC,0,0.008000000000009777
60.0,Proposed_CL_CBC,0,0.017000000000020776
60.0,Proposed_CL_CBC,0,0.020000000000024443
60.0,Proposed_CL_CBC,0,0.022000000000026887
60.0,Proposed_CL_CBC,0,0.026000000000031775
60.0,Proposed_CL_CBC,0,0.02800000000003422
60.0,Proposed_CL_CBC,0,0.02800000000003422
60.0,Proposed_CL_CBC,0,0.030000000000036664
60.0,Proposed_CL_CBC,0,0.031000000000037886
60.0,Proposed_CL_CBC,0,0.03300000000004033
60.0,Proposed_CL_CBC,0,0.036000000000044
60.0,Proposed_CL_CBC,0,0.036000000000044
60.0,Proposed_CL_CBC,0,0.03800000000004644
60.0,Proposed_CL_CBC,0,0.03800000000004644
60.0,Proposed_CL_CBC,0,0.03900000000004766
60.0,Proposed_CL_CBC,0,0.04100000000005011
60.0,Proposed_CL_CBC,0,0.045000000000054996
60.0,Proposed_CL_CBC,0,0.045000000000054996
60.0,Proposed_CL_CBC,0,0.045000000000054996
60.0,Proposed_CL_CBC,0,0.045000000000054996
60.0,Proposed_CL_CBC,0,0.05000000000006111
60.0,Proposed_CL_CBC,0,0.05000000000006111
60.0,Proposed_CL_CBC,0,0.05600000000006844
60.0,Proposed_CL_CBC,0,0.072000000000088
60.0,Proposed_CL_CBC,0,0.07400000000009044
60.0,Proposed_CL_CBC,0,0.07400000000009044
60.0,Proposed_CL_CBC,0,0.07800000000009533
60.0,Proposed_CL_CBC,0,0.07900000000009655
60.0,Proposed_CL_CBC,0,0.08700000000010633
60.0,Proposed_CL_CBC,0,0.09100000000011121
60.0,Proposed_CL_CBC,0,0.09100000000011121
60.0,Proposed_CL_CBC,0,0.09100000000011121
60.0,Proposed_CL_CBC,0,0.09400000000011488
60.0,Proposed_CL_CBC,0,0.10000000000012221
60.0,Proposed_CL_CBC,0,0.10000000000012221
60.0,Proposed_CL_CBC,0,0.11600000000014177
60.0,Proposed_CL_CBC,0,0.11600000000014177
60.0,Proposed_CL_CBC,0,0.11600000000014177
60.0,Proposed_CL_CBC,0,0.1310000000001601
60.0,Proposed_CL_CBC,0,0.20200000000024687
60.0,Proposed_CL_CBC,0,1.2140000000014837
60.0,Proposed_CL_CBC,0,1.2730000000015558
60.0,Proposed_CL_CBC,0,1.3250000000016193
60.0,Proposed_CL_CBC,0,1.5660000000019139
60.0,Proposed_CL_CBC,0,0.5780000000007064
60.0,Proposed_CL_CBC,0,0.7390000000009032
60.0,Proposed_CL_CBC,0,0.8570000000010474
60.0,Proposed_CL_CBC,0,0.9750000000011916
60.0,Proposed_CL_CBC,0,0.0030000000000036664
60.0,Proposed_CL_CBC,0,0.0030000000000036664
60.0,Proposed_CL_CBC,0,0.0040000000000048885
60.0,Proposed_CL_CBC,0,0.0040000000000048885
60.0,Proposed_CL_CBC,0,0.007000000000008555
60.0,Proposed_CL_CBC,0,0.007000000000008555
60.0,Proposed_CL_CBC,0,0.007000000000008555
60.0,Proposed_CL_CBC,0,0.007000000000008555
60.0,Proposed_CL_CBC,0,0.007000000000008555
60.0,Proposed_CL_CBC,0,0.013000000000015888
60.0,Proposed_CL_CBC,0,0.016000000000019554
60.0,Proposed_CL_CBC,0,0.016000000000019554
60.0,Proposed_CL_CBC,0,0.017000000000020776
60.0,Proposed_CL_CBC,0,0.017000000000020776
60.0,Proposed_CL_CBC,0,0.018000000000022
60.0,Proposed_CL_CBC,0,0.022000000000026887
60.0,Proposed_CL_CBC,0,0.022000000000026887
60.0,Proposed_CL_CBC,0,0.022000000000026887
60.0,Proposed_CL_CBC,0,0.02300000000002811
60.0,Proposed_CL_CBC,0,0.025000000000030553
60.0,Proposed_CL_CBC,0,0.027000000000032998
60.0,Proposed_CL_CBC,0,0.027000000000032998
60.0,Proposed_CL_CBC,0,0.027000000000032998
60.0,Proposed_CL_CBC,0,0.027000000000032998
60.0,Proposed_CL_CBC,0,0.03300000000004033
60.0,Proposed_CL_CBC,0,0.03300000000004033
60.0,Proposed_CL_CBC,0,0.03800000000004644
60.0,Proposed_CL_CBC,0,0.03900000000004766
60.0,Proposed_CL_CBC,0,0.04200000000005133
60.0,Proposed_CL_CBC,0,0.04200000000005133
60.0,Proposed_CL_CBC,0,0.04200000000005133
60.0,Proposed_CL_CBC,0,0.04200000000005133
60.0,Proposed_CL_CBC,0,0.04200000000005133
60.0,Proposed_CL_CBC,0,0.04700000000005744
60.0,Proposed_CL_CBC,0,0.05100000000006233
60.0,Proposed_CL_CBC,0,0.06700000000008188
60.0,Proposed_CL_CBC,0,0.06700000000008188
60.0,Proposed_CL_CBC,0,0.06900000000008433
60.0,Proposed_CL_CBC,0,0.07600000000009288
60.0,Proposed_CL_CBC,0,1.3480000000016474
60.0,Proposed_CL_CBC,0,0.3480000000004253
60.0,Proposed_CL_CBC,0,0.3580000000004375
60.0,Proposed_CL_CBC,0,0.3580000000004375
60.0,Proposed_CL_CBC,0,1.3590000000016609
60.0,Proposed_CL_CBC,0,0.35900000000043875
60.0,Proposed_CL_CBC,0,0.3760000000004595
60.0,Proposed_CL_CBC,0,0.37800000000046197
60.0,Proposed_CL_CBC,0,0.3790000000004632
60.0,Proposed_CL_CBC,0,0.3790000000004632
60.0,Proposed_CL_CBC,0,0.3790000000004632
60.0,Proposed_CL_CBC,0,0.3790000000004632
60.0,Proposed_CL_CBC,0,0.3790000000004632
60.0,Proposed_CL_CBC,0,0.38200000000046685
60.0,Proposed_CL_CBC,0,0.3830000000004681
60.0,Proposed_CL_CBC,0,1.4030000000017147
60.0,Proposed_CL_CBC,0,0.41300000000050474
60.0,Proposed_CL_CBC,0,1.4190000000017342
60.0,Proposed_CL_CBC,0,0.47300000000057807
60.0,Proposed_CL_CBC,0,0.47300000000057807
60.0,Proposed_CL_CBC,0,0.47300000000057807
60.0,Proposed_CL_CBC,0,0.47300000000057807
60.0,Proposed_CL_CBC,0,0.47300000000057807
60.0,Proposed_CL_CBC,0,0.48200000000058907
60.0,Proposed_CL_CBC,0,0.49500000000060496
60.0,Proposed_CL_CBC,0,0.504000000000616
60.0,Proposed_CL_CBC,0,0.5080000000006208
60.0,Proposed_CL_CBC,0,1.8970000000023184
60.0,Proposed_CL_CBC,0,1.9590000000023942
60.0,Proposed_CL_CBC,0,1.9590000000023942
60.0,Proposed_CL_CBC,0,0.0010000000000012221
60.0,Proposed_CL_CBC,0,0.0010000000000012221
60.0,Proposed_CL_CBC,0,0.0020000000000024443
60.0,Proposed_CL_CBC,0,0.0020000000000024443
60.0,Proposed_CL_CBC,0,0.0020000000000024443
60.0,Proposed_CL_CBC,0,0.0030000000000036664
60.0,Proposed_CL_CBC,0,0.0030000000000036664
60.0,Proposed_CL_CBC,0,0.0030000000000036664
60.0,Proposed_CL_CBC,0,0.0030000000000036664
60.0,Proposed_CL_CBC,0,0.0040000000000048885
60.0,Proposed_CL_CBC,0,0.0040000000000048885
60.0,Proposed_CL_CBC,0,0.006000000000007333
60.0,Proposed_CL_CBC,0,0.006000000000007333
60.0,Proposed_CL_CBC,0,0.007000000000008555
60.0,Proposed_CL_CBC,0,0.007000000000008555
60.0,Proposed_CL_CBC,0,0.007000000000008555
60.0,Proposed_CL_CBC,0,0.008000000000009777
60.0,Proposed_CL_CBC,0,0.009000000000011
60.0,Proposed_CL_CBC,0,0.012000000000014666
60.0,Proposed_CL_CBC,0,0.013000000000015888
60.0,Proposed_CL_CBC,0,0.01400000000001711
60.0,Proposed_CL_CBC,0,0.01400000000001711
60.0,Proposed_CL_CBC,0,0.015000000000018332
60.0,Proposed_CL_CBC,0,0.015000000000018332
60.0,Proposed_CL_CBC,0,0.015000000000018332
60.0,Proposed_CL_CBC,0,0.015000000000018332
60.0,Proposed_CL_CBC,0,0.016000000000019554
60.0,Proposed_CL_CBC,0,0.016000000000019554
60.0,Proposed_CL_CBC,0,0.017000000000020776
60.0,Proposed_CL_CBC,0,0.01900000000002322
60.0,Proposed_CL_CBC,0,0.021000000000025665
60.0,Proposed_CL_CBC,0,0.022000000000026887
60.0,Proposed_CL_CBC,0,0.025000000000030553
60.0,Proposed_CL_CBC,0,0.025000000000030553
60.0,Proposed_CL_CBC,0,0.025000000000030553
60.0,Proposed_CL_CBC,0,0.03300000000004033
60.0,Proposed_CL_CBC,0,0.03900000000004766
60.0,Proposed_CL_CBC,0,0.03900000000004766
60.0,Proposed_CL_CBC,0,0.03900000000004766
60.0,Proposed_CL_CBC,0,0.03900000000004766
60.0,Proposed_CL_CBC,0,0.044000000000053774
60.0,Proposed_CL_CBC,0,0.045000000000054996
60.0,Proposed_CL_CBC,0,0.05200000000006355
60.0,Proposed_CL_CBC,0,0.06500000000007944
60.0,Proposed_CL_CBC,0,0.06900000000008433
60.0,Proposed_CL_CBC,0,0.10000000000012221
60.0,Proposed_CL_CBC,0,0.10500000000012832
60.0,Proposed_CL_CBC,0,0.11800000000014421
60.0,Proposed_CL_CBC,0,0.13300000000016254
60.0,Proposed_CL_CBC,0,0.13300000000016254
60.0,Proposed_CL_CBC,0,0.14800000000018088
60.0,Proposed_CL_CBC,0,0.1670000000002041
60.0,Proposed_CL_CBC,0,0.1670000000002041
60.0,Proposed_CL_CBC,0,0.1940000000002371
60.0,Proposed_CL_CBC,0,2.2970000000028072
60.0,Proposed_CL_CBC,0,1.387000000001695
60.0,Proposed_CL_CBC,0,1.720000000002102
60.0,Proposed_CL_CBC,0,0.0030000000000036664
60.0,Proposed_CL_CBC,0,0.0040000000000048885
60.0,Proposed_CL_CBC,0,0.005000000000006111
60.0,Proposed_CL_CBC,0,0.005000000000006111
60.0,Proposed_CL_CBC,0,0.007000000000008555
60.0,Proposed_CL_CBC,0,0.007000000000008555
60.0,Proposed_CL_CBC,0,1.0070000000012307
60.0,Proposed_CL_CBC,0,0.009000000000011
60.0,Proposed_CL_CBC,0,0.009000000000011
60.0,Proposed_CL_CBC,0,0.010000000000012221
60.0,Proposed_CL_CBC,0,0.010000000000012221
60.0,Proposed_CL_CBC,0,0.010000000000012221
60.0,Proposed_CL_CBC,0,0.017000000000020776
60.0,Proposed_CL_CBC,0,1.0180000000012441
60.0,Proposed_CL_CBC,0,0.026000000000031775
60.0,Proposed_CL_CBC,0,0.026000000000031775
60.0,Proposed_CL_CBC,0,0.030000000000036664
60.0,Proposed_CL_CBC,0,0.035000000000042775
60.0,Proposed_CL_CBC,0,0.035000000000042775
60.0,Proposed_CL_CBC,0,0.035000000000042775
60.0,Proposed_CL_CBC,0,0.03900000000004766
60.0,Proposed_CL_CBC,0,0.040000000000048885
60.0,Proposed_CL_CBC,0,0.04300000000005255
60.0,Proposed_CL_CBC,0,0.04300000000005255
60.0,Proposed_CL_CBC,0,0.04300000000005255
60.0,Proposed_CL_CBC,0,0.04300000000005255
60.0,Proposed_CL_CBC,0,0.044000000000053774
60.0,Proposed_CL_CBC,0,0.044000000000053774
60.0,Proposed_CL_CBC,0,0.045000000000054996
60.0,Proposed_CL_CBC,0,0.045000000000054996
60.0,Proposed_CL_CBC,0,0.04800000000005866
60.0,Proposed_CL_CBC,0,0.049000000000059885
60.0,Proposed_CL_CBC,0,0.049000000000059885
60.0,Proposed_CL_CBC,0,0.049000000000059885
60.0,Proposed_CL_CBC,0,0.05100000000006233
60.0,Proposed_CL_CBC,0,0.05200000000006355
60.0,Proposed_CL_CBC,0,0.05600000000006844
60.0,Proposed_CL_CBC,0,0.07900000000009655
60.0,Proposed_CL_CBC,0,0.08400000000010266
60.0,Proposed_CL_CBC,0,0.08400000000010266
60.0,Proposed_CL_CBC,0,0.08400000000010266
60.0,Proposed_CL_CBC,0,0.08400000000010266
60.0,Proposed_CL_CBC,0,0.09100000000011121
60.0,Proposed_CL_CBC,0,1.1000000000013443
60.0,Proposed_CL_CBC,0,1.1100000000013566
60.0,Proposed_CL_CBC,0,1.1100000000013566
60.0,Proposed_CL_CBC,0,0.11400000000013932
60.0,Proposed_CL_CBC,0,1.1200000000013688
60.0,Proposed_CL_CBC,0,1.1280000000013786
60.0,Proposed_CL_CBC,0,0.17300000000021143
60.0,Proposed_CL_CBC,0,0.17300000000021143
60.0,Proposed_CL_CBC,0,0.17700000000021632
60.0,Proposed_CL_CBC,0,0.17700000000021632
60.0,Proposed_CL_CBC,0,0.17800000000021754
60.0,Proposed_CL_CBC,0,1.274000000001557
60.0,Proposed_CL_CBC,0,2.274000000002779
60.0,Proposed_CL_CBC,0,1.306000000001596
60.0,Proposed_CL_CBC,0,1.306000000001596
60.0,Proposed_CL_CBC,0,0.306000000000374
60.0,Proposed_CL_CBC,0,2.327000000002844
60.0,Proposed_CL_CBC,0,0.6430000000007858
60.0,Proposed_CL_CBC,0,0.6500000000007944
60.0,Proposed_CL_CBC,0,0.6500000000007944
60.0,Proposed_CL_CBC,0,2.8150000000034403
60.0,Proposed_CL_CBC,0,2.9910000000036554
60.0,Proposed_CL_CBC,0,0.0010000000000012221
60.0,Proposed_CL_CBC,0,0.0030000000000036664
60.0,Proposed_CL_CBC,0,0.0030000000000036664
60.0,Proposed_CL_CBC,0,0.0030000000000036664
60.0,Proposed_CL_CBC,0,0.0040000000000048885
60.0,Proposed_CL_CBC,0,0.005000000000006111
60.0,Proposed_CL_CBC,0,0.005000000000006111
60.0,Proposed_CL_CBC,0,0.005000000000006111
60.0,Proposed_CL_CBC,0,0.006000000000007333
60.0,Proposed_CL_CBC,0,0.006000000000007333
60.0,Proposed_CL_CBC,0,0.006000000000007333
60.0,Proposed_CL_CBC,0,0.007000000000008555
60.0,Proposed_CL_CBC,0,0.008000000000009777
60.0,Proposed_CL_CBC,0,0.008000000000009777
60.0,Proposed_CL_CBC,0,0.009000000000011
60.0,Proposed_CL_CBC,0,0.009000000000011
60.0,Proposed_CL_CBC,0,0.016000000000019554
60.0,Proposed_CL_CBC,0,0.016000000000019554
60.0,Proposed_CL_CBC,0,0.01900000000002322
60.0,Proposed_CL_CBC,0,0.01900000000002322
60.0,Proposed_CL_CBC,0,0.01900000000002322
60.0,Proposed_CL_CBC,0,0.021000000000025665
60.0,Proposed_CL_CBC,0,0.022000000000026887
60.0,Proposed_CL_CBC,0,0.022000000000026887
60.0,Proposed_CL_CBC,0,0.022000000000026887
60.0,Proposed_CL_CBC,0,0.02300000000002811
60.0,Proposed_CL_CBC,0,0.02300000000002811
60.0,Proposed_CL_CBC,0,0.02400000000002933
60.0,Proposed_CL_CBC,0,0.02400000000002933
60.0,Proposed_CL_CBC,0,0.027000000000032998
60.0,Proposed_CL_CBC,0,0.03300000000004033
60.0,Proposed_CL_CBC,0,0.05100000000006233
60.0,Proposed_CL_CBC,0,0.07100000000008677
60.0,Proposed_CL_CBC,0,0.07100000000008677
60.0,Proposed_CL_CBC,0,0.07100000000008677
60.0,Proposed_CL_CBC,0,0.07100000000008677
60.0,Proposed_CL_CBC,0,0.07900000000009655
60.0,Proposed_CL_CBC,0,0.07900000000009655
60.0,Proposed_CL_CBC,0,0.09000000000010999
60.0,Proposed_CL_CBC,0,0.09000000000010999
60.0,Proposed_CL_CBC,0,0.09100000000011121
60.0,Proposed_CL_CBC,0,0.09600000000011732
60.0,Proposed_CL_CBC,0,0.09600000000011732
60.0,Proposed_CL_CBC,0,0.09800000000011977
60.0,Proposed_CL_CBC,0,0.11500000000014055
60.0,Proposed_CL_CBC,0,0.11500000000014055
60.0,Proposed_CL_CBC,0,0.16000000000019554
60.0,Proposed_CL_CBC,0,0.16000000000019554
60.0,Proposed_CL_CBC,0,0.18400000000022487
60.0,Proposed_CL_CBC,0,0.18900000000023098
60.0,Proposed_CL_CBC,0,0.1940000000002371
60.0,Proposed_CL_CBC,0,0.1940000000002371
60.0,Proposed_CL_CBC,0,2.196000000002684
60.0,Proposed_CL_CBC,0,2.2030000000026924
60.0,Proposed_CL_CBC,0,2.2030000000026924
60.0,Proposed_CL_CBC,0,0.2260000000002762
60.0,Proposed_CL_CBC,0,0.2260000000002762
60.0,Proposed_CL_CBC,0,0.44500000000054385
60.0,Proposed_CL_CBC,0,0.44600000000054507
60.0,Proposed_CL_CBC,0,0.44600000000054507
60.0,Proposed_CL_CBC,0,0.44600000000054507
60.0,Proposed_CL_CBC,0,0.44600000000054507
60.0,Proposed_CL_CBC,0,0.44600000000054507
60.0,Proposed_CL_CBC,0,0.0010000000000012221
60.0,Proposed_CL_CBC,0,0.0010000000000012221
60.0,Proposed_CL_CBC,0,0.0010000000000012221
60.0,Proposed_CL_CBC,0,0.0010000000000012221
60.0,Proposed_CL_CBC,0,0.0030000000000036664
60.0,Proposed_CL_CBC,0,0.005000000000006111
60.0,Proposed_CL_CBC,0,0.005000000000006111
60.0,Proposed_CL_CBC,0,0.006000000000007333
60.0,Proposed_CL_CBC,0,0.007000000000008555
60.0,Proposed_CL_CBC,0,0.007000000000008555
60.0,Proposed_CL_CBC,0,0.007000000000008555
60.0,Proposed_CL_CBC,0,0.008000000000009777
60.0,Proposed_CL_CBC,0,0.008000000000009777
60.0,Proposed_CL_CBC,0,0.010000000000012221
60.0,Proposed_CL_CBC,0,0.016000000000019554
60.0,Proposed_CL_CBC,0,0.017000000000020776
60.0,Proposed_CL_CBC,0,0.017000000000020776
60.0,Proposed_CL_CBC,0,0.01900000000002322
60.0,Proposed_CL_CBC,0,0.020000000000024443
60.0,Proposed_CL_CBC,0,0.020000000000024443
60.0,Proposed_CL_CBC,0,0.020000000000024443
60.0,Proposed_CL_CBC,0,0.02300000000002811
60.0,Proposed_CL_CBC,0,0.02300000000002811
60.0,Proposed_CL_CBC,0,0.02300000000002811
60.0,Proposed_CL_CBC,0,0.02400000000002933
60.0,Proposed_CL_CBC,0,0.02400000000002933
60.0,Proposed_CL_CBC,0,0.025000000000030553
60.0,Proposed_CL_CBC,0,0.02800000000003422
60.0,Proposed_CL_CBC,0,0.030000000000036664
60.0,Proposed_CL_CBC,0,0.031000000000037886
60.0,Proposed_CL_CBC,0,0.031000000000037886
60.0,Proposed_CL_CBC,0,0.03200000000003911
60.0,Proposed_CL_CBC,0,0.03200000000003911
60.0,Proposed_CL_CBC,0,0.03300000000004033
60.0,Proposed_CL_CBC,0,0.03300000000004033
60.0,Proposed_CL_CBC,0,0.03300000000004033
60.0,Proposed_CL_CBC,0,0.03300000000004033
60.0,Proposed_CL_CBC,0,0.03300000000004033
60.0,Proposed_CL_CBC,0,0.03400000000004155
60.0,Proposed_CL_CBC,0,0.03400000000004155
60.0,Proposed_CL_CBC,0,0.03700000000004522
60.0,Proposed_CL_CBC,0,0.03800000000004644
60.0,Proposed_CL_CBC,0,0.03800000000004644
60.0,Proposed_CL_CBC,0,0.040000000000048885
60.0,Proposed_CL_CBC,0,0.04100000000005011
60.0,Proposed_CL_CBC,0,0.04100000000005011
60.0,Proposed_CL_CBC,0,0.04200000000005133
60.0,Proposed_CL_CBC,0,0.04300000000005255
60.0,Proposed_CL_CBC,0,0.045000000000054996
60.0,Proposed_CL_CBC,0,0.04800000000005866
60.0,Proposed_CL_CBC,0,0.04800000000005866
60.0,Proposed_CL_CBC,0,0.049000000000059885
60.0,Proposed_CL_CBC,0,0.05200000000006355
60.0,Proposed_CL_CBC,0,0.07600000000009288
60.0,Proposed_CL_CBC,0,0.07600000000009288
60.0,Proposed_CL_CBC,0,0.10100000000012344
60.0,Proposed_CL_CBC,0,1.3480000000016474
60.0,Proposed_CL_CBC,0,1.3480000000016474
60.0,Proposed_CL_CBC,0,1.3480000000016474
60.0,Proposed_CL_CBC,0,1.3480000000016474
60.0,Proposed_CL_CBC,0,1.3950000000017049
60.0,Proposed_CL_CBC,0,1.3950000000017049
60.0,Proposed_CL_CBC,0,1.3950000000017049
60.0,Proposed_CL_CBC,0,1.3950000000017049
60.0,Proposed_CL_CBC,0,0.39500000000048274
60.0,Proposed_CL_CBC,0,0.4010000000004901
60.0,Proposed_CL_CBC,0,0.4010000000004901
60.0,Proposed_CL_CBC,0,0.4020000000004913
60.0,Proposed_CL_CBC,0,3.4770000000042494
60.0,Proposed_CL_CBC,0,3.484000000004258
60.0,Proposed_CL_CBC,0,0.8190000000010009
60.0,Proposed_CL_CBC,0,0.8590000000010498
60.0,Proposed_CL_CBC,0,0.8990000000010987
60.0,Proposed_CL_CBC,0,0.9300000000011366
60.0,Proposed_CL_CBC,0,0.0010000000000012221
60.0,Proposed_CL_CBC,0,0.0010000000000012221
60.0,Proposed_CL_CBC,0,0.0020000000000024443
60.0,Proposed_CL_CBC,0,0.0020000000000024443
60.0,Proposed_CL_CBC,0,0.0020000000000024443
60.0,Proposed_CL_CBC,0,0.0020000000000024443
60.0,Proposed_CL_CBC,0,0.0020000000000024443
60.0,Proposed_CL_CBC,0,0.0030000000000036664
60.0,Proposed_CL_CBC,0,0.0030000000000036664
60.0,Proposed_CL_CBC,0,0.0030000000000036664
60.0,Proposed_CL_CBC,0,0.0030000000000036664
60.0,Proposed_CL_CBC,0,0.0030000000000036664
60.0,Proposed_CL_CBC,0,0.005000000000006111
60.0,Proposed_CL_CBC,0,0.005000000000006111
60.0,Proposed_CL_CBC,0,0.005000000000006111
60.0,Proposed_CL_CBC,0,0.005000000000006111
60.0,Proposed_CL_CBC,0,0.006000000000007333
60.0,Proposed_CL_CBC,0,0.007000000000008555
60.0,Proposed_CL_CBC,0,0.007000000000008555
60.0,Proposed_CL_CBC,0,0.008000000000009777
60.0,Proposed_CL_CBC,0,0.009000000000011
60.0,Proposed_CL_CBC,0,0.009000000000011
60.0,Proposed_CL_CBC,0,0.012000000000014666
60.0,Proposed_CL_CBC,0,0.012000000000014666
60.0,Proposed_CL_CBC,0,0.013000000000015888
60.0,Proposed_CL_CBC,0,0.020000000000024443
60.0,Proposed_CL_CBC,0,0.022000000000026887
60.0,Proposed_CL_CBC,0,0.02300000000002811
60.0,Proposed_CL_CBC,0,0.02300000000002811
60.0,Proposed_CL_CBC,0,0.02300000000002811
60.0,Proposed_CL_CBC,0,0.02400000000002933
60.0,Proposed_CL_CBC,0,0.02800000000003422
60.0,Proposed_CL_CBC,0,0.030000000000036664
60.0,Proposed_CL_CBC,0,0.031000000000037886
60.0,Proposed_CL_CBC,0,0.031000000000037886
60.0,Proposed_CL_CBC,0,0.03700000000004522
60.0,Proposed_CL_CBC,0,0.04800000000005866
60.0,Proposed_CL_CBC,0,0.04800000000005866
60.0,Proposed_CL_CBC,0,0.05100000000006233
60.0,Proposed_CL_CBC,0,0.05600000000006844
60.0,Proposed_CL_CBC,0,0.05600000000006844
60.0,Proposed_CL_CBC,0,0.06200000000007577
60.0,Proposed_CL_CBC,0,0.07000000000008555
60.0,Proposed_CL_CBC,0,0.07000000000008555
60.0,Proposed_CL_CBC,0,0.0770000000000941
60.0,Proposed_CL_CBC,0,0.09200000000011244
60.0,Proposed_CL_CBC,0,0.09200000000011244
60.0,Proposed_CL_CBC,0,0.10800000000013199
60.0,Proposed_CL_CBC,0,0.11400000000013932
60.0,Proposed_CL_CBC,0,0.11400000000013932
60.0,Proposed_CL_CBC,0,0.12000000000014666
60.0,Proposed_CL_CBC,0,0.12000000000014666
60.0,Proposed_CL_CBC,0,0.12000000000014666
60.0,Proposed_CL_CBC,0,0.13000000000015888
60.0,Proposed_CL_CBC,0,0.13200000000016132
60.0,Proposed_CL_CBC,0,0.13200000000016132
60.0,Proposed_CL_CBC,0,0.13200000000016132
60.0,Proposed_CL_CBC,0,0.1450000000001772
60.0,Proposed_CL_CBC,0,0.15200000000018576
60.0,Proposed_CL_CBC,0,0.1900000000002322
60.0,Proposed_CL_CBC,0,0.20500000000025054
60.0,Proposed_CL_CBC,0,0.20500000000025054
60.0,Proposed_CL_CBC,0,0.21400000000026154
60.0,Proposed_CL_CBC,0,0.22800000000027865
60.0,Proposed_CL_CBC,0,0.3350000000004094
60.0,Proposed_CL_CBC,0,3.3430000000040856
60.0,Proposed_CL_CBC,0,0.3760000000004595
60.0,Proposed_CL_CBC,0,3.7580000000045928
60.0,Proposed_CL_CBC,0,0.0020000000000024443
60.0,Proposed_CL_CBC,0,0.0020000000000024443
60.0,Proposed_CL_CBC,0,0.0020000000000024443
60.0,Proposed_CL_CBC,0,0.0030000000000036664
60.0,Proposed_CL_CBC,0,0.0030000000000036664
60.0,Proposed_CL_CBC,0,0.0040000000000048885
60.0,Proposed_CL_CBC,0,0.005000000000006111
60.0,Proposed_CL_CBC,0,0.005000000000006111
60.0,Proposed_CL_CBC,0,0.006000000000007333
60.0,Proposed_CL_CBC,0,0.006000000000007333
60.0,Proposed_CL_CBC,0,0.012000000000014666
60.0,Proposed_CL_CBC,0,0.01400000000001711
60.0,Proposed_CL_CBC,0,0.01400000000001711
60.0,Proposed_CL_CBC,0,0.015000000000018332
60.0,Proposed_CL_CBC,0,0.015000000000018332
60.0,Proposed_CL_CBC,0,0.016000000000019554
60.0,Proposed_CL_CBC,0,0.017000000000020776
60.0,Proposed_CL_CBC,0,0.021000000000025665
60.0,Proposed_CL_CBC,0,0.022000000000026887
60.0,Proposed_CL_CBC,0,0.02300000000002811
60.0,Proposed_CL_CBC,0,0.02300000000002811
60.0,Proposed_CL_CBC,0,0.026000000000031775
60.0,Proposed_CL_CBC,0,0.026000000000031775
60.0,Proposed_CL_CBC,0,0.026000000000031775
60.0,Proposed_CL_CBC,0,0.02800000000003422
60.0,Proposed_CL_CBC,0,0.03200000000003911
60.0,Proposed_CL_CBC,0,1.0340000000012637
60.0,Proposed_CL_CBC,0,1.0340000000012637
60.0,Proposed_CL_CBC,0,0.035000000000042775
60.0,Proposed_CL_CBC,0,0.040000000000048885
60.0,Proposed_CL_CBC,0,0.040000000000048885
60.0,Proposed_CL_CBC,0,0.04100000000005011
60.0,Proposed_CL_CBC,0,0.04200000000005133
60.0,Proposed_CL_CBC,0,0.04200000000005133
60.0,Proposed_CL_CBC,0,0.044000000000053774
60.0,Proposed_CL_CBC,0,0.04600000000005622
60.0,Proposed_CL_CBC,0,0.04700000000005744
60.0,Proposed_CL_CBC,0,0.04700000000005744
60.0,Proposed_CL_CBC,0,0.04700000000005744
60.0,Proposed_CL_CBC,0,0.04700000000005744
60.0,Proposed_CL_CBC,0,1.0470000000012796
60.0,Proposed_CL_CBC,0,0.05000000000006111
60.0,Proposed_CL_CBC,0,0.05100000000006233
60.0,Proposed_CL_CBC,0,0.05300000000006477
60.0,Proposed_CL_CBC,0,0.054000000000065995
60.0,Proposed_CL_CBC,0,0.054000000000065995
60.0,Proposed_CL_CBC,0,0.05700000000006966
60.0,Proposed_CL_CBC,0,1.062000000001298
60.0,Proposed_CL_CBC,0,1.0640000000013004
60.0,Proposed_CL_CBC,0,1.0640000000013004
60.0,Proposed_CL_CBC,0,0.06400000000007822
60.0,Proposed_CL_CBC,0,0.06600000000008066
60.0,Proposed_CL_CBC,0,0.07800000000009533
60.0,Proposed_CL_CBC,0,0.07800000000009533
60.0,Proposed_CL_CBC,0,0.07900000000009655
60.0,Proposed_CL_CBC,0,0.09200000000011244
60.0,Proposed_CL_CBC,0,0.13400000000016377
60.0,Proposed_CL_CBC,0,0.1360000000001662
60.0,Proposed_CL_CBC,0,0.1670000000002041
60.0,Proposed_CL_CBC,0,0.17400000000021265
60.0,Proposed_CL_CBC,0,3.593000000004391
60.0,Proposed_CL_CBC,0,3.650000000004461
60.0,Proposed_CL_CBC,0,0.0009999999999976694
60.0,Proposed_CL_CBC,0,0.0009999999999976694
60.0,Proposed_CL_CBC,0,0.0009999999999976694
60.0,Proposed_CL_CBC,0,0.001999999999995339
60.0,Proposed_CL_CBC,0,0.001999999999995339
60.0,Proposed_CL_CBC,0,0.0029999999999930083
60.0,Proposed_CL_CBC,0,0.003999999999990678
60.0,Proposed_CL_CBC,0,0.006999999999983686
60.0,Proposed_CL_CBC,0,0.006999999999983686
60.0,Proposed_CL_CBC,0,0.006999999999983686
60.0,Proposed_CL_CBC,0,0.007999999999981355
60.0,Proposed_CL_CBC,0,0.007999999999981355
60.0,Proposed_CL_CBC,0,0.008999999999979025
60.0,Proposed_CL_CBC,0,0.009999999999976694
60.0,Proposed_CL_CBC,0,0.010999999999974364
60.0,Proposed_CL_CBC,0,0.010999999999974364
60.0,Proposed_CL_CBC,0,0.010999999999974364
60.0,Proposed_CL_CBC,0,0.012999999999969702
60.0,Proposed_CL_CBC,0,0.012999999999969702
60.0,Proposed_CL_CBC,0,0.012999999999969702
60.0,Proposed_CL_CBC,0,0.012999999999969702
60.0,Proposed_CL_CBC,0,0.01599999999996271
60.0,Proposed_CL_CBC,0,0.01599999999996271
60.0,Proposed_CL_CBC,0,0.01699999999996038
60.0,Proposed_CL_CBC,0,0.01699999999996038
60.0,Proposed_CL_CBC,0,0.01699999999996038
60.0,Proposed_CL_CBC,0,0.01899999999995572
60.0,Proposed_CL_CBC,0,0.020999999999951058
60.0,Proposed_CL_CBC,0,0.020999999999951058
60.0,Proposed_CL_CBC,0,0.021999999999948727
60.0,Proposed_CL_CBC,0,0.027999999999934744
60.0,Proposed_CL_CBC,0,0.03899999999990911
60.0,Proposed_CL_CBC,0,0.040999999999904446
60.0,Proposed_CL_CBC,0,0.04599999999989279
60.0,Proposed_CL_CBC,0,0.04599999999989279
60.0,Proposed_CL_CBC,0,0.0489999999998858
60.0,Proposed_CL_CBC,0,0.05299999999987648
60.0,Proposed_CL_CBC,0,0.05699999999986716
60.0,Proposed_CL_CBC,0,0.05699999999986716
60.0,Proposed_CL_CBC,0,0.057999999999864826
60.0,Proposed_CL_CBC,0,0.057999999999864826
60.0,Proposed_CL_CBC,0,0.06599999999984618
60.0,Proposed_CL_CBC,0,0.06799999999984152
60.0,Proposed_CL_CBC,0,0.06799999999984152
60.0,Proposed_CL_CBC,0,0.06899999999983919
60.0,Proposed_CL_CBC,0,0.0949999999997786
60.0,Proposed_CL_CBC,0,0.0949999999997786
60.0,Proposed_CL_CBC,0,0.0949999999997786
60.0,Proposed_CL_CBC,0,0.09699999999977393
60.0,Proposed_CL_CBC,0,0.10299999999975995
60.0,Proposed_CL_CBC,0,0.10499999999975529
60.0,Proposed_CL_CBC,0,0.1109999999997413
60.0,Proposed_CL_CBC,0,0.1109999999997413
60.0,Proposed_CL_CBC,0,0.12399999999971101
60.0,Proposed_CL_CBC,0,0.12499999999970868
60.0,Proposed_CL_CBC,0,0.14799999999965507
60.0,Proposed_CL_CBC,0,0.16399999999961778
60.0,Proposed_CL_CBC,0,0.16499999999961545
60.0,Proposed_CL_CBC,0,0.16499999999961545
60.0,Proposed_CL_CBC,0,0.16499999999961545
60.0,Proposed_CL_CBC,0,0.17499999999959215
60.0,Proposed_CL_CBC,0,0.1859999999995665
60.0,Proposed_CL_CBC,0,0.21099999999950825
60.0,Proposed_CL_CBC,0,0.2129999999995036
60.0,Proposed_CL_CBC,0,0.33499999999921926
60.0,Proposed_CL_CBC,0,0.33499999999921926
60.0,Proposed_CL_CBC,0,0.3429999999992006
60.0,Proposed_CL_CBC,0,4.613000000003456
60.0,Proposed_CL_CBC,0,4.668000000003328
60.0,Proposed_CL_CBC,0,4.842000000002923
60.0,Proposed_CL_CBC,0,4.842000000002923
60.0,Proposed_CL_CBC,0,4.994000000002568
60.0,Proposed_CL_CBC,0,0.0009999999999976694
60.0,Proposed_CL_CBC,0,0.0029999999999930083
60.0,Proposed_CL_CBC,0,0.0029999999999930083
60.0,Proposed_CL_CBC,0,0.0029999999999930083
60.0,Proposed_CL_CBC,0,0.0029999999999930083
60.0,Proposed_CL_CBC,0,0.003999999999990678
60.0,Proposed_CL_CBC,0,0.003999999999990678
60.0,Proposed_CL_CBC,0,0.007999999999981355
60.0,Proposed_CL_CBC,0,0.007999999999981355
60.0,Proposed_CL_CBC,0,0.008999999999979025
60.0,Proposed_CL_CBC,0,0.008999999999979025
60.0,Proposed_CL_CBC,0,0.008999999999979025
60.0,Proposed_CL_CBC,0,0.010999999999974364
60.0,Proposed_CL_CBC,0,0.010999999999974364
60.0,Proposed_CL_CBC,0,0.011999999999972033
60.0,Proposed_CL_CBC,0,0.011999999999972033
60.0,Proposed_CL_CBC,0,0.011999999999972033
60.0,Proposed_CL_CBC,0,0.012999999999969702
60.0,Proposed_CL_CBC,0,0.01599999999996271
60.0,Proposed_CL_CBC,0,0.01699999999996038
60.0,Proposed_CL_CBC,0,0.01799999999995805
60.0,Proposed_CL_CBC,0,0.01799999999995805
60.0,Proposed_CL_CBC,0,0.01899999999995572
60.0,Proposed_CL_CBC,0,0.01899999999995572
60.0,Proposed_CL_CBC,0,0.01899999999995572
60.0,Proposed_CL_CBC,0,0.01899999999995572
60.0,Proposed_CL_CBC,0,0.01899999999995572
60.0,Proposed_CL_CBC,0,0.01999999999995339
60.0,Proposed_CL_CBC,0,0.020999999999951058
60.0,Proposed_CL_CBC,0,0.020999999999951058
60.0,Proposed_CL_CBC,0,0.021999999999948727
60.0,Proposed_CL_CBC,0,0.021999999999948727
60.0,Proposed_CL_CBC,0,0.021999999999948727
60.0,Proposed_CL_CBC,0,0.023999999999944066
60.0,Proposed_CL_CBC,0,0.024999999999941735
60.0,Proposed_CL_CBC,0,0.024999999999941735
60.0,Proposed_CL_CBC,0,0.024999999999941735
60.0,Proposed_CL_CBC,0,0.025999999999939405
60.0,Proposed_CL_CBC,0,0.025999999999939405
60.0,Proposed_CL_CBC,0,0.027999999999934744
60.0,Proposed_CL_CBC,0,0.03399999999992076
60.0,Proposed_CL_CBC,0,0.03399999999992076
60.0,Proposed_CL_CBC,0,0.0359999999999161
60.0,Proposed_CL_CBC,0,0.03699999999991377
60.0,Proposed_CL_CBC,0,0.041999999999902116
60.0,Proposed_CL_CBC,0,0.043999999999897454
60.0,Proposed_CL_CBC,0,0.043999999999897454
60.0,Proposed_CL_CBC,0,0.04599999999989279
60.0,Proposed_CL_CBC,0,4.046000000001225
60.0,Proposed_CL_CBC,0,1.049999999997553
60.0,Proposed_CL_CBC,0,0.05099999999988114
60.0,Proposed_CL_CBC,0,0.05199999999987881
60.0,Proposed_CL_CBC,0,0.060999999999857835
60.0,Proposed_CL_CBC,0,0.06699999999984385
60.0,Proposed_CL_CBC,0,0.06699999999984385
60.0,Proposed_CL_CBC,0,0.08299999999980656
60.0,Proposed_CL_CBC,0,0.08799999999979491
60.0,Proposed_CL_CBC,0,1.094999999997448
60.0,Proposed_CL_CBC,0,0.0979999999997716
60.0,Proposed_CL_CBC,0,0.09999999999976694
60.0,Proposed_CL_CBC,0,0.10199999999976228
60.0,Proposed_CL_CBC,0,0.11499999999973198
60.0,Proposed_CL_CBC,0,1.118999999997392
60.0,Proposed_CL_CBC,0,1.118999999997392
60.0,Proposed_CL_CBC,0,0.13299999999969003
60.0,Proposed_CL_CBC,0,0.14199999999966906
60.0,Proposed_CL_CBC,0,0.15299999999964342
60.0,Proposed_CL_CBC,0,0.15299999999964342
60.0,Proposed_CL_CBC,0,0.17099999999960147
60.0,Proposed_CL_CBC,0,0.17099999999960147
60.0,Proposed_CL_CBC,0,0.17099999999960147
60.0,Proposed_CL_CBC,0,0.17199999999959914
60.0,Proposed_CL_CBC,0,4.185000000000901
60.0,Proposed_CL_CBC,0,0.20499999999952223
60.0,Proposed_CL_CBC,0,3.420999999999129
60.0,Proposed_CL_CBC,0,3.5639999999987957
60.0,Proposed_CL_CBC,0,3.6439999999986092
60.0,Proposed_CL_CBC,0,3.7089999999984578
60.0,Proposed_CL_CBC,0,2.9269999999967276
60.0,Proposed_CL_CBC,0,0.0009999999999976694
60.0,Proposed_CL_CBC,0,0.001999999999995339
60.0,Proposed_CL_CBC,0,0.001999999999995339
60.0,Proposed_CL_CBC,0,0.0029999999999930083
60.0,Proposed_CL_CBC,0,0.0029999999999930083
60.0,Proposed_CL_CBC,0,0.003999999999990678
60.0,Proposed_CL_CBC,0,0.003999999999990678
60.0,Proposed_CL_CBC,0,0.004999999999988347
60.0,Proposed_CL_CBC,0,0.004999999999988347
60.0,Proposed_CL_CBC,0,0.0059999999999860165
60.0,Proposed_CL_CBC,0,0.0059999999999860165
60.0,Proposed_CL_CBC,0,0.006999999999983686
60.0,Proposed_CL_CBC,0,0.007999999999981355
60.0,Proposed_CL_CBC,0,0.008999999999979025
60.0,Proposed_CL_CBC,0,0.008999999999979025
60.0,Proposed_CL_CBC,0,0.009999999999976694
60.0,Proposed_CL_CBC,0,0.009999999999976694
60.0,Proposed_CL_CBC,0,0.010999999999974364
60.0,Proposed_CL_CBC,0,0.011999999999972033
60.0,Proposed_CL_CBC,0,0.013999999999967372
60.0,Proposed_CL_CBC,0,0.013999999999967372
60.0,Proposed_CL_CBC,0,0.013999999999967372
60.0,Proposed_CL_CBC,0,0.013999999999967372
60.0,Proposed_CL_CBC,0,0.014999999999965041
60.0,Proposed_CL_CBC,0,0.014999999999965041
60.0,Proposed_CL_CBC,0,0.01599999999996271
60.0,Proposed_CL_CBC,0,0.01699999999996038
60.0,Proposed_CL_CBC,0,0.01699999999996038
60.0,Proposed_CL_CBC,0,0.01699999999996038
60.0,Proposed_CL_CBC,0,3.019999999996511
60.0,Proposed_CL_CBC,0,0.023999999999944066
60.0,Proposed_CL_CBC,0,0.023999999999944066
60.0,Proposed_CL_CBC,0,0.025999999999939405
60.0,Proposed_CL_CBC,0,0.026999999999937074
60.0,Proposed_CL_CBC,0,0.026999999999937074
60.0,Proposed_CL_CBC,0,0.027999999999934744
60.0,Proposed_CL_CBC,0,0.029999999999930083
60.0,Proposed_CL_CBC,0,0.029999999999930083
60.0,Proposed_CL_CBC,0,0.03299999999992309
60.0,Proposed_CL_CBC,0,0.03499999999991843
60.0,Proposed_CL_CBC,0,0.03699999999991377
60.0,Proposed_CL_CBC,0,0.03799999999991144
60.0,Proposed_CL_CBC,0,0.03799999999991144
60.0,Proposed_CL_CBC,0,0.03999999999990678
60.0,Proposed_CL_CBC,0,0.041999999999902116
60.0,Proposed_CL_CBC,0,0.044999999999895124
60.0,Proposed_CL_CBC,0,0.04599999999989279
60.0,Proposed_CL_CBC,0,0.05199999999987881
60.0,Proposed_CL_CBC,0,0.05399999999987415
60.0,Proposed_CL_CBC,0,0.05599999999986949
60.0,Proposed_CL_CBC,0,0.058999999999862496
60.0,Proposed_CL_CBC,0,0.058999999999862496
60.0,Proposed_CL_CBC,0,0.061999999999855504
60.0,Proposed_CL_CBC,0,0.061999999999855504
60.0,Proposed_CL_CBC,0,0.08199999999980889
60.0,Proposed_CL_CBC,0,0.1079999999997483
60.0,Proposed_CL_CBC,0,0.1079999999997483
60.0,Proposed_CL_CBC,0,0.13199999999969236
60.0,Proposed_CL_CBC,0,0.13599999999968304
60.0,Proposed_CL_CBC,0,0.13599999999968304
60.0,Proposed_CL_CBC,0,0.13599999999968304
60.0,Proposed_CL_CBC,0,0.1369999999996807
60.0,Proposed_CL_CBC,0,0.1409999999996714
60.0,Proposed_CL_CBC,0,0.1729999999995968
60.0,Proposed_CL_CBC,0,0.17599999999958982
60.0,Proposed_CL_CBC,0,0.17799999999958516
60.0,Proposed_CL_CBC,0,0.17799999999958516
60.0,Proposed_CL_CBC,0,0.3299999999992309
60.0,Proposed_CL_CBC,0,0.36799999999914235
60.0,Proposed_CL_CBC,0,0.3799999999991144
60.0,Proposed_CL_CBC,0,0.4059999999990538
60.0,Proposed_CL_CBC,0,0.4059999999990538
60.0,Proposed_CL_CBC,0,0.4149999999990328
60.0,Proposed_CL_CBC,0,0.4189999999990235
60.0,Proposed_CL_CBC,0,0.4189999999990235
60.0,Proposed_CL_CBC,0,0.589999999998625
60.0,Proposed_CL_CBC,0,0.607999999998583
60.0,Proposed_CL_CBC,0,0.6639999999984525
60.0,Proposed_CL_CBC,0,0.6869999999983989
60.0,Proposed_CL_CBC,0,0.7389999999982777
60.0,Proposed_CL_CBC,0,0.0009999999999976694
60.0,Proposed_CL_CBC,0,0.001999999999995339
60.0,Proposed_CL_CBC,0,0.001999999999995339
60.0,Proposed_CL_CBC,0,0.0029999999999930083
60.0,Proposed_CL_CBC,0,0.004999999999988347
60.0,Proposed_CL_CBC,0,1.0049999999976578
60.0,Proposed_CL_CBC,0,0.0059999999999860165
60.0,Proposed_CL_CBC,0,1.0079999999976508
60.0,Proposed_CL_CBC,0,0.008999999999979025
60.0,Proposed_CL_CBC,0,0.008999999999979025
60.0,Proposed_CL_CBC,0,0.008999999999979025
60.0,Proposed_CL_CBC,0,0.008999999999979025
60.0,Proposed_CL_CBC,0,0.008999999999979025
60.0,Proposed_CL_CBC,0,0.009999999999976694
60.0,Proposed_CL_CBC,0,0.010999999999974364
60.0,Proposed_CL_CBC,0,0.011999999999972033
60.0,Proposed_CL_CBC,0,0.013999999999967372
60.0,Proposed_CL_CBC,0,0.013999999999967372
60.0,Proposed_CL_CBC,0,0.013999999999967372
60.0,Proposed_CL_CBC,0,0.013999999999967372
60.0,Proposed_CL_CBC,0,0.013999999999967372
60.0,Proposed_CL_CBC,0,0.014999999999965041
60.0,Proposed_CL_CBC,0,0.01799999999995805
60.0,Proposed_CL_CBC,0,0.01799999999995805
60.0,Proposed_CL_CBC,0,0.01799999999995805
60.0,Proposed_CL_CBC,0,1.0209999999976205
60.0,Proposed_CL_CBC,0,0.021999999999948727
60.0,Proposed_CL_CBC,0,0.021999999999948727
60.0,Proposed_CL_CBC,0,0.022999999999946397
60.0,Proposed_CL_CBC,0,0.025999999999939405
60.0,Proposed_CL_CBC,0,0.029999999999930083
60.0,Proposed_CL_CBC,0,0.030999999999927752
60.0,Proposed_CL_CBC,0,0.030999999999927752
60.0,Proposed_CL_CBC,0,0.030999999999927752
60.0,Proposed_CL_CBC,0,3.030999999992936
60.0,Proposed_CL_CBC,0,0.03199999999992542
60.0,Proposed_CL_CBC,0,1.0339999999975902
60.0,Proposed_CL_CBC,0,0.03499999999991843
60.0,Proposed_CL_CBC,0,0.03499999999991843
60.0,Proposed_CL_CBC,0,0.03899999999990911
60.0,Proposed_CL_CBC,0,0.03999999999990678
60.0,Proposed_CL_CBC,0,0.04599999999989279
60.0,Proposed_CL_CBC,0,0.04799999999988813
60.0,Proposed_CL_CBC,0,0.0489999999998858
60.0,Proposed_CL_CBC,0,0.05099999999988114
60.0,Proposed_CL_CBC,0,0.05299999999987648
60.0,Proposed_CL_CBC,0,0.05399999999987415
60.0,Proposed_CL_CBC,0,0.05599999999986949
60.0,Proposed_CL_CBC,0,0.057999999999864826
60.0,Proposed_CL_CBC,0,0.058999999999862496
60.0,Proposed_CL_CBC,0,0.061999999999855504
60.0,Proposed_CL_CBC,0,0.06399999999985084
60.0,Proposed_CL_CBC,0,1.07699999999749
60.0,Proposed_CL_CBC,0,0.07899999999981588
60.0,Proposed_CL_CBC,0,0.07899999999981588
60.0,Proposed_CL_CBC,0,0.08099999999981122
60.0,Proposed_CL_CBC,0,0.08399999999980423
60.0,Proposed_CL_CBC,0,0.08699999999979724
60.0,Proposed_CL_CBC,0,0.08799999999979491
60.0,Proposed_CL_CBC,0,0.10099999999976461
60.0,Proposed_CL_CBC,0,3.100999999992773
60.0,Proposed_CL_CBC,0,0.1079999999997483
60.0,Proposed_CL_CBC,0,0.10999999999974364
60.0,Proposed_CL_CBC,0,0.1409999999996714
60.0,Proposed_CL_CBC,0,1.1529999999973128
60.0,Proposed_CL_CBC,0,0.15899999999962944
60.0,Proposed_CL_CBC,0,0.1599999999996271
60.0,Proposed_CL_CBC,0,0.1599999999996271
60.0,Proposed_CL_CBC,0,0.18799999999956185
60.0,Proposed_CL_CBC,0,1.1879999999972313
60.0,Proposed_CL_CBC,0,0.18799999999956185
60.0,Proposed_CL_CBC,0,0.18799999999956185
60.0,Proposed_CL_CBC,0,0.18799999999956185
60.0,Proposed_CL_CBC,0,0.29299999999931714
60.0,Proposed_CL_CBC,0,0.29299999999931714
60.0,Proposed_CL_CBC,0,0.29899999999930316
60.0,Proposed_CL_CBC,0,0.3139999999992682
60.0,Proposed_CL_CBC,0,0.3139999999992682
60.0,Proposed_CL_CBC,0,0.3499999999991843
60.0,Proposed_CL_CBC,0,0.4029999999990608
60.0,Proposed_CL_CBC,0,0.4029999999990608
60.0,Proposed_CL_CBC,0,3.4869999999918733
60.0,Proposed_CL_CBC,0,2.5189999999941293
60.0,Proposed_CL_CBC,0,2.7929999999934907
60.0,Proposed_CL_CBC,0,2.7929999999934907
60.0,Proposed_CL_CBC,0,0.0009999999999976694
60.0,Proposed_CL_CBC,0,0.001999999999995339
60.0,Proposed_CL_CBC,0,0.001999999999995339
60.0,Proposed_CL_CBC,0,0.001999999999995339
60.0,Proposed_CL_CBC,0,0.0029999999999930083
60.0,Proposed_CL_CBC,0,0.0029999999999930083
60.0,Proposed_CL_CBC,0,0.003999999999990678
60.0,Proposed_CL_CBC,0,0.003999999999990678
60.0,Proposed_CL_CBC,0,0.003999999999990678
60.0,Proposed_CL_CBC,0,0.003999999999990678
60.0,Proposed_CL_CBC,0,0.003999999999990678
60.0,Proposed_CL_CBC,0,0.004999999999988347
60.0,Proposed_CL_CBC,0,0.006999999999983686
60.0,Proposed_CL_CBC,0,0.008999999999979025
60.0,Proposed_CL_CBC,0,0.008999999999979025
60.0,Proposed_CL_CBC,0,0.009999999999976694
60.0,Proposed_CL_CBC,0,0.010999999999974364
60.0,Proposed_CL_CBC,0,0.010999999999974364
60.0,Proposed_CL_CBC,0,0.011999999999972033
60.0,Proposed_CL_CBC,0,0.012999999999969702
60.0,Proposed_CL_CBC,0,0.014999999999965041
60.0,Proposed_CL_CBC,0,0.01699999999996038
60.0,Proposed_CL_CBC,0,0.01799999999995805
60.0,Proposed_CL_CBC,0,0.022999999999946397
60.0,Proposed_CL_CBC,0,0.022999999999946397
60.0,Proposed_CL_CBC,0,0.026999999999937074
60.0,Proposed_CL_CBC,0,0.026999999999937074
60.0,Proposed_CL_CBC,0,0.028999999999932413
60.0,Proposed_CL_CBC,0,0.029999999999930083
60.0,Proposed_CL_CBC,0,0.03299999999992309
60.0,Proposed_CL_CBC,0,0.03999999999990678
60.0,Proposed_CL_CBC,0,0.04699999999989046
60.0,Proposed_CL_CBC,0,0.04699999999989046
60.0,Proposed_CL_CBC,0,0.04699999999989046
60.0,Proposed_CL_CBC,0,0.04699999999989046
60.0,Proposed_CL_CBC,0,0.04799999999988813
60.0,Proposed_CL_CBC,0,0.04799999999988813
60.0,Proposed_CL_CBC,0,0.04799999999988813
60.0,Proposed_CL_CBC,0,0.0489999999998858
60.0,Proposed_CL_CBC,0,0.04999999999988347
60.0,Proposed_CL_CBC,0,0.04999999999988347
60.0,Proposed_CL_CBC,0,0.05199999999987881
60.0,Proposed_CL_CBC,0,0.05199999999987881
60.0,Proposed_CL_CBC,0,0.05299999999987648
60.0,Proposed_CL_CBC,0,0.05699999999986716
60.0,Proposed_CL_CBC,0,0.05699999999986716
60.0,Proposed_CL_CBC,0,0.060999999999857835
60.0,Proposed_CL_CBC,0,0.060999999999857835
60.0,Proposed_CL_CBC,0,0.060999999999857835
60.0,Proposed_CL_CBC,0,0.06799999999984152
60.0,Proposed_CL_CBC,0,0.07299999999982987
60.0,Proposed_CL_CBC,0,0.07299999999982987
60.0,Proposed_CL_CBC,0,0.07399999999982754
60.0,Proposed_CL_CBC,0,0.07599999999982288
60.0,Proposed_CL_CBC,0,0.08399999999980423
60.0,Proposed_CL_CBC,0,0.0849999999998019
60.0,Proposed_CL_CBC,0,0.0849999999998019
60.0,Proposed_CL_CBC,0,0.08899999999979258
60.0,Proposed_CL_CBC,0,0.0979999999997716
60.0,Proposed_CL_CBC,0,0.09999999999976694
60.0,Proposed_CL_CBC,0,0.10099999999976461
60.0,Proposed_CL_CBC,0,0.10299999999975995
60.0,Proposed_CL_CBC,0,0.10999999999974364
60.0,Proposed_CL_CBC,0,0.11299999999973664
60.0,Proposed_CL_CBC,0,0.12599999999970635
60.0,Proposed_CL_CBC,0,0.12899999999969936
60.0,Proposed_CL_CBC,0,3.1349999999926936
60.0,Proposed_CL_CBC,0,0.13899999999967605
60.0,Proposed_CL_CBC,0,0.13899999999967605
60.0,Proposed_CL_CBC,0,0.13899999999967605
60.0,Proposed_CL_CBC,0,0.13899999999967605
60.0,Proposed_CL_CBC,0,0.17099999999960147
60.0,Proposed_CL_CBC,0,0.17599999999958982
60.0,Proposed_CL_CBC,0,0.17599999999958982
60.0,Proposed_CL_CBC,0,0.0009999999999976694
60.0,Proposed_CL_CBC,0,0.0009999999999976694
60.0,Proposed_CL_CBC,0,0.001999999999995339
60.0,Proposed_CL_CBC,0,1.0019999999976648
60.0,Proposed_CL_CBC,0,0.001999999999995339
60.0,Proposed_CL_CBC,0,0.0029999999999930083
60.0,Proposed_CL_CBC,0,0.0029999999999930083
60.0,Proposed_CL_CBC,0,0.0029999999999930083
60.0,Proposed_CL_CBC,0,0.0029999999999930083
60.0,Proposed_CL_CBC,0,0.003999999999990678
60.0,Proposed_CL_CBC,0,1.00399999999766
60.0,Proposed_CL_CBC,0,0.004999999999988347
60.0,Proposed_CL_CBC,0,0.004999999999988347
60.0,Proposed_CL_CBC,0,0.0059999999999860165
60.0,Proposed_CL_CBC,0,0.0059999999999860165
60.0,Proposed_CL_CBC,0,0.0059999999999860165
60.0,Proposed_CL_CBC,0,0.006999999999983686
60.0,Proposed_CL_CBC,0,0.007999999999981355
60.0,Proposed_CL_CBC,0,0.007999999999981355
60.0,Proposed_CL_CBC,0,0.007999999999981355
60.0,Proposed_CL_CBC,0,0.008999999999979025
60.0,Proposed_CL_CBC,0,0.008999999999979025
60.0,Proposed_CL_CBC,0,0.008999999999979025
60.0,Proposed_CL_CBC,0,0.009999999999976694
60.0,Proposed_CL_CBC,0,0.009999999999976694
60.0,Proposed_CL_CBC,0,0.010999999999974364
60.0,Proposed_CL_CBC,0,0.010999999999974364
60.0,Proposed_CL_CBC,0,1.0109999999976438
60.0,Proposed_CL_CBC,0,0.013999999999967372
60.0,Proposed_CL_CBC,0,0.014999999999965041
60.0,Proposed_CL_CBC,0,1.0179999999976275
60.0,Proposed_CL_CBC,0,1.0179999999976275
60.0,Proposed_CL_CBC,0,0.01799999999995805
60.0,Proposed_CL_CBC,0,0.01899999999995572
60.0,Proposed_CL_CBC,0,0.01999999999995339
60.0,Proposed_CL_CBC,0,0.020999999999951058
60.0,Proposed_CL_CBC,0,0.020999999999951058
60.0,Proposed_CL_CBC,0,0.022999999999946397
60.0,Proposed_CL_CBC,0,0.022999999999946397
60.0,Proposed_CL_CBC,0,0.022999999999946397
60.0,Proposed_CL_CBC,0,0.022999999999946397
60.0,Proposed_CL_CBC,0,0.023999999999944066
60.0,Proposed_CL_CBC,0,0.024999999999941735
60.0,Proposed_CL_CBC,0,0.025999999999939405
60.0,Proposed_CL_CBC,0,0.027999999999934744
60.0,Proposed_CL_CBC,0,0.027999999999934744
60.0,Proposed_CL_CBC,0,0.028999999999932413
60.0,Proposed_CL_CBC,0,0.028999999999932413
60.0,Proposed_CL_CBC,0,0.029999999999930083
60.0,Proposed_CL_CBC,0,0.029999999999930083
60.0,Proposed_CL_CBC,0,0.029999999999930083
60.0,Proposed_CL_CBC,0,0.030999999999927752
60.0,Proposed_CL_CBC,0,0.03199999999992542
60.0,Proposed_CL_CBC,0,0.03199999999992542
60.0,Proposed_CL_CBC,0,0.03199999999992542
60.0,Proposed_CL_CBC,0,0.03299999999992309
60.0,Proposed_CL_CBC,0,0.03399999999992076
60.0,Proposed_CL_CBC,0,0.03399999999992076
60.0,Proposed_CL_CBC,0,0.03399999999992076
60.0,Proposed_CL_CBC,0,0.0359999999999161
60.0,Proposed_CL_CBC,0,1.0389999999975785
60.0,Proposed_CL_CBC,0,1.0389999999975785
60.0,Proposed_CL_CBC,0,0.041999999999902116
60.0,Proposed_CL_CBC,0,0.042999999999899785
60.0,Proposed_CL_CBC,0,0.04599999999989279
60.0,Proposed_CL_CBC,0,0.04599999999989279
60.0,Proposed_CL_CBC,0,0.04999999999988347
60.0,Proposed_CL_CBC,0,0.05199999999987881
60.0,Proposed_CL_CBC,0,0.0719999999998322
60.0,Proposed_CL_CBC,0,0.08099999999981122
60.0,Proposed_CL_CBC,0,0.09099999999978792
60.0,Proposed_CL_CBC,0,0.09199999999978559
60.0,Proposed_CL_CBC,0,0.09599999999977626
60.0,Proposed_CL_CBC,0,0.10899999999974597
60.0,Proposed_CL_CBC,0,0.10999999999974364
60.0,Proposed_CL_CBC,0,0.120999999999718
60.0,Proposed_CL_CBC,0,0.12999999999969702
60.0,Proposed_CL_CBC,0,0.12999999999969702
60.0,Proposed_CL_CBC,0,0.15599999999963643
60.0,Proposed_CL_CBC,0,0.1699999999996038
60.0,Proposed_CL_CBC,0,0.1699999999996038
60.0,Proposed_CL_CBC,0,1.1849999999972383
60.0,Proposed_CL_CBC,0,0.18899999999955952
60.0,Proposed_CL_CBC,0,0.1929999999995502
60.0,Proposed_CL_CBC,0,0.19499999999954554
60.0,Proposed_CL_CBC,0,0.19499999999954554
60.0,Proposed_CL_CBC,0,1.1969999999972103
60.0,Proposed_CL_CBC,0,0.19799999999953855
60.0,Proposed_CL_CBC,0,0.19799999999953855
60.0,Proposed_CL_CBC,0,0.19899999999953621
60.0,Proposed_CL_CBC,0,0.20999999999951058
60.0,Proposed_CL_CBC,0,0.23999999999944066
60.0,Proposed_CL_CBC,0,0.25399999999940803
60.0,Proposed_CL_CBC,0,0.26599999999938007
60.0,Proposed_CL_CBC,0,0.2689999999993731
60.0,Proposed_CL_CBC,0,0.27299999999936375
60.0,Proposed_CL_CBC,0,0.27299999999936375
60.0,Proposed_CL_CBC,0,0.2879999999993288
60.0,Proposed_CL_CBC,0,0.2879999999993288
60.0,Proposed_CL_CBC,0,0.28999999999932413
60.0,Proposed_CL_CBC,0,0.43599999999898387
60.0,Proposed_CL_CBC,0,3.6139999999915773
60.0,Proposed_CL_CBC,0,0.7859999999981682
60.0,Proposed_CL_CBC,0,3.8249999999910855
60.0,Proposed_CL_CBC,0,0.9049999999978908
60.0,Proposed_CL_CBC,0,0.9059999999978885
60.0,Proposed_CL_CBC,0,0.0009999999999976694
60.0,Proposed_CL_CBC,0,0.001999999999995339
60.0,Proposed_CL_CBC,0,0.001999999999995339
60.0,Proposed_CL_CBC,0,0.0029999999999930083
60.0,Proposed_CL_CBC,0,1.0029999999976624
60.0,Proposed_CL_CBC,0,0.0029999999999930083
60.0,Proposed_CL_CBC,0,0.0029999999999930083
60.0,Proposed_CL_CBC,0,0.003999999999990678
60.0,Proposed_CL_CBC,0,0.004999999999988347
60.0,Proposed_CL_CBC,0,0.004999999999988347
60.0,Proposed_CL_CBC,0,1.0049999999976578
60.0,Proposed_CL_CBC,0,0.004999999999988347
60.0,Proposed_CL_CBC,0,0.0059999999999860165
60.0,Proposed_CL_CBC,0,1.006999999997653
60.0,Proposed_CL_CBC,0,0.006999999999983686
60.0,Proposed_CL_CBC,0,0.008999999999979025
60.0,Proposed_CL_CBC,0,0.008999999999979025
60.0,Proposed_CL_CBC,0,0.008999999999979025
60.0,Proposed_CL_CBC,0,0.008999999999979025
60.0,Proposed_CL_CBC,0,0.011999999999972033
60.0,Proposed_CL_CBC,0,0.012999999999969702
60.0,Proposed_CL_CBC,0,0.01599999999996271
60.0,Proposed_CL_CBC,0,0.01699999999996038
60.0,Proposed_CL_CBC,0,0.01799999999995805
60.0,Proposed_CL_CBC,0,0.01999999999995339
60.0,Proposed_CL_CBC,0,0.01999999999995339
60.0,Proposed_CL_CBC,0,0.020999999999951058
60.0,Proposed_CL_CBC,0,0.020999999999951058
60.0,Proposed_CL_CBC,0,0.020999999999951058
60.0,Proposed_CL_CBC,0,0.021999999999948727
60.0,Proposed_CL_CBC,0,0.021999999999948727
60.0,Proposed_CL_CBC,0,0.021999999999948727
60.0,Proposed_CL_CBC,0,0.024999999999941735
60.0,Proposed_CL_CBC,0,0.025999999999939405
60.0,Proposed_CL_CBC,0,0.025999999999939405
60.0,Proposed_CL_CBC,0,0.025999999999939405
60.0,Proposed_CL_CBC,0,0.026999999999937074
60.0,Proposed_CL_CBC,0,0.030999999999927752
60.0,Proposed_CL_CBC,0,0.030999999999927752
60.0,Proposed_CL_CBC,0,0.030999999999927752
60.0,Proposed_CL_CBC,0,0.0359999999999161
60.0,Proposed_CL_CBC,0,0.03699999999991377
60.0,Proposed_CL_CBC,0,0.03699999999991377
60.0,Proposed_CL_CBC,0,0.03799999999991144
60.0,Proposed_CL_CBC,0,0.03799999999991144
60.0,Proposed_CL_CBC,0,0.03999999999990678
60.0,Proposed_CL_CBC,0,0.03999999999990678
60.0,Proposed_CL_CBC,0,0.03999999999990678
60.0,Proposed_CL_CBC,0,0.040999999999904446
60.0,Proposed_CL_CBC,0,0.041999999999902116
60.0,Proposed_CL_CBC,0,0.044999999999895124
60.0,Proposed_CL_CBC,0,0.04699999999989046
60.0,Proposed_CL_CBC,0,0.04999999999988347
60.0,Proposed_CL_CBC,0,0.04999999999988347
60.0,Proposed_CL_CBC,0,0.04999999999988347
60.0,Proposed_CL_CBC,0,0.04999999999988347
60.0,Proposed_CL_CBC,0,0.04999999999988347
60.0,Proposed_CL_CBC,0,0.05299999999987648
60.0,Proposed_CL_CBC,0,0.05299999999987648
60.0,Proposed_CL_CBC,0,0.05399999999987415
60.0,Proposed_CL_CBC,0,1.058999999997532
60.0,Proposed_CL_CBC,0,0.061999999999855504
60.0,Proposed_CL_CBC,0,0.06699999999984385
60.0,Proposed_CL_CBC,0,1.070999999997504
60.0,Proposed_CL_CBC,0,0.07099999999983453
60.0,Proposed_CL_CBC,0,0.07699999999982055
60.0,Proposed_CL_CBC,0,0.07699999999982055
60.0,Proposed_CL_CBC,0,0.07799999999981821
60.0,Proposed_CL_CBC,0,0.07799999999981821
60.0,Proposed_CL_CBC,0,0.07799999999981821
60.0,Proposed_CL_CBC,0,0.08099999999981122
60.0,Proposed_CL_CBC,0,0.10299999999975995
60.0,Proposed_CL_CBC,0,0.10499999999975529
60.0,Proposed_CL_CBC,0,0.11299999999973664
60.0,Proposed_CL_CBC,0,0.13999999999967372
60.0,Proposed_CL_CBC,0,0.14799999999965507
60.0,Proposed_CL_CBC,0,0.14799999999965507
60.0,Proposed_CL_CBC,0,0.14899999999965274
60.0,Proposed_CL_CBC,0,0.1499999999996504
60.0,Proposed_CL_CBC,0,0.16299999999962012
60.0,Proposed_CL_CBC,0,0.16399999999961778
60.0,Proposed_CL_CBC,0,0.16399999999961778
60.0,Proposed_CL_CBC,0,0.16399999999961778
60.0,Proposed_CL_CBC,0,0.16399999999961778
60.0,Proposed_CL_CBC,0,0.16899999999960613
60.0,Proposed_CL_CBC,0,0.17499999999959215
60.0,Proposed_CL_CBC,0,0.17799999999958516
60.0,Proposed_CL_CBC,0,0.18099999999957816
60.0,Proposed_CL_CBC,0,0.18799999999956185
60.0,Proposed_CL_CBC,0,0.19899999999953621
60.0,Proposed_CL_CBC,0,0.22999999999946397
60.0,Proposed_CL_CBC,0,0.23099999999946164
60.0,Proposed_CL_CBC,0,0.23099999999946164
60.0,Proposed_CL_CBC,0,0.23099999999946164
60.0,Proposed_CL_CBC,0,0.23099999999946164
60.0,Proposed_CL_CBC,0,0.23099999999946164
60.0,Proposed_CL_CBC,0,0.23299999999945697
60.0,Proposed_CL_CBC,0,0.24699999999942435
60.0,Proposed_CL_CBC,0,0.29899999999930316
60.0,Proposed_CL_CBC,0,0.33899999999920993
60.0,Proposed_CL_CBC,0,0.37399999999912836
60.0,Proposed_CL_CBC,0,0.37499999999912603
60.0,Proposed_CL_CBC,0,0.3849999999991027
60.0,Proposed_CL_CBC,0,0.41699999999902815
60.0,Proposed_CL_CBC,0,0.0009999999999976694
60.0,Proposed_CL_CBC,0,0.0009999999999976694
60.0,Proposed_CL_CBC,0,0.0009999999999976694
60.0,Proposed_CL_CBC,0,0.0009999999999976694
60.0,Proposed_CL_CBC,0,0.0009999999999976694
60.0,Proposed_CL_CBC,0,0.001999999999995339
60.0,Proposed_CL_CBC,0,0.003999999999990678
60.0,Proposed_CL_CBC,0,0.004999999999988347
60.0,Proposed_CL_CBC,0,0.004999999999988347
60.0,Proposed_CL_CBC,0,0.004999999999988347
60.0,Proposed_CL_CBC,0,0.004999999999988347
60.0,Proposed_CL_CBC,0,0.0059999999999860165
60.0,Proposed_CL_CBC,0,0.0059999999999860165
60.0,Proposed_CL_CBC,0,0.007999999999981355
60.0,Proposed_CL_CBC,0,0.008999999999979025
60.0,Proposed_CL_CBC,0,0.008999999999979025
60.0,Proposed_CL_CBC,0,0.008999999999979025
60.0,Proposed_CL_CBC,0,0.009999999999976694
60.0,Proposed_CL_CBC,0,0.010999999999974364
60.0,Proposed_CL_CBC,0,0.010999999999974364
60.0,Proposed_CL_CBC,0,0.010999999999974364
60.0,Proposed_CL_CBC,0,0.011999999999972033
60.0,Proposed_CL_CBC,0,0.011999999999972033
60.0,Proposed_CL_CBC,0,0.011999999999972033
60.0,Proposed_CL_CBC,0,0.011999999999972033
60.0,Proposed_CL_CBC,0,0.013999999999967372
60.0,Proposed_CL_CBC,0,0.013999999999967372
60.0,Proposed_CL_CBC,0,0.013999999999967372
60.0,Proposed_CL_CBC,0,0.013999999999967372
60.0,Proposed_CL_CBC,0,0.01599999999996271
60.0,Proposed_CL_CBC,0,0.01599999999996271
60.0,Proposed_CL_CBC,0,0.01599999999996271
60.0,Proposed_CL_CBC,0,0.01699999999996038
60.0,Proposed_CL_CBC,0,0.01699999999996038
60.0,Proposed_CL_CBC,0,0.01799999999995805
60.0,Proposed_CL_CBC,0,1.0189999999976251
60.0,Proposed_CL_CBC,0,0.020999999999951058
60.0,Proposed_CL_CBC,0,1.0209999999976205
60.0,Proposed_CL_CBC,0,1.0209999999976205
60.0,Proposed_CL_CBC,0,1.0209999999976205
60.0,Proposed_CL_CBC,0,0.023999999999944066
60.0,Proposed_CL_CBC,0,0.024999999999941735
60.0,Proposed_CL_CBC,0,0.024999999999941735
60.0,Proposed_CL_CBC,0,0.024999999999941735
60.0,Proposed_CL_CBC,0,0.024999999999941735
60.0,Proposed_CL_CBC,0,0.025999999999939405
60.0,Proposed_CL_CBC,0,0.025999999999939405
60.0,Proposed_CL_CBC,0,0.025999999999939405
60.0,Proposed_CL_CBC,0,0.027999999999934744
60.0,Proposed_CL_CBC,0,0.030999999999927752
60.0,Proposed_CL_CBC,0,0.03299999999992309
60.0,Proposed_CL_CBC,0,0.03999999999990678
60.0,Proposed_CL_CBC,0,0.042999999999899785
60.0,Proposed_CL_CBC,0,0.042999999999899785
60.0,Proposed_CL_CBC,0,0.044999999999895124
60.0,Proposed_CL_CBC,0,1.0509999999975506
60.0,Proposed_CL_CBC,0,0.05199999999987881
60.0,Proposed_CL_CBC,0,0.05199999999987881
60.0,Proposed_CL_CBC,0,0.05299999999987648
60.0,Proposed_CL_CBC,0,0.05399999999987415
60.0,Proposed_CL_CBC,0,0.05399999999987415
60.0,Proposed_CL_CBC,0,0.05499999999987182
60.0,Proposed_CL_CBC,0,0.05499999999987182
60.0,Proposed_CL_CBC,0,0.05499999999987182
60.0,Proposed_CL_CBC,0,0.05599999999986949
60.0,Proposed_CL_CBC,0,0.05699999999986716
60.0,Proposed_CL_CBC,0,0.058999999999862496
60.0,Proposed_CL_CBC,0,0.06699999999984385
60.0,Proposed_CL_CBC,0,0.06699999999984385
60.0,Proposed_CL_CBC,0,0.07299999999982987
60.0,Proposed_CL_CBC,0,0.07399999999982754
60.0,Proposed_CL_CBC,0,0.07799999999981821
60.0,Proposed_CL_CBC,0,0.07799999999981821
60.0,Proposed_CL_CBC,0,0.07999999999981355
60.0,Proposed_CL_CBC,0,0.08099999999981122
60.0,Proposed_CL_CBC,0,0.08299999999980656
60.0,Proposed_CL_CBC,0,0.08699999999979724
60.0,Proposed_CL_CBC,0,0.08999999999979025
60.0,Proposed_CL_CBC,0,0.08999999999979025
60.0,Proposed_CL_CBC,0,0.09399999999978093
60.0,Proposed_CL_CBC,0,0.09899999999976927
60.0,Proposed_CL_CBC,0,0.10099999999976461
60.0,Proposed_CL_CBC,0,0.10199999999976228
60.0,Proposed_CL_CBC,0,0.10299999999975995
60.0,Proposed_CL_CBC,0,1.1349999999973548
60.0,Proposed_CL_CBC,0,1.1349999999973548
60.0,Proposed_CL_CBC,0,0.1539999999996411
60.0,Proposed_CL_CBC,0,0.15899999999962944
60.0,Proposed_CL_CBC,0,0.15899999999962944
60.0,Proposed_CL_CBC,0,0.17499999999959215
60.0,Proposed_CL_CBC,0,1.2059999999971893
60.0,Proposed_CL_CBC,0,1.2059999999971893
60.0,Proposed_CL_CBC,0,0.20799999999951524
60.0,Proposed_CL_CBC,0,1.2409999999971078
60.0,Proposed_CL_CBC,0,0.24599999999942668
60.0,Proposed_CL_CBC,0,0.2689999999993731
60.0,Proposed_CL_CBC,0,0.2819999999993428
60.0,Proposed_CL_CBC,0,0.28299999999934045
60.0,Proposed_CL_CBC,0,0.29599999999931015
60.0,Proposed_CL_CBC,0,0.2969999999993078
60.0,Proposed_CL_CBC,0,0.2969999999993078
60.0,Proposed_CL_CBC,0,0.3069999999992845
60.0,Proposed_CL_CBC,0,0.3069999999992845
60.0,Proposed_CL_CBC,0,0.3069999999992845
60.0,Proposed_CL_CBC,0,0.3069999999992845
60.0,Proposed_CL_CBC,0,0.3069999999992845
60.0,Proposed_CL_CBC,0,0.31299999999927053
60.0,Proposed_CL_CBC,0,0.35499999999917264
60.0,Proposed_CL_CBC,0,0.36399999999915167
60.0,Proposed_CL_CBC,0,0.3889999999990934
60.0,Proposed_CL_CBC,0,0.3929999999990841
60.0,Proposed_CL_CBC,0,0.41099999999904213
60.0,Proposed_CL_CBC,0,0.5109999999988091
60.0,Proposed_CL_CBC,0,0.5769999999986553
60.0,Proposed_CL_CBC,0,5.815999999986445
60.0,Proposed_CL_CBC,0,0.0009999999999976694
60.0,Proposed_CL_CBC,0,0.001999999999995339
60.0,Proposed_CL_CBC,0,0.0029999999999930083
60.0,Proposed_CL_CBC,0,0.003999999999990678
60.0,Proposed_CL_CBC,0,0.003999999999990678
60.0,Proposed_CL_CBC,0,0.003999999999990678
60.0,Proposed_CL_CBC,0,0.004999999999988347
60.0,Proposed_CL_CBC,0,0.0059999999999860165
60.0,Proposed_CL_CBC,0,0.006999999999983686
60.0,Proposed_CL_CBC,0,0.006999999999983686
60.0,Proposed_CL_CBC,0,0.006999999999983686
60.0,Proposed_CL_CBC,0,0.006999999999983686
60.0,Proposed_CL_CBC,0,0.006999999999983686
60.0,Proposed_CL_CBC,0,0.007999999999981355
60.0,Proposed_CL_CBC,0,0.008999999999979025
60.0,Proposed_CL_CBC,0,0.011999999999972033
60.0,Proposed_CL_CBC,0,0.013999999999967372
60.0,Proposed_CL_CBC,0,0.013999999999967372
60.0,Proposed_CL_CBC,0,0.014999999999965041
60.0,Proposed_CL_CBC,0,0.01799999999995805
60.0,Proposed_CL_CBC,0,0.01799999999995805
60.0,Proposed_CL_CBC,0,0.01799999999995805
60.0,Proposed_CL_CBC,0,0.01799999999995805
60.0,Proposed_CL_CBC,0,0.01799999999995805
60.0,Proposed_CL_CBC,0,0.01799999999995805
60.0,Proposed_CL_CBC,0,0.01799999999995805
60.0,Proposed_CL_CBC,0,0.01799999999995805
60.0,Proposed_CL_CBC,0,0.01799999999995805
60.0,Proposed_CL_CBC,0,0.01899999999995572
60.0,Proposed_CL_CBC,0,0.01999999999995339
60.0,Proposed_CL_CBC,0,0.024999999999941735
60.0,Proposed_CL_CBC,0,0.024999999999941735
60.0,Proposed_CL_CBC,0,0.026999999999937074
60.0,Proposed_CL_CBC,0,0.027999999999934744
60.0,Proposed_CL_CBC,0,0.028999999999932413
60.0,Proposed_CL_CBC,0,0.03399999999992076
60.0,Proposed_CL_CBC,0,0.03399999999992076
60.0,Proposed_CL_CBC,0,0.03699999999991377
60.0,Proposed_CL_CBC,0,0.03899999999990911
60.0,Proposed_CL_CBC,0,0.03899999999990911
60.0,Proposed_CL_CBC,0,0.03999999999990678
60.0,Proposed_CL_CBC,0,0.043999999999897454
60.0,Proposed_CL_CBC,0,0.04599999999989279
60.0,Proposed_CL_CBC,0,0.04799999999988813
60.0,Proposed_CL_CBC,0,0.0489999999998858
60.0,Proposed_CL_CBC,0,0.05699999999986716
60.0,Proposed_CL_CBC,0,0.060999999999857835
60.0,Proposed_CL_CBC,0,0.06399999999985084
60.0,Proposed_CL_CBC,0,0.06399999999985084
60.0,Proposed_CL_CBC,0,0.06399999999985084
60.0,Proposed_CL_CBC,0,0.06599999999984618
60.0,Proposed_CL_CBC,0,0.06599999999984618
60.0,Proposed_CL_CBC,0,0.06699999999984385
60.0,Proposed_CL_CBC,0,0.06699999999984385
60.0,Proposed_CL_CBC,0,0.06799999999984152
60.0,Proposed_CL_CBC,0,0.06799999999984152
60.0,Proposed_CL_CBC,0,0.06799999999984152
60.0,Proposed_CL_CBC,0,0.07299999999982987
60.0,Proposed_CL_CBC,0,0.08099999999981122
60.0,Proposed_CL_CBC,0,0.08099999999981122
60.0,Proposed_CL_CBC,0,0.0979999999997716
60.0,Proposed_CL_CBC,0,0.09899999999976927
60.0,Proposed_CL_CBC,0,0.10399999999975762
60.0,Proposed_CL_CBC,0,0.10899999999974597
60.0,Proposed_CL_CBC,0,0.11199999999973898
60.0,Proposed_CL_CBC,0,0.1339999999996877
60.0,Proposed_CL_CBC,0,0.1339999999996877
60.0,Proposed_CL_CBC,0,0.1339999999996877
60.0,Proposed_CL_CBC,0,0.1339999999996877
60.0,Proposed_CL_CBC,0,0.1339999999996877
60.0,Proposed_CL_CBC,0,0.1669999999996108
60.0,Proposed_CL_CBC,0,0.17899999999958283
60.0,Proposed_CL_CBC,0,0.18399999999957117
60.0,Proposed_CL_CBC,0,0.19499999999954554
60.0,Proposed_CL_CBC,0,0.21999999999948727
60.0,Proposed_CL_CBC,0,0.3099999999992775
60.0,Proposed_CL_CBC,0,0.3109999999992752
60.0,Proposed_CL_CBC,0,0.31199999999927286
60.0,Proposed_CL_CBC,0,0.3199999999992542
60.0,Proposed_CL_CBC,0,0.3459999999991936
60.0,Proposed_CL_CBC,0,0.5389999999987438
60.0,Proposed_CL_CBC,0,0.7209999999983197
60.0,Proposed_CL_CBC,0,0.7469999999982591
60.0,Proposed_CL_CBC,0,0.0009999999999976694
60.0,Proposed_CL_CBC,0,0.001999999999995339
60.0,Proposed_CL_CBC,0,0.001999999999995339
60.0,Proposed_CL_CBC,0,0.0029999999999930083
60.0,Proposed_CL_CBC,0,0.0029999999999930083
60.0,Proposed_CL_CBC,0,0.003999999999990678
60.0,Proposed_CL_CBC,0,0.0059999999999860165
60.0,Proposed_CL_CBC,0,0.006999999999983686
60.0,Proposed_CL_CBC,0,0.006999999999983686
60.0,Proposed_CL_CBC,0,0.008999999999979025
60.0,Proposed_CL_CBC,0,0.009999999999976694
60.0,Proposed_CL_CBC,0,0.009999999999976694
60.0,Proposed_CL_CBC,0,0.009999999999976694
60.0,Proposed_CL_CBC,0,0.009999999999976694
60.0,Proposed_CL_CBC,0,0.010999999999974364
60.0,Proposed_CL_CBC,0,0.011999999999972033
60.0,Proposed_CL_CBC,0,0.012999999999969702
60.0,Proposed_CL_CBC,0,0.014999999999965041
60.0,Proposed_CL_CBC,0,0.014999999999965041
60.0,Proposed_CL_CBC,0,0.01599999999996271
60.0,Proposed_CL_CBC,0,0.01699999999996038
60.0,Proposed_CL_CBC,0,0.01799999999995805
60.0,Proposed_CL_CBC,0,0.01799999999995805
60.0,Proposed_CL_CBC,0,0.01799999999995805
60.0,Proposed_CL_CBC,0,0.01899999999995572
60.0,Proposed_CL_CBC,0,0.01899999999995572
60.0,Proposed_CL_CBC,0,0.01899999999995572
60.0,Proposed_CL_CBC,0,0.01999999999995339
60.0,Proposed_CL_CBC,0,0.021999999999948727
60.0,Proposed_CL_CBC,0,0.021999999999948727
60.0,Proposed_CL_CBC,0,0.023999999999944066
60.0,Proposed_CL_CBC,0,0.024999999999941735
60.0,Proposed_CL_CBC,0,0.025999999999939405
60.0,Proposed_CL_CBC,0,0.03199999999992542
60.0,Proposed_CL_CBC,0,0.03299999999992309
60.0,Proposed_CL_CBC,0,0.03399999999992076
60.0,Proposed_CL_CBC,0,0.03399999999992076
60.0,Proposed_CL_CBC,0,0.03399999999992076
60.0,Proposed_CL_CBC,0,0.03499999999991843
60.0,Proposed_CL_CBC,0,0.03499999999991843
60.0,Proposed_CL_CBC,0,0.03499999999991843
60.0,Proposed_CL_CBC,0,0.03699999999991377
60.0,Proposed_CL_CBC,0,0.03699999999991377
60.0,Proposed_CL_CBC,0,0.03699999999991377
60.0,Proposed_CL_CBC,0,0.03699999999991377
60.0,Proposed_CL_CBC,0,0.03899999999990911
60.0,Proposed_CL_CBC,0,0.03999999999990678
60.0,Proposed_CL_CBC,0,0.03999999999990678
60.0,Proposed_CL_CBC,0,0.040999999999904446
60.0,Proposed_CL_CBC,0,0.040999999999904446
60.0,Proposed_CL_CBC,0,0.044999999999895124
60.0,Proposed_CL_CBC,0,0.044999999999895124
60.0,Proposed_CL_CBC,0,0.044999999999895124
60.0,Proposed_CL_CBC,0,0.044999999999895124
60.0,Proposed_CL_CBC,0,0.04699999999989046
60.0,Proposed_CL_CBC,0,0.04799999999988813
60.0,Proposed_CL_CBC,0,0.0489999999998858
60.0,Proposed_CL_CBC,0,0.0489999999998858
60.0,Proposed_CL_CBC,0,0.0489999999998858
60.0,Proposed_CL_CBC,0,0.04999999999988347
60.0,Proposed_CL_CBC,0,0.05099999999988114
60.0,Proposed_CL_CBC,0,0.05099999999988114
60.0,Proposed_CL_CBC,0,0.05199999999987881
60.0,Proposed_CL_CBC,0,0.05199999999987881
60.0,Proposed_CL_CBC,0,0.05299999999987648
60.0,Proposed_CL_CBC,0,0.05699999999986716
60.0,Proposed_CL_CBC,0,0.05699999999986716
60.0,Proposed_CL_CBC,0,0.061999999999855504
60.0,Proposed_CL_CBC,0,0.061999999999855504
60.0,Proposed_CL_CBC,0,0.061999999999855504
60.0,Proposed_CL_CBC,0,0.061999999999855504
60.0,Proposed_CL_CBC,0,0.06299999999985317
60.0,Proposed_CL_CBC,0,0.06299999999985317
60.0,Proposed_CL_CBC,0,0.06399999999985084
60.0,Proposed_CL_CBC,0,0.06399999999985084
60.0,Proposed_CL_CBC,0,0.06399999999985084
60.0,Proposed_CL_CBC,0,0.06699999999984385
60.0,Proposed_CL_CBC,0,0.07599999999982288
60.0,Proposed_CL_CBC,0,0.07599999999982288
60.0,Proposed_CL_CBC,0,0.0849999999998019
60.0,Proposed_CL_CBC,0,0.08899999999979258
60.0,Proposed_CL_CBC,0,0.08999999999979025
60.0,Proposed_CL_CBC,0,0.09099999999978792
60.0,Proposed_CL_CBC,0,0.09299999999978326
60.0,Proposed_CL_CBC,0,0.09899999999976927
60.0,Proposed_CL_CBC,0,0.09899999999976927
60.0,Proposed_CL_CBC,0,0.10099999999976461
60.0,Proposed_CL_CBC,0,0.10099999999976461
60.0,Proposed_CL_CBC,0,0.10599999999975296
60.0,Proposed_CL_CBC,0,0.10599999999975296
60.0,Proposed_CL_CBC,0,0.10999999999974364
60.0,Proposed_CL_CBC,0,0.11699999999972732
60.0,Proposed_CL_CBC,0,0.11699999999972732
60.0,Proposed_CL_CBC,0,0.12699999999970402
60.0,Proposed_CL_CBC,0,0.12799999999970169
60.0,Proposed_CL_CBC,0,0.12799999999970169
60.0,Proposed_CL_CBC,0,0.12899999999969936
60.0,Proposed_CL_CBC,0,0.12999999999969702
60.0,Proposed_CL_CBC,0,0.1309999999996947
60.0,Proposed_CL_CBC,0,0.1409999999996714
60.0,Proposed_CL_CBC,0,0.14499999999966207
60.0,Proposed_CL_CBC,0,0.14499999999966207
60.0,Proposed_CL_CBC,0,0.14799999999965507
60.0,Proposed_CL_CBC,0,0.14799999999965507
60.0,Proposed_CL_CBC,0,0.18199999999957583
60.0,Proposed_CL_CBC,0,0.20799999999951524
60.0,Proposed_CL_CBC,0,0.20799999999951524
60.0,Proposed_CL_CBC,0,0.5099999999988114
60.0,Proposed_CL_CBC,0,0.6429999999985014
60.0,Proposed_CL_CBC,0,0.7019999999983639
60.0,Proposed_CL_CBC,0,0.0009999999999976694
60.0,Proposed_CL_CBC,0,0.001999999999995339
60.0,Proposed_CL_CBC,0,0.001999999999995339
60.0,Proposed_CL_CBC,0,0.001999999999995339
60.0,Proposed_CL_CBC,0,0.0029999999999930083
60.0,Proposed_CL_CBC,0,0.0029999999999930083
60.0,Proposed_CL_CBC,0,0.003999999999990678
60.0,Proposed_CL_CBC,0,0.003999999999990678
60.0,Proposed_CL_CBC,0,0.003999999999990678
60.0,Proposed_CL_CBC,0,0.003999999999990678
60.0,Proposed_CL_CBC,0,0.004999999999988347
60.0,Proposed_CL_CBC,0,0.004999999999988347
60.0,Proposed_CL_CBC,0,0.004999999999988347
60.0,Proposed_CL_CBC,0,0.0059999999999860165
60.0,Proposed_CL_CBC,0,0.007999999999981355
60.0,Proposed_CL_CBC,0,0.010999999999974364
60.0,Proposed_CL_CBC,0,0.010999999999974364
60.0,Proposed_CL_CBC,0,0.011999999999972033
60.0,Proposed_CL_CBC,0,0.011999999999972033
60.0,Proposed_CL_CBC,0,0.011999999999972033
60.0,Proposed_CL_CBC,0,0.011999999999972033
60.0,Proposed_CL_CBC,0,0.013999999999967372
60.0,Proposed_CL_CBC,0,0.014999999999965041
60.0,Proposed_CL_CBC,0,0.01799999999995805
60.0,Proposed_CL_CBC,0,0.01899999999995572
60.0,Proposed_CL_CBC,0,0.020999999999951058
60.0,Proposed_CL_CBC,0,0.021999999999948727
60.0,Proposed_CL_CBC,0,0.021999999999948727
60.0,Proposed_CL_CBC,0,0.021999999999948727
60.0,Proposed_CL_CBC,0,0.024999999999941735
60.0,Proposed_CL_CBC,0,0.024999999999941735
60.0,Proposed_CL_CBC,0,0.025999999999939405
60.0,Proposed_CL_CBC,0,0.028999999999932413
60.0,Proposed_CL_CBC,0,0.029999999999930083
60.0,Proposed_CL_CBC,0,0.029999999999930083
60.0,Proposed_CL_CBC,0,0.03299999999992309
60.0,Proposed_CL_CBC,0,0.03499999999991843
60.0,Proposed_CL_CBC,0,0.0359999999999161
60.0,Proposed_CL_CBC,0,0.03699999999991377
60.0,Proposed_CL_CBC,0,0.03799999999991144
60.0,Proposed_CL_CBC,0,0.03799999999991144
60.0,Proposed_CL_CBC,0,0.03899999999990911
60.0,Proposed_CL_CBC,0,0.043999999999897454
60.0,Proposed_CL_CBC,0,0.04599999999989279
60.0,Proposed_CL_CBC,0,0.04799999999988813
60.0,Proposed_CL_CBC,0,0.04799999999988813
60.0,Proposed_CL_CBC,0,0.05099999999988114
60.0,Proposed_CL_CBC,0,0.05299999999987648
60.0,Proposed_CL_CBC,0,0.05499999999987182
60.0,Proposed_CL_CBC,0,0.05499999999987182
60.0,Proposed_CL_CBC,0,0.057999999999864826
60.0,Proposed_CL_CBC,0,0.057999999999864826
60.0,Proposed_CL_CBC,0,0.057999999999864826
60.0,Proposed_CL_CBC,0,0.058999999999862496
60.0,Proposed_CL_CBC,0,0.058999999999862496
60.0,Proposed_CL_CBC,0,0.058999999999862496
60.0,Proposed_CL_CBC,0,0.058999999999862496
60.0,Proposed_CL_CBC,0,0.059999999999860165
60.0,Proposed_CL_CBC,0,0.061999999999855504
60.0,Proposed_CL_CBC,0,0.061999999999855504
60.0,Proposed_CL_CBC,0,0.061999999999855504
60.0,Proposed_CL_CBC,0,0.08099999999981122
60.0,Proposed_CL_CBC,0,0.08199999999980889
60.0,Proposed_CL_CBC,0,0.08599999999979957
60.0,Proposed_CL_CBC,0,0.08699999999979724
60.0,Proposed_CL_CBC,0,0.09299999999978326
60.0,Proposed_CL_CBC,0,0.10899999999974597
60.0,Proposed_CL_CBC,0,0.11999999999972033
60.0,Proposed_CL_CBC,0,2.177999999994924
60.0,Proposed_CL_CBC,0,0.1959999999995432
60.0,Proposed_CL_CBC,0,0.1959999999995432
60.0,Proposed_CL_CBC,0,0.19699999999954088
60.0,Proposed_CL_CBC,0,0.2879999999993288
60.0,Proposed_CL_CBC,0,0.2979999999993055
60.0,Proposed_CL_CBC,0,1.2999999999969702
60.0,Proposed_CL_CBC,0,0.32899999999923324
60.0,Proposed_CL_CBC,0,0.33899999999920993
60.0,Proposed_CL_CBC,0,0.33899999999920993
60.0,Proposed_CL_CBC,0,0.3439999999991983
60.0,Proposed_CL_CBC,0,1.3719999999968024
60.0,Proposed_CL_CBC,0,1.3719999999968024
60.0,Proposed_CL_CBC,0,0.3799999999991144
60.0,Proposed_CL_CBC,0,0.40099999999906544
60.0,Proposed_CL_CBC,0,0.4029999999990608
60.0,Proposed_CL_CBC,0,0.41399999999903514
60.0,Proposed_CL_CBC,0,0.4739999999988953
60.0,Proposed_CL_CBC,0,0.5319999999987601
60.0,Proposed_CL_CBC,0,1.8009999999958026
60.0,Proposed_CL_CBC,0,0.0009999999999976694
60.0,Proposed_CL_CBC,0,0.0009999999999976694
60.0,Proposed_CL_CBC,0,0.0009999999999976694
60.0,Proposed_CL_CBC,0,0.0029999999999930083
60.0,Proposed_CL_CBC,0,0.0029999999999930083
60.0,Proposed_CL_CBC,0,0.004999999999988347
60.0,Proposed_CL_CBC,0,0.0059999999999860165
60.0,Proposed_CL_CBC,0,0.0059999999999860165
60.0,Proposed_CL_CBC,0,0.0059999999999860165
60.0,Proposed_CL_CBC,0,0.0059999999999860165
60.0,Proposed_CL_CBC,0,0.006999999999983686
60.0,Proposed_CL_CBC,0,0.006999999999983686
60.0,Proposed_CL_CBC,0,0.008999999999979025
60.0,Proposed_CL_CBC,0,0.010999999999974364
60.0,Proposed_CL_CBC,0,0.014999999999965041
60.0,Proposed_CL_CBC,0,0.014999999999965041
60.0,Proposed_CL_CBC,0,0.014999999999965041
60.0,Proposed_CL_CBC,0,0.01599999999996271
60.0,Proposed_CL_CBC,0,0.01599999999996271
60.0,Proposed_CL_CBC,0,0.01799999999995805
60.0,Proposed_CL_CBC,0,0.01799999999995805
60.0,Proposed_CL_CBC,0,0.01799999999995805
60.0,Proposed_CL_CBC,0,0.01999999999995339
60.0,Proposed_CL_CBC,0,0.01999999999995339
60.0,Proposed_CL_CBC,0,0.022999999999946397
60.0,Proposed_CL_CBC,0,0.022999999999946397
60.0,Proposed_CL_CBC,0,0.023999999999944066
60.0,Proposed_CL_CBC,0,0.023999999999944066
60.0,Proposed_CL_CBC,0,0.023999999999944066
60.0,Proposed_CL_CBC,0,0.024999999999941735
60.0,Proposed_CL_CBC,0,0.024999999999941735
60.0,Proposed_CL_CBC,0,0.029999999999930083
60.0,Proposed_CL_CBC,0,0.029999999999930083
60.0,Proposed_CL_CBC,0,0.029999999999930083
60.0,Proposed_CL_CBC,0,0.029999999999930083
60.0,Proposed_CL_CBC,0,0.030999999999927752
60.0,Proposed_CL_CBC,0,0.030999999999927752
60.0,Proposed_CL_CBC,0,0.03299999999992309
60.0,Proposed_CL_CBC,0,0.03299999999992309
60.0,Proposed_CL_CBC,0,0.03299999999992309
60.0,Proposed_CL_CBC,0,0.03299999999992309
60.0,Proposed_CL_CBC,0,0.0359999999999161
60.0,Proposed_CL_CBC,0,0.03699999999991377
60.0,Proposed_CL_CBC,0,0.03799999999991144
60.0,Proposed_CL_CBC,0,0.03799999999991144
60.0,Proposed_CL_CBC,0,0.03799999999991144
60.0,Proposed_CL_CBC,0,0.03799999999991144
60.0,Proposed_CL_CBC,0,0.03899999999990911
60.0,Proposed_CL_CBC,0,0.03899999999990911
60.0,Proposed_CL_CBC,0,0.041999999999902116
60.0,Proposed_CL_CBC,0,0.041999999999902116
60.0,Proposed_CL_CBC,0,0.043999999999897454
60.0,Proposed_CL_CBC,0,0.044999999999895124
60.0,Proposed_CL_CBC,0,0.044999999999895124
60.0,Proposed_CL_CBC,0,0.04799999999988813
60.0,Proposed_CL_CBC,0,0.04799999999988813
60.0,Proposed_CL_CBC,0,0.0489999999998858
60.0,Proposed_CL_CBC,0,0.04999999999988347
60.0,Proposed_CL_CBC,0,0.05099999999988114
60.0,Proposed_CL_CBC,0,0.05599999999986949
60.0,Proposed_CL_CBC,0,0.05699999999986716
60.0,Proposed_CL_CBC,0,0.06499999999984851
60.0,Proposed_CL_CBC,0,0.06499999999984851
60.0,Proposed_CL_CBC,0,0.06499999999984851
60.0,Proposed_CL_CBC,0,0.06699999999984385
60.0,Proposed_CL_CBC,0,0.06699999999984385
60.0,Proposed_CL_CBC,0,0.06699999999984385
60.0,Proposed_CL_CBC,0,0.06699999999984385
60.0,Proposed_CL_CBC,0,0.06799999999984152
60.0,Proposed_CL_CBC,0,0.06899999999983919
60.0,Proposed_CL_CBC,0,0.06999999999983686
60.0,Proposed_CL_CBC,0,0.07899999999981588
60.0,Proposed_CL_CBC,0,0.08199999999980889
60.0,Proposed_CL_CBC,0,0.08199999999980889
60.0,Proposed_CL_CBC,0,1.0969999999974434
60.0,Proposed_CL_CBC,0,1.0969999999974434
60.0,Proposed_CL_CBC,0,1.0999999999974364
60.0,Proposed_CL_CBC,0,0.10699999999975063
60.0,Proposed_CL_CBC,0,0.1079999999997483
60.0,Proposed_CL_CBC,0,0.11299999999973664
60.0,Proposed_CL_CBC,0,0.11799999999972499
60.0,Proposed_CL_CBC,0,0.1369999999996807
60.0,Proposed_CL_CBC,0,0.13999999999967372
60.0,Proposed_CL_CBC,0,0.16099999999962478
60.0,Proposed_CL_CBC,0,0.16199999999962245
60.0,Proposed_CL_CBC,0,0.17899999999958283
60.0,Proposed_CL_CBC,0,2.195999999994882
60.0,Proposed_CL_CBC,0,2.1969999999948797
60.0,Proposed_CL_CBC,0,0.2059999999995199
60.0,Proposed_CL_CBC,0,0.21799999999949193
60.0,Proposed_CL_CBC,0,0.241999999999436
60.0,Proposed_CL_CBC,0,0.46199999999892327
60.0,Proposed_CL_CBC,0,1.7099999999960147
60.0,Proposed_CL_CBC,0,2.8629999999933275
60.0,Proposed_CL_CBC,0,1.8749999999956302
60.0,Proposed_CL_CBC,0,0.0009999999999976694
60.0,Proposed_CL_CBC,0,0.001999999999995339
60.0,Proposed_CL_CBC,0,0.001999999999995339
60.0,Proposed_CL_CBC,0,0.001999999999995339
60.0,Proposed_CL_CBC,0,0.0029999999999930083
60.0,Proposed_CL_CBC,0,0.003999999999990678
60.0,Proposed_CL_CBC,0,0.003999999999990678
60.0,Proposed_CL_CBC,0,0.003999999999990678
60.0,Proposed_CL_CBC,0,0.004999999999988347
60.0,Proposed_CL_CBC,0,0.0059999999999860165
60.0,Proposed_CL_CBC,0,0.0059999999999860165
60.0,Proposed_CL_CBC,0,0.006999999999983686
60.0,Proposed_CL_CBC,0,0.006999999999983686
60.0,Proposed_CL_CBC,0,0.006999999999983686
60.0,Proposed_CL_CBC,0,0.006999999999983686
60.0,Proposed_CL_CBC,0,0.007999999999981355
60.0,Proposed_CL_CBC,0,0.007999999999981355
60.0,Proposed_CL_CBC,0,0.008999999999979025
60.0,Proposed_CL_CBC,0,0.008999999999979025
60.0,Proposed_CL_CBC,0,0.008999999999979025
60.0,Proposed_CL_CBC,0,0.009999999999976694
60.0,Proposed_CL_CBC,0,0.011999999999972033
60.0,Proposed_CL_CBC,0,0.011999999999972033
60.0,Proposed_CL_CBC,0,0.013999999999967372
60.0,Proposed_CL_CBC,0,0.013999999999967372
60.0,Proposed_CL_CBC,0,0.01599999999996271
60.0,Proposed_CL_CBC,0,0.01999999999995339
60.0,Proposed_CL_CBC,0,0.01999999999995339
60.0,Proposed_CL_CBC,0,0.01999999999995339
60.0,Proposed_CL_CBC,0,0.021999999999948727
60.0,Proposed_CL_CBC,0,0.021999999999948727
60.0,Proposed_CL_CBC,0,0.03299999999992309
60.0,Proposed_CL_CBC,0,0.03399999999992076
60.0,Proposed_CL_CBC,0,0.03399999999992076
60.0,Proposed_CL_CBC,0,0.0359999999999161
60.0,Proposed_CL_CBC,0,0.03899999999990911
60.0,Proposed_CL_CBC,0,0.03899999999990911
60.0,Proposed_CL_CBC,0,0.04999999999988347
60.0,Proposed_CL_CBC,0,0.05299999999987648
60.0,Proposed_CL_CBC,0,0.05299999999987648
60.0,Proposed_CL_CBC,0,0.05299999999987648
60.0,Proposed_CL_CBC,0,0.05299999999987648
60.0,Proposed_CL_CBC,0,0.05299999999987648
60.0,Proposed_CL_CBC,0,0.05299999999987648
60.0,Proposed_CL_CBC,0,0.05499999999987182
60.0,Proposed_CL_CBC,0,0.06499999999984851
60.0,Proposed_CL_CBC,0,0.06599999999984618
60.0,Proposed_CL_CBC,0,0.06699999999984385
60.0,Proposed_CL_CBC,0,0.06699999999984385
60.0,Proposed_CL_CBC,0,0.07099999999983453
60.0,Proposed_CL_CBC,0,0.07099999999983453
60.0,Proposed_CL_CBC,0,0.07099999999983453
60.0,Proposed_CL_CBC,0,0.0719999999998322
60.0,Proposed_CL_CBC,0,0.07399999999982754
60.0,Proposed_CL_CBC,0,0.08299999999980656
60.0,Proposed_CL_CBC,0,0.08299999999980656
60.0,Proposed_CL_CBC,0,0.0849999999998019
60.0,Proposed_CL_CBC,0,0.08699999999979724
60.0,Proposed_CL_CBC,0,0.08899999999979258
60.0,Proposed_CL_CBC,0,0.08899999999979258
60.0,Proposed_CL_CBC,0,0.09099999999978792
60.0,Proposed_CL_CBC,0,0.09099999999978792
60.0,Proposed_CL_CBC,0,0.09899999999976927
60.0,Proposed_CL_CBC,0,0.09999999999976694
60.0,Proposed_CL_CBC,0,0.1079999999997483
60.0,Proposed_CL_CBC,0,0.11199999999973898
60.0,Proposed_CL_CBC,0,0.13199999999969236
60.0,Proposed_CL_CBC,0,0.13199999999969236
60.0,Proposed_CL_CBC,0,0.13199999999969236
60.0,Proposed_CL_CBC,0,0.1339999999996877
60.0,Proposed_CL_CBC,0,0.1409999999996714
60.0,Proposed_CL_CBC,0,0.1409999999996714
60.0,Proposed_CL_CBC,0,0.14499999999966207
60.0,Proposed_CL_CBC,0,0.14599999999965974
60.0,Proposed_CL_CBC,0,0.1499999999996504
60.0,Proposed_CL_CBC,0,0.15299999999964342
60.0,Proposed_CL_CBC,0,0.1539999999996411
60.0,Proposed_CL_CBC,0,0.1569999999996341
60.0,Proposed_CL_CBC,0,0.1569999999996341
60.0,Proposed_CL_CBC,0,0.15799999999963177
60.0,Proposed_CL_CBC,0,0.16499999999961545
60.0,Proposed_CL_CBC,0,0.16499999999961545
60.0,Proposed_CL_CBC,0,0.1859999999995665
60.0,Proposed_CL_CBC,0,0.20499999999952223
60.0,Proposed_CL_CBC,0,0.2259999999994733
60.0,Proposed_CL_CBC,0,0.2259999999994733
60.0,Proposed_CL_CBC,0,0.2549999999994057
60.0,Proposed_CL_CBC,0,0.25599999999940337
60.0,Proposed_CL_CBC,0,0.25599999999940337
60.0,Proposed_CL_CBC,0,0.3039999999992915
60.0,Proposed_CL_CBC,0,0.32199999999924955
60.0,Proposed_CL_CBC,0,2.4389999999943157
60.0,Proposed_CL_CBC,0,1.5899999999962944
60.0,Proposed_CL_CBC,0,0.5949999999986133
60.0,Proposed_CL_CBC,0,0.598999999998604
60.0,Proposed_CL_CBC,0,0.601999999998597
60.0,Proposed_CL_CBC,0,0.6179999999985597
60.0,Proposed_CL_CBC,0,0.6579999999984665
60.0,Proposed_CL_CBC,0,0.8169999999980959
60.0,Proposed_CL_CBC,0,2.9379999999931528
60.0,Proposed_CL_CBC,0,0.0009999999999976694
60.0,Proposed_CL_CBC,0,0.0009999999999976694
60.0,Proposed_CL_CBC,0,0.001999999999995339
60.0,Proposed_CL_CBC,0,0.0029999999999930083
60.0,Proposed_CL_CBC,0,0.003999999999990678
60.0,Proposed_CL_CBC,0,0.003999999999990678
60.0,Proposed_CL_CBC,0,0.003999999999990678
60.0,Proposed_CL_CBC,0,0.003999999999990678
60.0,Proposed_CL_CBC,0,0.003999999999990678
60.0,Proposed_CL_CBC,0,0.003999999999990678
60.0,Proposed_CL_CBC,0,0.004999999999988347
60.0,Proposed_CL_CBC,0,0.004999999999988347
60.0,Proposed_CL_CBC,0,0.006999999999983686
60.0,Proposed_CL_CBC,0,0.006999999999983686
60.0,Proposed_CL_CBC,0,0.006999999999983686
60.0,Proposed_CL_CBC,0,0.006999999999983686
60.0,Proposed_CL_CBC,0,0.008999999999979025
60.0,Proposed_CL_CBC,0,0.009999999999976694
60.0,Proposed_CL_CBC,0,0.009999999999976694
60.0,Proposed_CL_CBC,0,0.009999999999976694
60.0,Proposed_CL_CBC,0,0.009999999999976694
60.0,Proposed_CL_CBC,0,0.014999999999965041
60.0,Proposed_CL_CBC,0,0.01599999999996271
60.0,Proposed_CL_CBC,0,0.01599999999996271
60.0,Proposed_CL_CBC,0,0.01699999999996038
60.0,Proposed_CL_CBC,0,0.01699999999996038
60.0,Proposed_CL_CBC,0,0.01699999999996038
60.0,Proposed_CL_CBC,0,0.01699999999996038
60.0,Proposed_CL_CBC,0,0.01799999999995805
60.0,Proposed_CL_CBC,0,0.01799999999995805
60.0,Proposed_CL_CBC,0,0.01799999999995805
60.0,Proposed_CL_CBC,0,0.01999999999995339
60.0,Proposed_CL_CBC,0,0.01999999999995339
60.0,Proposed_CL_CBC,0,0.020999999999951058
60.0,Proposed_CL_CBC,0,0.022999999999946397
60.0,Proposed_CL_CBC,0,0.023999999999944066
60.0,Proposed_CL_CBC,0,0.024999999999941735
60.0,Proposed_CL_CBC,0,0.026999999999937074
60.0,Proposed_CL_CBC,0,0.026999999999937074
60.0,Proposed_CL_CBC,0,0.027999999999934744
60.0,Proposed_CL_CBC,0,0.029999999999930083
60.0,Proposed_CL_CBC,0,0.029999999999930083
60.0,Proposed_CL_CBC,0,0.030999999999927752
60.0,Proposed_CL_CBC,0,0.030999999999927752
60.0,Proposed_CL_CBC,0,0.030999999999927752
60.0,Proposed_CL_CBC,0,0.030999999999927752
60.0,Proposed_CL_CBC,0,0.03199999999992542
60.0,Proposed_CL_CBC,0,0.03299999999992309
60.0,Proposed_CL_CBC,0,0.03299999999992309
60.0,Proposed_CL_CBC,0,0.03399999999992076
60.0,Proposed_CL_CBC,0,0.03399999999992076
60.0,Proposed_CL_CBC,0,0.03499999999991843
60.0,Proposed_CL_CBC,0,0.03499999999991843
60.0,Proposed_CL_CBC,0,0.03799999999991144
60.0,Proposed_CL_CBC,0,0.03899999999990911
60.0,Proposed_CL_CBC,0,0.04799999999988813
60.0,Proposed_CL_CBC,0,0.04799999999988813
60.0,Proposed_CL_CBC,0,0.05299999999987648
60.0,Proposed_CL_CBC,0,0.05299999999987648
60.0,Proposed_CL_CBC,0,0.06299999999985317
60.0,Proposed_CL_CBC,0,0.06999999999983686
60.0,Proposed_CL_CBC,0,0.06999999999983686
60.0,Proposed_CL_CBC,0,0.06999999999983686
60.0,Proposed_CL_CBC,0,0.07699999999982055
60.0,Proposed_CL_CBC,0,0.07699999999982055
60.0,Proposed_CL_CBC,0,0.0849999999998019
60.0,Proposed_CL_CBC,0,0.08599999999979957
60.0,Proposed_CL_CBC,0,0.08699999999979724
60.0,Proposed_CL_CBC,0,0.08899999999979258
60.0,Proposed_CL_CBC,0,0.09599999999977626
60.0,Proposed_CL_CBC,0,0.0979999999997716
60.0,Proposed_CL_CBC,0,0.10699999999975063
60.0,Proposed_CL_CBC,0,0.11199999999973898
60.0,Proposed_CL_CBC,0,0.11399999999973431
60.0,Proposed_CL_CBC,0,0.12599999999970635
60.0,Proposed_CL_CBC,0,0.12899999999969936
60.0,Proposed_CL_CBC,0,0.13999999999967372
60.0,Proposed_CL_CBC,0,0.14199999999966906
60.0,Proposed_CL_CBC,0,0.1499999999996504
60.0,Proposed_CL_CBC,0,0.16099999999962478
60.0,Proposed_CL_CBC,0,0.1769999999995875
60.0,Proposed_CL_CBC,0,0.1769999999995875
60.0,Proposed_CL_CBC,0,0.1769999999995875
60.0,Proposed_CL_CBC,0,0.1769999999995875
60.0,Proposed_CL_CBC,0,0.1799999999995805
60.0,Proposed_CL_CBC,0,0.19199999999955253
60.0,Proposed_CL_CBC,0,2.1939999999948867
60.0,Proposed_CL_CBC,0,0.1959999999995432
60.0,Proposed_CL_CBC,0,0.1959999999995432
60.0,Proposed_CL_CBC,0,2.2059999999948587
60.0,Proposed_CL_CBC,0,2.2059999999948587
60.0,Proposed_CL_CBC,0,4.209999999990188
60.0,Proposed_CL_CBC,0,0.22299999999948028
60.0,Proposed_CL_CBC,0,0.22499999999947562
60.0,Proposed_CL_CBC,0,0.3049999999992892
60.0,Proposed_CL_CBC,0,2.307999999994621
60.0,Proposed_CL_CBC,0,0.3309999999992286
60.0,Proposed_CL_CBC,0,0.3309999999992286
60.0,Proposed_CL_CBC,0,0.356999999999168
60.0,Proposed_CL_CBC,0,0.35799999999916565
60.0,Proposed_CL_CBC,0,1.3769999999967908
60.0,Proposed_CL_CBC,0,1.3779999999967885
60.0,Proposed_CL_CBC,0,1.3779999999967885
60.0,Proposed_CL_CBC,0,1.3779999999967885
60.0,Proposed_CL_CBC,0,0.3789999999991167
60.0,Proposed_CL_CBC,0,0.3789999999991167
60.0,Proposed_CL_CBC,0,0.3789999999991167
60.0,Proposed_CL_CBC,0,0.3799999999991144
60.0,Proposed_CL_CBC,0,0.3799999999991144
60.0,Proposed_CL_CBC,0,0.38399999999910506
60.0,Proposed_CL_CBC,0,0.42399999999901183
60.0,Proposed_CL_CBC,0,1.436999999996651
60.0,Proposed_CL_CBC,0,1.442999999996637
60.0,Proposed_CL_CBC,0,1.442999999996637
60.0,Proposed_CL_CBC,0,1.442999999996637
60.0,Proposed_CL_CBC,0,1.4659999999965834
60.0,Proposed_CL_CBC,0,0.5089999999988137
60.0,Proposed_CL_CBC,0,0.5089999999988137
60.0,Proposed_CL_CBC,0,3.747999999991265
60.0,Proposed_CL_CBC,0,3.747999999991265
60.0,Proposed_CL_CBC,0,0.8219999999980843
60.0,Proposed_CL_CBC,0,0.8219999999980843
60.0,Proposed_CL_CBC,0,0.0009999999999976694
60.0,Proposed_CL_CBC,0,0.0009999999999976694
60.0,Proposed_CL_CBC,0,0.001999999999995339
60.0,Proposed_CL_CBC,0,0.0029999999999930083
60.0,Proposed_CL_CBC,0,0.0029999999999930083
60.0,Proposed_CL_CBC,0,0.0029999999999930083
60.0,Proposed_CL_CBC,0,0.004999999999988347
60.0,Proposed_CL_CBC,0,0.0059999999999860165
60.0,Proposed_CL_CBC,0,0.007999999999981355
60.0,Proposed_CL_CBC,0,0.008999999999979025
60.0,Proposed_CL_CBC,0,0.008999999999979025
60.0,Proposed_CL_CBC,0,0.008999999999979025
60.0,Proposed_CL_CBC,0,0.009999999999976694
60.0,Proposed_CL_CBC,0,0.011999999999972033
60.0,Proposed_CL_CBC,0,0.011999999999972033
60.0,Proposed_CL_CBC,0,0.011999999999972033
60.0,Proposed_CL_CBC,0,0.011999999999972033
60.0,Proposed_CL_CBC,0,0.012999999999969702
60.0,Proposed_CL_CBC,0,0.012999999999969702
60.0,Proposed_CL_CBC,0,0.012999999999969702
60.0,Proposed_CL_CBC,0,0.012999999999969702
60.0,Proposed_CL_CBC,0,0.012999999999969702
60.0,Proposed_CL_CBC,0,0.013999999999967372
60.0,Proposed_CL_CBC,0,0.013999999999967372
60.0,Proposed_CL_CBC,0,0.013999999999967372
60.0,Proposed_CL_CBC,0,0.013999999999967372
60.0,Proposed_CL_CBC,0,0.013999999999967372
60.0,Proposed_CL_CBC,0,0.014999999999965041
60.0,Proposed_CL_CBC,0,0.014999999999965041
60.0,Proposed_CL_CBC,0,0.014999999999965041
60.0,Proposed_CL_CBC,0,0.014999999999965041
60.0,Proposed_CL_CBC,0,0.01799999999995805
60.0,Proposed_CL_CBC,0,0.01899999999995572
60.0,Proposed_CL_CBC,0,0.01899999999995572
60.0,Proposed_CL_CBC,0,0.01899999999995572
60.0,Proposed_CL_CBC,0,0.020999999999951058
60.0,Proposed_CL_CBC,0,0.020999999999951058
60.0,Proposed_CL_CBC,0,0.021999999999948727
60.0,Proposed_CL_CBC,0,0.021999999999948727
60.0,Proposed_CL_CBC,0,0.021999999999948727
60.0,Proposed_CL_CBC,0,0.021999999999948727
60.0,Proposed_CL_CBC,0,0.022999999999946397
60.0,Proposed_CL_CBC,0,0.026999999999937074
60.0,Proposed_CL_CBC,0,0.027999999999934744
60.0,Proposed_CL_CBC,0,0.03199999999992542
60.0,Proposed_CL_CBC,0,0.03399999999992076
60.0,Proposed_CL_CBC,0,0.03499999999991843
60.0,Proposed_CL_CBC,0,0.043999999999897454
60.0,Proposed_CL_CBC,0,0.043999999999897454
60.0,Proposed_CL_CBC,0,0.043999999999897454
60.0,Proposed_CL_CBC,0,0.04699999999989046
60.0,Proposed_CL_CBC,0,0.04699999999989046
60.0,Proposed_CL_CBC,0,0.04699999999989046
60.0,Proposed_CL_CBC,0,0.05099999999988114
60.0,Proposed_CL_CBC,0,0.05299999999987648
60.0,Proposed_CL_CBC,0,0.05299999999987648
60.0,Proposed_CL_CBC,0,0.05699999999986716
60.0,Proposed_CL_CBC,0,0.05699999999986716
60.0,Proposed_CL_CBC,0,0.059999999999860165
60.0,Proposed_CL_CBC,0,0.059999999999860165
60.0,Proposed_CL_CBC,0,0.061999999999855504
60.0,Proposed_CL_CBC,0,0.06599999999984618
60.0,Proposed_CL_CBC,0,0.06799999999984152
60.0,Proposed_CL_CBC,0,0.06799999999984152
60.0,Proposed_CL_CBC,0,0.06899999999983919
60.0,Proposed_CL_CBC,0,0.06899999999983919
60.0,Proposed_CL_CBC,0,0.06899999999983919
60.0,Proposed_CL_CBC,0,0.07099999999983453
60.0,Proposed_CL_CBC,0,0.07599999999982288
60.0,Proposed_CL_CBC,0,0.07699999999982055
60.0,Proposed_CL_CBC,0,0.07899999999981588
60.0,Proposed_CL_CBC,0,0.08399999999980423
60.0,Proposed_CL_CBC,0,0.08799999999979491
60.0,Proposed_CL_CBC,0,0.09399999999978093
60.0,Proposed_CL_CBC,0,4.095999999990454
60.0,Proposed_CL_CBC,0,0.10199999999976228
60.0,Proposed_CL_CBC,0,0.10299999999975995
60.0,Proposed_CL_CBC,0,0.10299999999975995
60.0,Proposed_CL_CBC,0,0.10599999999975296
60.0,Proposed_CL_CBC,0,0.10599999999975296
60.0,Proposed_CL_CBC,0,0.11799999999972499
60.0,Proposed_CL_CBC,0,0.11799999999972499
60.0,Proposed_CL_CBC,0,0.12499999999970868
60.0,Proposed_CL_CBC,0,0.13299999999969003
60.0,Proposed_CL_CBC,0,0.13499999999968537
60.0,Proposed_CL_CBC,0,0.1469999999996574
60.0,Proposed_CL_CBC,0,0.14799999999965507
60.0,Proposed_CL_CBC,0,0.14899999999965274
60.0,Proposed_CL_CBC,0,0.15099999999964808
60.0,Proposed_CL_CBC,0,0.2159999999994966
60.0,Proposed_CL_CBC,0,0.2219999999994826
60.0,Proposed_CL_CBC,0,0.22499999999947562
60.0,Proposed_CL_CBC,0,0.22499999999947562
60.0,Proposed_CL_CBC,0,0.23999999999944066
60.0,Proposed_CL_CBC,0,0.24899999999941969
60.0,Proposed_CL_CBC,0,0.2639999999993847
60.0,Proposed_CL_CBC,0,0.2639999999993847
60.0,Proposed_CL_CBC,0,0.2689999999993731
60.0,Proposed_CL_CBC,0,0.2689999999993731
60.0,Proposed_CL_CBC,0,0.2689999999993731
60.0,Proposed_CL_CBC,0,0.2689999999993731
60.0,Proposed_CL_CBC,0,0.2809999999993451
60.0,Proposed_CL_CBC,0,0.2849999999993358
60.0,Proposed_CL_CBC,0,12.336999999971248
60.0,Proposed_CL_CBC,0,12.33999999997124
60.0,Proposed_CL_CBC,0,0.35499999999917264
60.0,Proposed_CL_CBC,0,0.359999999999161
60.0,Proposed_CL_CBC,0,0.36499999999914934
60.0,Proposed_CL_CBC,0,11.366999999973508
60.0,Proposed_CL_CBC,0,0.37099999999913535
60.0,Proposed_CL_CBC,0,0.3859999999991004
60.0,Proposed_CL_CBC,0,3.4219999999920248
60.0,Proposed_CL_CBC,0,0.44699999999895823
60.0,Proposed_CL_CBC,0,4.462999999989599
60.0,Proposed_CL_CBC,0,11.462999999973285
60.0,Proposed_CL_CBC,0,0.5129999999988044
60.0,Proposed_CL_CBC,0,4.527999999989447
60.0,Proposed_CL_CBC,0,3.6459999999915027
60.0,Proposed_CL_CBC,0,3.6459999999915027
60.0,Proposed_CL_CBC,0,11.707999999972714
60.0,Proposed_CL_CBC,0,0.8009999999981332
60.0,Proposed_CL_CBC,0,0.8049999999981239
60.0,Proposed_CL_CBC,0,0.8389999999980446
60.0,Proposed_CL_CBC,0,0.8679999999979771
60.0,Proposed_CL_CBC,0,3.9279999999908455
60.0,Proposed_CL_CBC,0,3.946999999990801
60.0,Proposed_CL_CBC,0,3.9769999999907313
60.0,Proposed_CL_CBC,0,3.9769999999907313
60.0,Proposed_CL_CBC,0,0.0009999999999976694
60.0,Proposed_CL_CBC,0,0.0009999999999976694
60.0,Proposed_CL_CBC,0,0.0029999999999930083
60.0,Proposed_CL_CBC,0,0.0029999999999930083
60.0,Proposed_CL_CBC,0,0.0029999999999930083
60.0,Proposed_CL_CBC,0,0.0029999999999930083
60.0,Proposed_CL_CBC,0,0.003999999999990678
60.0,Proposed_CL_CBC,0,0.003999999999990678
60.0,Proposed_CL_CBC,0,0.003999999999990678
60.0,Proposed_CL_CBC,0,0.0059999999999860165
60.0,Proposed_CL_CBC,0,0.006999999999983686
60.0,Proposed_CL_CBC,0,0.006999999999983686
60.0,Proposed_CL_CBC,0,0.006999999999983686
60.0,Proposed_CL_CBC,0,0.007999999999981355
60.0,Proposed_CL_CBC,0,0.007999999999981355
60.0,Proposed_CL_CBC,0,0.008999999999979025
60.0,Proposed_CL_CBC,0,0.009999999999976694
60.0,Proposed_CL_CBC,0,0.009999999999976694
60.0,Proposed_CL_CBC,0,0.011999999999972033
60.0,Proposed_CL_CBC,0,0.011999999999972033
60.0,Proposed_CL_CBC,0,0.011999999999972033
60.0,Proposed_CL_CBC,0,0.011999999999972033
60.0,Proposed_CL_CBC,0,0.013999999999967372
60.0,Proposed_CL_CBC,0,0.014999999999965041
60.0,Proposed_CL_CBC,0,0.014999999999965041
60.0,Proposed_CL_CBC,0,0.01999999999995339
60.0,Proposed_CL_CBC,0,0.020999999999951058
60.0,Proposed_CL_CBC,0,0.023999999999944066
60.0,Proposed_CL_CBC,0,0.024999999999941735
60.0,Proposed_CL_CBC,0,0.025999999999939405
60.0,Proposed_CL_CBC,0,0.025999999999939405
60.0,Proposed_CL_CBC,0,0.025999999999939405
60.0,Proposed_CL_CBC,0,0.025999999999939405
60.0,Proposed_CL_CBC,0,0.025999999999939405
60.0,Proposed_CL_CBC,0,0.025999999999939405
60.0,Proposed_CL_CBC,0,0.028999999999932413
60.0,Proposed_CL_CBC,0,0.03199999999992542
60.0,Proposed_CL_CBC,0,0.03199999999992542
60.0,Proposed_CL_CBC,0,0.03299999999992309
60.0,Proposed_CL_CBC,0,0.03399999999992076
60.0,Proposed_CL_CBC,0,0.03399999999992076
60.0,Proposed_CL_CBC,0,0.03499999999991843
60.0,Proposed_CL_CBC,0,0.0359999999999161
60.0,Proposed_CL_CBC,0,0.03799999999991144
60.0,Proposed_CL_CBC,0,0.03799999999991144
60.0,Proposed_CL_CBC,0,0.03899999999990911
60.0,Proposed_CL_CBC,0,0.03899999999990911
60.0,Proposed_CL_CBC,0,0.03899999999990911
60.0,Proposed_CL_CBC,0,0.042999999999899785
60.0,Proposed_CL_CBC,0,0.044999999999895124
60.0,Proposed_CL_CBC,0,0.0489999999998858
60.0,Proposed_CL_CBC,0,0.05599999999986949
60.0,Proposed_CL_CBC,0,0.05699999999986716
60.0,Proposed_CL_CBC,0,0.05699999999986716
60.0,Proposed_CL_CBC,0,0.061999999999855504
60.0,Proposed_CL_CBC,0,0.06299999999985317
60.0,Proposed_CL_CBC,0,0.06399999999985084
60.0,Proposed_CL_CBC,0,0.06999999999983686
60.0,Proposed_CL_CBC,0,0.07099999999983453
60.0,Proposed_CL_CBC,0,0.0749999999998252
60.0,Proposed_CL_CBC,0,0.07599999999982288
60.0,Proposed_CL_CBC,0,0.07599999999982288
60.0,Proposed_CL_CBC,0,0.07799999999981821
60.0,Proposed_CL_CBC,0,0.07799999999981821
60.0,Proposed_CL_CBC,0,0.07799999999981821
60.0,Proposed_CL_CBC,0,0.07799999999981821
60.0,Proposed_CL_CBC,0,0.08099999999981122
60.0,Proposed_CL_CBC,0,0.08099999999981122
60.0,Proposed_CL_CBC,0,0.08299999999980656
60.0,Proposed_CL_CBC,0,0.08399999999980423
60.0,Proposed_CL_CBC,0,0.08599999999979957
60.0,Proposed_CL_CBC,0,0.08599999999979957
60.0,Proposed_CL_CBC,0,0.08999999999979025
60.0,Proposed_CL_CBC,0,0.08999999999979025
60.0,Proposed_CL_CBC,0,0.09199999999978559
60.0,Proposed_CL_CBC,0,0.09399999999978093
60.0,Proposed_CL_CBC,0,0.0979999999997716
60.0,Proposed_CL_CBC,0,0.0979999999997716
60.0,Proposed_CL_CBC,0,0.09899999999976927
60.0,Proposed_CL_CBC,0,0.09999999999976694
60.0,Proposed_CL_CBC,0,0.10499999999975529
60.0,Proposed_CL_CBC,0,0.10999999999974364
60.0,Proposed_CL_CBC,0,0.10999999999974364
60.0,Proposed_CL_CBC,0,0.10999999999974364
60.0,Proposed_CL_CBC,0,0.1109999999997413
60.0,Proposed_CL_CBC,0,1.112999999997406
60.0,Proposed_CL_CBC,0,0.11599999999972965
60.0,Proposed_CL_CBC,0,0.11599999999972965
60.0,Proposed_CL_CBC,0,0.11599999999972965
60.0,Proposed_CL_CBC,0,0.11599999999972965
60.0,Proposed_CL_CBC,0,0.12199999999971567
60.0,Proposed_CL_CBC,0,0.12199999999971567
60.0,Proposed_CL_CBC,0,0.12299999999971334
60.0,Proposed_CL_CBC,0,0.12299999999971334
60.0,Proposed_CL_CBC,0,0.12899999999969936
60.0,Proposed_CL_CBC,0,0.12899999999969936
60.0,Proposed_CL_CBC,0,0.12999999999969702
60.0,Proposed_CL_CBC,0,0.1309999999996947
60.0,Proposed_CL_CBC,0,0.13199999999969236
60.0,Proposed_CL_CBC,0,1.1619999999972919
60.0,Proposed_CL_CBC,0,0.16299999999962012
60.0,Proposed_CL_CBC,0,0.19199999999955253
60.0,Proposed_CL_CBC,0,0.25399999999940803
60.0,Proposed_CL_CBC,0,0.25399999999940803
60.0,Proposed_CL_CBC,0,0.34799999999918896
60.0,Proposed_CL_CBC,0,0.34799999999918896
60.0,Proposed_CL_CBC,0,0.36499999999914934
60.0,Proposed_CL_CBC,0,0.5239999999987788
60.0,Proposed_CL_CBC,0,0.5239999999987788
60.0,Proposed_CL_CBC,0,0.5279999999987695
60.0,Proposed_CL_CBC,0,0.60499999999859
60.0,Proposed_CL_CBC,0,0.6399999999985084
60.0,Proposed_CL_CBC,0,0.6399999999985084
60.0,Proposed_CL_CBC,0,0.6399999999985084
60.0,Proposed_CL_CBC,0,0.7419999999982707
60.0,Proposed_CL_CBC,0,0.855999999998005
60.0,Proposed_CL_CBC,0,0.8909999999979235
60.0,Proposed_CL_CBC,0,0.0009999999999976694
60.0,Proposed_CL_CBC,0,0.0009999999999976694
60.0,Proposed_CL_CBC,0,0.0009999999999976694
60.0,Proposed_CL_CBC,0,0.001999999999995339
60.0,Proposed_CL_CBC,0,0.001999999999995339
60.0,Proposed_CL_CBC,0,0.001999999999995339
60.0,Proposed_CL_CBC,0,0.001999999999995339
60.0,Proposed_CL_CBC,0,0.0029999999999930083
60.0,Proposed_CL_CBC,0,0.003999999999990678
60.0,Proposed_CL_CBC,0,0.003999999999990678
60.0,Proposed_CL_CBC,0,0.003999999999990678
60.0,Proposed_CL_CBC,0,0.004999999999988347
60.0,Proposed_CL_CBC,0,0.004999999999988347
60.0,Proposed_CL_CBC,0,0.0059999999999860165
60.0,Proposed_CL_CBC,0,0.0059999999999860165
60.0,Proposed_CL_CBC,0,0.006999999999983686
60.0,Proposed_CL_CBC,0,0.006999999999983686
60.0,Proposed_CL_CBC,0,0.006999999999983686
60.0,Proposed_CL_CBC,0,0.006999999999983686
60.0,Proposed_CL_CBC,0,0.006999999999983686
60.0,Proposed_CL_CBC,0,0.006999999999983686
60.0,Proposed_CL_CBC,0,0.007999999999981355
60.0,Proposed_CL_CBC,0,0.008999999999979025
60.0,Proposed_CL_CBC,0,0.008999999999979025
60.0,Proposed_CL_CBC,0,0.009999999999976694
60.0,Proposed_CL_CBC,0,0.010999999999974364
60.0,Proposed_CL_CBC,0,0.010999999999974364
60.0,Proposed_CL_CBC,0,0.010999999999974364
60.0,Proposed_CL_CBC,0,0.010999999999974364
60.0,Proposed_CL_CBC,0,0.010999999999974364
60.0,Proposed_CL_CBC,0,0.010999999999974364
60.0,Proposed_CL_CBC,0,0.012999999999969702
60.0,Proposed_CL_CBC,0,0.012999999999969702
60.0,Proposed_CL_CBC,0,0.014999999999965041
60.0,Proposed_CL_CBC,0,0.014999999999965041
60.0,Proposed_CL_CBC,0,0.01599999999996271
60.0,Proposed_CL_CBC,0,0.01599999999996271
60.0,Proposed_CL_CBC,0,0.01699999999996038
60.0,Proposed_CL_CBC,0,0.01899999999995572
60.0,Proposed_CL_CBC,0,0.01999999999995339
60.0,Proposed_CL_CBC,0,0.022999999999946397
60.0,Proposed_CL_CBC,0,0.022999999999946397
60.0,Proposed_CL_CBC,0,0.025999999999939405
60.0,Proposed_CL_CBC,0,0.027999999999934744
60.0,Proposed_CL_CBC,0,0.029999999999930083
60.0,Proposed_CL_CBC,0,0.030999999999927752
60.0,Proposed_CL_CBC,0,0.03199999999992542
60.0,Proposed_CL_CBC,0,0.03799999999991144
60.0,Proposed_CL_CBC,0,0.040999999999904446
60.0,Proposed_CL_CBC,0,0.041999999999902116
60.0,Proposed_CL_CBC,0,0.041999999999902116
60.0,Proposed_CL_CBC,0,0.044999999999895124
60.0,Proposed_CL_CBC,0,0.044999999999895124
60.0,Proposed_CL_CBC,0,0.04599999999989279
60.0,Proposed_CL_CBC,0,0.04599999999989279
60.0,Proposed_CL_CBC,0,0.04799999999988813
60.0,Proposed_CL_CBC,0,0.04999999999988347
60.0,Proposed_CL_CBC,0,0.05699999999986716
60.0,Proposed_CL_CBC,0,0.05699999999986716
60.0,Proposed_CL_CBC,0,0.05699999999986716
60.0,Proposed_CL_CBC,0,0.05699999999986716
60.0,Proposed_CL_CBC,0,0.058999999999862496
60.0,Proposed_CL_CBC,0,12.06099999997189
60.0,Proposed_CL_CBC,0,0.061999999999855504
60.0,Proposed_CL_CBC,0,0.061999999999855504
60.0,Proposed_CL_CBC,0,0.06399999999985084
60.0,Proposed_CL_CBC,0,0.06399999999985084
60.0,Proposed_CL_CBC,0,0.06699999999984385
60.0,Proposed_CL_CBC,0,0.07299999999982987
60.0,Proposed_CL_CBC,0,0.07299999999982987
60.0,Proposed_CL_CBC,0,0.07299999999982987
60.0,Proposed_CL_CBC,0,0.07299999999982987
60.0,Proposed_CL_CBC,0,0.07299999999982987
60.0,Proposed_CL_CBC,0,0.07299999999982987
60.0,Proposed_CL_CBC,0,0.0749999999998252
60.0,Proposed_CL_CBC,0,0.07699999999982055
60.0,Proposed_CL_CBC,0,0.07699999999982055
60.0,Proposed_CL_CBC,0,0.07699999999982055
60.0,Proposed_CL_CBC,0,0.07799999999981821
60.0,Proposed_CL_CBC,0,0.07799999999981821
60.0,Proposed_CL_CBC,0,0.07799999999981821
60.0,Proposed_CL_CBC,0,0.07799999999981821
60.0,Proposed_CL_CBC,0,0.08099999999981122
60.0,Proposed_CL_CBC,0,0.08099999999981122
60.0,Proposed_CL_CBC,0,0.08199999999980889
60.0,Proposed_CL_CBC,0,0.08199999999980889
60.0,Proposed_CL_CBC,0,0.09899999999976927
60.0,Proposed_CL_CBC,0,0.1079999999997483
60.0,Proposed_CL_CBC,0,0.1079999999997483
60.0,Proposed_CL_CBC,0,0.10899999999974597
60.0,Proposed_CL_CBC,0,0.13199999999969236
60.0,Proposed_CL_CBC,0,0.14599999999965974
60.0,Proposed_CL_CBC,0,0.1469999999996574
60.0,Proposed_CL_CBC,0,0.1469999999996574
60.0,Proposed_CL_CBC,0,0.1469999999996574
60.0,Proposed_CL_CBC,0,0.14899999999965274
60.0,Proposed_CL_CBC,0,0.15599999999963643
60.0,Proposed_CL_CBC,0,0.15599999999963643
60.0,Proposed_CL_CBC,0,0.17199999999959914
60.0,Proposed_CL_CBC,0,0.17799999999958516
60.0,Proposed_CL_CBC,0,0.17799999999958516
60.0,Proposed_CL_CBC,0,0.1799999999995805
60.0,Proposed_CL_CBC,0,0.20999999999951058
60.0,Proposed_CL_CBC,0,0.2189999999994896
60.0,Proposed_CL_CBC,0,0.31499999999926587
60.0,Proposed_CL_CBC,0,0.40399999999905845
60.0,Proposed_CL_CBC,0,0.40399999999905845
60.0,Proposed_CL_CBC,0,0.41699999999902815
60.0,Proposed_CL_CBC,0,6.442999999984984
60.0,Proposed_CL_CBC,0,0.4609999999989256
60.0,Proposed_CL_CBC,0,0.4609999999989256
60.0,Proposed_CL_CBC,0,12.591999999970653
60.0,Proposed_CL_CBC,0,12.591999999970653
60.0,Proposed_CL_CBC,0,5.638999999986858
60.0,Proposed_CL_CBC,0,0.0009999999999976694
60.0,Proposed_CL_CBC,0,0.0009999999999976694
60.0,Proposed_CL_CBC,0,0.001999999999995339
60.0,Proposed_CL_CBC,0,0.001999999999995339
60.0,Proposed_CL_CBC,0,0.001999999999995339
60.0,Proposed_CL_CBC,0,0.0029999999999930083
60.0,Proposed_CL_CBC,0,0.0029999999999930083
60.0,Proposed_CL_CBC,0,0.0029999999999930083
60.0,Proposed_CL_CBC,0,0.0029999999999930083
60.0,Proposed_CL_CBC,0,0.0029999999999930083
60.0,Proposed_CL_CBC,0,0.0029999999999930083
60.0,Proposed_CL_CBC,0,0.003999999999990678
60.0,Proposed_CL_CBC,0,0.003999999999990678
60.0,Proposed_CL_CBC,0,0.004999999999988347
60.0,Proposed_CL_CBC,0,0.004999999999988347
60.0,Proposed_CL_CBC,0,0.004999999999988347
60.0,Proposed_CL_CBC,0,0.004999999999988347
60.0,Proposed_CL_CBC,0,0.004999999999988347
60.0,Proposed_CL_CBC,0,0.004999999999988347
60.0,Proposed_CL_CBC,0,0.0059999999999860165
60.0,Proposed_CL_CBC,0,0.0059999999999860165
60.0,Proposed_CL_CBC,0,0.006999999999983686
60.0,Proposed_CL_CBC,0,0.006999999999983686
60.0,Proposed_CL_CBC,0,0.008999999999979025
60.0,Proposed_CL_CBC,0,0.009999999999976694
60.0,Proposed_CL_CBC,0,0.009999999999976694
60.0,Proposed_CL_CBC,0,0.009999999999976694
60.0,Proposed_CL_CBC,0,0.010999999999974364
60.0,Proposed_CL_CBC,0,0.010999999999974364
60.0,Proposed_CL_CBC,0,0.011999999999972033
60.0,Proposed_CL_CBC,0,0.011999999999972033
60.0,Proposed_CL_CBC,0,0.011999999999972033
60.0,Proposed_CL_CBC,0,0.011999999999972033
60.0,Proposed_CL_CBC,0,0.012999999999969702
60.0,Proposed_CL_CBC,0,0.01699999999996038
60.0,Proposed_CL_CBC,0,0.01799999999995805
60.0,Proposed_CL_CBC,0,0.01799999999995805
60.0,Proposed_CL_CBC,0,0.01799999999995805
60.0,Proposed_CL_CBC,0,0.01899999999995572
60.0,Proposed_CL_CBC,0,0.01999999999995339
60.0,Proposed_CL_CBC,0,0.01999999999995339
60.0,Proposed_CL_CBC,0,0.021999999999948727
60.0,Proposed_CL_CBC,0,0.021999999999948727
60.0,Proposed_CL_CBC,0,0.021999999999948727
60.0,Proposed_CL_CBC,0,0.022999999999946397
60.0,Proposed_CL_CBC,0,0.022999999999946397
60.0,Proposed_CL_CBC,0,0.022999999999946397
60.0,Proposed_CL_CBC,0,0.022999999999946397
60.0,Proposed_CL_CBC,0,0.023999999999944066
60.0,Proposed_CL_CBC,0,0.027999999999934744
60.0,Proposed_CL_CBC,0,0.027999999999934744
60.0,Proposed_CL_CBC,0,0.030999999999927752
60.0,Proposed_CL_CBC,0,0.030999999999927752
60.0,Proposed_CL_CBC,0,0.03199999999992542
60.0,Proposed_CL_CBC,0,0.03199999999992542
60.0,Proposed_CL_CBC,0,13.033999999969623
60.0,Proposed_CL_CBC,0,0.03399999999992076
60.0,Proposed_CL_CBC,0,0.03399999999992076
60.0,Proposed_CL_CBC,0,0.0359999999999161
60.0,Proposed_CL_CBC,0,0.03899999999990911
60.0,Proposed_CL_CBC,0,0.03899999999990911
60.0,Proposed_CL_CBC,0,0.03899999999990911
60.0,Proposed_CL_CBC,0,1.058999999997532
60.0,Proposed_CL_CBC,0,0.07299999999982987
60.0,Proposed_CL_CBC,0,0.08899999999979258
60.0,Proposed_CL_CBC,0,0.08999999999979025
60.0,Proposed_CL_CBC,0,0.09099999999978792
60.0,Proposed_CL_CBC,0,0.09699999999977393
60.0,Proposed_CL_CBC,0,0.09699999999977393
60.0,Proposed_CL_CBC,0,0.09899999999976927
60.0,Proposed_CL_CBC,0,0.10199999999976228
60.0,Proposed_CL_CBC,0,0.13499999999968537
60.0,Proposed_CL_CBC,0,0.1699999999996038
60.0,Proposed_CL_CBC,0,0.17499999999959215
60.0,Proposed_CL_CBC,0,1.17999999999725
60.0,Proposed_CL_CBC,0,1.17999999999725
60.0,Proposed_CL_CBC,0,0.2189999999994896
60.0,Proposed_CL_CBC,0,0.2189999999994896
60.0,Proposed_CL_CBC,0,0.21999999999948727
60.0,Proposed_CL_CBC,0,0.21999999999948727
60.0,Proposed_CL_CBC,0,0.2619999999993894
60.0,Proposed_CL_CBC,0,13.268999999969076
60.0,Proposed_CL_CBC,0,13.268999999969076
60.0,Proposed_CL_CBC,0,0.26999999999937074
60.0,Proposed_CL_CBC,0,0.2749999999993591
60.0,Proposed_CL_CBC,0,0.2749999999993591
60.0,Proposed_CL_CBC,0,13.28399999996904
60.0,Proposed_CL_CBC,0,13.28399999996904
60.0,Proposed_CL_CBC,0,6.327999999985252
60.0,Proposed_CL_CBC,0,1.4839999999965414
60.0,Proposed_CL_CBC,0,1.490999999996525
60.0,Proposed_CL_CBC,0,1.490999999996525
60.0,Proposed_CL_CBC,0,13.627999999968239
60.0,Proposed_CL_CBC,0,0.6629999999984548
60.0,Proposed_CL_CBC,0,0.6629999999984548
60.0,Proposed_CL_CBC,0,1.663999999996122
60.0,Proposed_CL_CBC,0,0.7279999999983033
60.0,Proposed_CL_CBC,0,0.7589999999982311
60.0,Proposed_CL_CBC,0,6.793999999984166
60.0,Proposed_CL_CBC,0,5.793999999986497
60.0,Proposed_CL_CBC,0,12.815999999970131
60.0,Proposed_CL_CBC,0,0.8799999999979491
60.0,Proposed_CL_CBC,0,0.0009999999999976694
60.0,Proposed_CL_CBC,0,0.001999999999995339
60.0,Proposed_CL_CBC,0,0.001999999999995339
60.0,Proposed_CL_CBC,0,0.0029999999999930083
60.0,Proposed_CL_CBC,0,0.003999999999990678
60.0,Proposed_CL_CBC,0,0.004999999999988347
60.0,Proposed_CL_CBC,0,0.006999999999983686
60.0,Proposed_CL_CBC,0,0.008999999999979025
60.0,Proposed_CL_CBC,0,0.009999999999976694
60.0,Proposed_CL_CBC,0,0.009999999999976694
60.0,Proposed_CL_CBC,0,0.010999999999974364
60.0,Proposed_CL_CBC,0,0.010999999999974364
60.0,Proposed_CL_CBC,0,0.012999999999969702
60.0,Proposed_CL_CBC,0,1.0139999999976368
60.0,Proposed_CL_CBC,0,0.014999999999965041
60.0,Proposed_CL_CBC,0,0.01599999999996271
60.0,Proposed_CL_CBC,0,0.01599999999996271
60.0,Proposed_CL_CBC,0,0.01699999999996038
60.0,Proposed_CL_CBC,0,0.01699999999996038
60.0,Proposed_CL_CBC,0,0.01799999999995805
60.0,Proposed_CL_CBC,0,0.01799999999995805
60.0,Proposed_CL_CBC,0,0.01799999999995805
60.0,Proposed_CL_CBC,0,0.01899999999995572
60.0,Proposed_CL_CBC,0,0.01899999999995572
60.0,Proposed_CL_CBC,0,0.01899999999995572
60.0,Proposed_CL_CBC,0,0.01899999999995572
60.0,Proposed_CL_CBC,0,0.01999999999995339
60.0,Proposed_CL_CBC,0,0.01999999999995339
60.0,Proposed_CL_CBC,0,0.021999999999948727
60.0,Proposed_CL_CBC,0,0.021999999999948727
60.0,Proposed_CL_CBC,0,0.021999999999948727
60.0,Proposed_CL_CBC,0,0.022999999999946397
60.0,Proposed_CL_CBC,0,0.022999999999946397
60.0,Proposed_CL_CBC,0,0.023999999999944066
60.0,Proposed_CL_CBC,0,0.023999999999944066
60.0,Proposed_CL_CBC,0,1.0249999999976112
60.0,Proposed_CL_CBC,0,0.027999999999934744
60.0,Proposed_CL_CBC,0,0.027999999999934744
60.0,Proposed_CL_CBC,0,0.028999999999932413
60.0,Proposed_CL_CBC,0,0.028999999999932413
60.0,Proposed_CL_CBC,0,1.0309999999975972
60.0,Proposed_CL_CBC,0,0.030999999999927752
60.0,Proposed_CL_CBC,0,0.03399999999992076
60.0,Proposed_CL_CBC,0,0.03499999999991843
60.0,Proposed_CL_CBC,0,0.03499999999991843
60.0,Proposed_CL_CBC,0,0.0359999999999161
60.0,Proposed_CL_CBC,0,0.0359999999999161
60.0,Proposed_CL_CBC,0,0.03699999999991377
60.0,Proposed_CL_CBC,0,0.03699999999991377
60.0,Proposed_CL_CBC,0,0.03799999999991144
60.0,Proposed_CL_CBC,0,0.03999999999990678
60.0,Proposed_CL_CBC,0,0.040999999999904446
60.0,Proposed_CL_CBC,0,0.040999999999904446
60.0,Proposed_CL_CBC,0,0.041999999999902116
60.0,Proposed_CL_CBC,0,0.041999999999902116
60.0,Proposed_CL_CBC,0,0.042999999999899785
60.0,Proposed_CL_CBC,0,0.044999999999895124
60.0,Proposed_CL_CBC,0,0.04699999999989046
60.0,Proposed_CL_CBC,0,0.04699999999989046
60.0,Proposed_CL_CBC,0,0.04699999999989046
60.0,Proposed_CL_CBC,0,0.04699999999989046
60.0,Proposed_CL_CBC,0,0.04699999999989046
60.0,Proposed_CL_CBC,0,0.0489999999998858
60.0,Proposed_CL_CBC,0,0.04999999999988347
60.0,Proposed_CL_CBC,0,0.04999999999988347
60.0,Proposed_CL_CBC,0,0.05199999999987881
60.0,Proposed_CL_CBC,0,0.05399999999987415
60.0,Proposed_CL_CBC,0,0.05399999999987415
60.0,Proposed_CL_CBC,0,0.05599999999986949
60.0,Proposed_CL_CBC,0,0.05699999999986716
60.0,Proposed_CL_CBC,0,0.057999999999864826
60.0,Proposed_CL_CBC,0,0.061999999999855504
60.0,Proposed_CL_CBC,0,0.06499999999984851
60.0,Proposed_CL_CBC,0,0.06799999999984152
60.0,Proposed_CL_CBC,0,0.06899999999983919
60.0,Proposed_CL_CBC,0,0.07299999999982987
60.0,Proposed_CL_CBC,0,0.07899999999981588
60.0,Proposed_CL_CBC,0,0.10699999999975063
60.0,Proposed_CL_CBC,0,0.11699999999972732
60.0,Proposed_CL_CBC,0,13.122999999969416
60.0,Proposed_CL_CBC,0,0.12399999999971101
60.0,Proposed_CL_CBC,0,0.16099999999962478
60.0,Proposed_CL_CBC,0,0.16099999999962478
60.0,Proposed_CL_CBC,0,0.16099999999962478
60.0,Proposed_CL_CBC,0,0.17899999999958283
60.0,Proposed_CL_CBC,0,0.26599999999938007
60.0,Proposed_CL_CBC,0,0.27299999999936375
60.0,Proposed_CL_CBC,0,0.28899999999932646
60.0,Proposed_CL_CBC,0,8.316999999980617
60.0,Proposed_CL_CBC,0,0.7939999999981495
60.0,Proposed_CL_CBC,0,13.903999999967596
60.0,Proposed_CL_CBC,0,13.967999999967446
60.0,Proposed_CL_CBC,0,0.0009999999999976694
60.0,Proposed_CL_CBC,0,0.001999999999995339
60.0,Proposed_CL_CBC,0,0.001999999999995339
60.0,Proposed_CL_CBC,0,0.0029999999999930083
60.0,Proposed_CL_CBC,0,0.0029999999999930083
60.0,Proposed_CL_CBC,0,0.003999999999990678
60.0,Proposed_CL_CBC,0,0.004999999999988347
60.0,Proposed_CL_CBC,0,0.004999999999988347
60.0,Proposed_CL_CBC,0,0.0059999999999860165
60.0,Proposed_CL_CBC,0,0.0059999999999860165
60.0,Proposed_CL_CBC,0,0.0059999999999860165
60.0,Proposed_CL_CBC,0,0.007999999999981355
60.0,Proposed_CL_CBC,0,0.007999999999981355
60.0,Proposed_CL_CBC,0,0.007999999999981355
60.0,Proposed_CL_CBC,0,0.009999999999976694
60.0,Proposed_CL_CBC,0,0.009999999999976694
60.0,Proposed_CL_CBC,0,0.009999999999976694
60.0,Proposed_CL_CBC,0,0.011999999999972033
60.0,Proposed_CL_CBC,0,0.012999999999969702
60.0,Proposed_CL_CBC,0,0.013999999999967372
60.0,Proposed_CL_CBC,0,0.013999999999967372
60.0,Proposed_CL_CBC,0,0.013999999999967372
60.0,Proposed_CL_CBC,0,0.013999999999967372
60.0,Proposed_CL_CBC,0,0.014999999999965041
60.0,Proposed_CL_CBC,0,0.014999999999965041
60.0,Proposed_CL_CBC,0,0.01599999999996271
60.0,Proposed_CL_CBC,0,0.01699999999996038
60.0,Proposed_CL_CBC,0,0.01699999999996038
60.0,Proposed_CL_CBC,0,0.01799999999995805
60.0,Proposed_CL_CBC,0,0.01799999999995805
60.0,Proposed_CL_CBC,0,0.01799999999995805
60.0,Proposed_CL_CBC,0,0.01899999999995572
60.0,Proposed_CL_CBC,0,0.01899999999995572
60.0,Proposed_CL_CBC,0,0.01899999999995572
60.0,Proposed_CL_CBC,0,0.020999999999951058
60.0,Proposed_CL_CBC,0,0.020999999999951058
60.0,Proposed_CL_CBC,0,0.020999999999951058
60.0,Proposed_CL_CBC,0,0.020999999999951058
60.0,Proposed_CL_CBC,0,0.020999999999951058
60.0,Proposed_CL_CBC,0,0.022999999999946397
60.0,Proposed_CL_CBC,0,0.022999999999946397
60.0,Proposed_CL_CBC,0,0.022999999999946397
60.0,Proposed_CL_CBC,0,0.024999999999941735
60.0,Proposed_CL_CBC,0,0.025999999999939405
60.0,Proposed_CL_CBC,0,0.025999999999939405
60.0,Proposed_CL_CBC,0,0.025999999999939405
60.0,Proposed_CL_CBC,0,0.026999999999937074
60.0,Proposed_CL_CBC,0,0.026999999999937074
60.0,Proposed_CL_CBC,0,0.028999999999932413
60.0,Proposed_CL_CBC,0,0.029999999999930083
60.0,Proposed_CL_CBC,0,0.029999999999930083
60.0,Proposed_CL_CBC,0,0.03199999999992542
60.0,Proposed_CL_CBC,0,0.03299999999992309
60.0,Proposed_CL_CBC,0,0.03299999999992309
60.0,Proposed_CL_CBC,0,0.03399999999992076
60.0,Proposed_CL_CBC,0,0.03499999999991843
60.0,Proposed_CL_CBC,0,0.03499999999991843
60.0,Proposed_CL_CBC,0,0.03799999999991144
60.0,Proposed_CL_CBC,0,0.03799999999991144
60.0,Proposed_CL_CBC,0,0.03899999999990911
60.0,Proposed_CL_CBC,0,0.042999999999899785
60.0,Proposed_CL_CBC,0,0.042999999999899785
60.0,Proposed_CL_CBC,0,0.043999999999897454
60.0,Proposed_CL_CBC,0,0.043999999999897454
60.0,Proposed_CL_CBC,0,0.044999999999895124
60.0,Proposed_CL_CBC,0,0.044999999999895124
60.0,Proposed_CL_CBC,0,0.044999999999895124
60.0,Proposed_CL_CBC,0,0.04599999999989279
60.0,Proposed_CL_CBC,0,0.0489999999998858
60.0,Proposed_CL_CBC,0,0.0489999999998858
60.0,Proposed_CL_CBC,0,0.0489999999998858
60.0,Proposed_CL_CBC,0,0.04999999999988347
60.0,Proposed_CL_CBC,0,0.05199999999987881
60.0,Proposed_CL_CBC,0,0.05599999999986949
60.0,Proposed_CL_CBC,0,0.057999999999864826
60.0,Proposed_CL_CBC,0,0.058999999999862496
60.0,Proposed_CL_CBC,0,0.060999999999857835
60.0,Proposed_CL_CBC,0,0.060999999999857835
60.0,Proposed_CL_CBC,0,0.06299999999985317
60.0,Proposed_CL_CBC,0,0.06299999999985317
60.0,Proposed_CL_CBC,0,0.06799999999984152
60.0,Proposed_CL_CBC,0,0.06999999999983686
60.0,Proposed_CL_CBC,0,0.07699999999982055
60.0,Proposed_CL_CBC,0,0.07799999999981821
60.0,Proposed_CL_CBC,0,0.09399999999978093
60.0,Proposed_CL_CBC,0,0.09399999999978093
60.0,Proposed_CL_CBC,0,0.1469999999996574
60.0,Proposed_CL_CBC,0,0.17799999999958516
60.0,Proposed_CL_CBC,0,0.17799999999958516
60.0,Proposed_CL_CBC,0,0.18399999999957117
60.0,Proposed_CL_CBC,0,7.183999999983257
60.0,Proposed_CL_CBC,0,0.19699999999954088
60.0,Proposed_CL_CBC,0,0.21799999999949193
60.0,Proposed_CL_CBC,0,0.21799999999949193
60.0,Proposed_CL_CBC,0,1.2319999999971287
60.0,Proposed_CL_CBC,0,0.25599999999940337
60.0,Proposed_CL_CBC,0,0.25699999999940104
60.0,Proposed_CL_CBC,0,0.25699999999940104
60.0,Proposed_CL_CBC,0,6.264999999985399
60.0,Proposed_CL_CBC,0,0.2749999999993591
60.0,Proposed_CL_CBC,0,1.2909999999969912
60.0,Proposed_CL_CBC,0,1.2909999999969912
60.0,Proposed_CL_CBC,0,0.30299999999929383
60.0,Proposed_CL_CBC,0,0.3039999999992915
60.0,Proposed_CL_CBC,0,0.30599999999928684
60.0,Proposed_CL_CBC,0,0.3109999999992752
60.0,Proposed_CL_CBC,0,0.33199999999922625
60.0,Proposed_CL_CBC,0,0.3399999999992076
60.0,Proposed_CL_CBC,0,14.348999999966559
60.0,Proposed_CL_CBC,0,1.351999999996849
60.0,Proposed_CL_CBC,0,0.35199999999917964
60.0,Proposed_CL_CBC,0,0.42999999999899785
60.0,Proposed_CL_CBC,0,0.4479999999989559
60.0,Proposed_CL_CBC,0,0.5349999999987531
60.0,Proposed_CL_CBC,0,0.5409999999987392
60.0,Proposed_CL_CBC,0,0.5639999999986856
60.0,Proposed_CL_CBC,0,0.6129999999985714
60.0,Proposed_CL_CBC,0,0.6189999999985574
60.0,Proposed_CL_CBC,0,0.6419999999985038
60.0,Proposed_CL_CBC,0,9.728999999977326
60.0,Proposed_CL_CBC,0,6.793999999984166
60.0,Proposed_CL_CBC,0,0.7949999999981472
60.0,Proposed_CL_CBC,0,0.8339999999980563
60.0,Proposed_CL_CBC,0,0.001999999999995339
60.0,Proposed_CL_CBC,0,0.001999999999995339
60.0,Proposed_CL_CBC,0,0.003999999999990678
60.0,Proposed_CL_CBC,0,0.003999999999990678
60.0,Proposed_CL_CBC,0,0.003999999999990678
60.0,Proposed_CL_CBC,0,0.004999999999988347
60.0,Proposed_CL_CBC,0,0.004999999999988347
60.0,Proposed_CL_CBC,0,0.004999999999988347
60.0,Proposed_CL_CBC,0,0.004999999999988347
60.0,Proposed_CL_CBC,0,0.0059999999999860165
60.0,Proposed_CL_CBC,0,0.0059999999999860165
60.0,Proposed_CL_CBC,0,0.0059999999999860165
60.0,Proposed_CL_CBC,0,0.006999999999983686
60.0,Proposed_CL_CBC,0,0.006999999999983686
60.0,Proposed_CL_CBC,0,0.006999999999983686
60.0,Proposed_CL_CBC,0,0.007999999999981355
60.0,Proposed_CL_CBC,0,0.007999999999981355
60.0,Proposed_CL_CBC,0,0.007999999999981355
60.0,Proposed_CL_CBC,0,0.008999999999979025
60.0,Proposed_CL_CBC,0,0.008999999999979025
60.0,Proposed_CL_CBC,0,0.008999999999979025
60.0,Proposed_CL_CBC,0,0.008999999999979025
60.0,Proposed_CL_CBC,0,0.011999999999972033
60.0,Proposed_CL_CBC,0,0.01599999999996271
60.0,Proposed_CL_CBC,0,0.01699999999996038
60.0,Proposed_CL_CBC,0,0.01699999999996038
60.0,Proposed_CL_CBC,0,0.020999999999951058
60.0,Proposed_CL_CBC,0,0.021999999999948727
60.0,Proposed_CL_CBC,0,0.027999999999934744
60.0,Proposed_CL_CBC,0,0.028999999999932413
60.0,Proposed_CL_CBC,0,0.028999999999932413
60.0,Proposed_CL_CBC,0,0.03199999999992542
60.0,Proposed_CL_CBC,0,0.03199999999992542
60.0,Proposed_CL_CBC,0,0.03499999999991843
60.0,Proposed_CL_CBC,0,0.03499999999991843
60.0,Proposed_CL_CBC,0,0.03699999999991377
60.0,Proposed_CL_CBC,0,0.03899999999990911
60.0,Proposed_CL_CBC,0,0.042999999999899785
60.0,Proposed_CL_CBC,0,0.044999999999895124
60.0,Proposed_CL_CBC,0,0.044999999999895124
60.0,Proposed_CL_CBC,0,0.044999999999895124
60.0,Proposed_CL_CBC,0,0.044999999999895124
60.0,Proposed_CL_CBC,0,0.044999999999895124
60.0,Proposed_CL_CBC,0,0.044999999999895124
60.0,Proposed_CL_CBC,0,0.04599999999989279
60.0,Proposed_CL_CBC,0,0.04999999999988347
60.0,Proposed_CL_CBC,0,0.04999999999988347
60.0,Proposed_CL_CBC,0,0.06299999999985317
60.0,Proposed_CL_CBC,0,0.06299999999985317
60.0,Proposed_CL_CBC,0,0.06899999999983919
60.0,Proposed_CL_CBC,0,0.06999999999983686
60.0,Proposed_CL_CBC,0,0.07699999999982055
60.0,Proposed_CL_CBC,0,1.0899999999974597
60.0,Proposed_CL_CBC,0,10.089999999976484
60.0,Proposed_CL_CBC,0,0.09199999999978559
60.0,Proposed_CL_CBC,0,0.11499999999973198
60.0,Proposed_CL_CBC,0,0.11499999999973198
60.0,Proposed_CL_CBC,0,0.11499999999973198
60.0,Proposed_CL_CBC,0,0.11499999999973198
60.0,Proposed_CL_CBC,0,0.11499999999973198
60.0,Proposed_CL_CBC,0,0.11799999999972499
60.0,Proposed_CL_CBC,0,0.11999999999972033
60.0,Proposed_CL_CBC,0,0.11999999999972033
60.0,Proposed_CL_CBC,0,0.11999999999972033
60.0,Proposed_CL_CBC,0,0.12199999999971567
60.0,Proposed_CL_CBC,0,0.12399999999971101
60.0,Proposed_CL_CBC,0,0.13199999999969236
60.0,Proposed_CL_CBC,0,0.13199999999969236
60.0,Proposed_CL_CBC,0,0.13199999999969236
60.0,Proposed_CL_CBC,0,0.13199999999969236
60.0,Proposed_CL_CBC,0,0.14599999999965974
60.0,Proposed_CL_CBC,0,0.14599999999965974
60.0,Proposed_CL_CBC,0,0.14599999999965974
60.0,Proposed_CL_CBC,0,0.1599999999996271
60.0,Proposed_CL_CBC,0,0.1599999999996271
60.0,Proposed_CL_CBC,0,0.17199999999959914
60.0,Proposed_CL_CBC,0,0.17599999999958982
60.0,Proposed_CL_CBC,0,0.1929999999995502
60.0,Proposed_CL_CBC,0,0.19899999999953621
60.0,Proposed_CL_CBC,0,0.19899999999953621
60.0,Proposed_CL_CBC,0,0.19899999999953621
60.0,Proposed_CL_CBC,0,1.1999999999972033
60.0,Proposed_CL_CBC,0,0.27999999999934744
60.0,Proposed_CL_CBC,0,0.28999999999932413
60.0,Proposed_CL_CBC,0,0.30899999999927985
60.0,Proposed_CL_CBC,0,0.371999999999133
60.0,Proposed_CL_CBC,0,0.44699999999895823
60.0,Proposed_CL_CBC,0,10.466999999975606
60.0,Proposed_CL_CBC,0,1.4999999999965041
60.0,Proposed_CL_CBC,0,1.4999999999965041
60.0,Proposed_CL_CBC,0,9.634999999977545
60.0,Proposed_CL_CBC,0,9.639999999977533
60.0,Proposed_CL_CBC,0,0.7159999999983313
60.0,Proposed_CL_CBC,0,0.7159999999983313
60.0,Proposed_CL_CBC,0,0.7459999999982614
60.0,Proposed_CL_CBC,0,0.8159999999980982
60.0,Proposed_CL_CBC,0,0.9899999999976927
60.0,Proposed_CL_CBC,0,0.0009999999999976694
60.0,Proposed_CL_CBC,0,0.003999999999990678
60.0,Proposed_CL_CBC,0,0.003999999999990678
60.0,Proposed_CL_CBC,0,0.003999999999990678
60.0,Proposed_CL_CBC,0,0.003999999999990678
60.0,Proposed_CL_CBC,0,0.003999999999990678
60.0,Proposed_CL_CBC,0,0.004999999999988347
60.0,Proposed_CL_CBC,0,0.0059999999999860165
60.0,Proposed_CL_CBC,0,0.0059999999999860165
60.0,Proposed_CL_CBC,0,0.0059999999999860165
60.0,Proposed_CL_CBC,0,0.0059999999999860165
60.0,Proposed_CL_CBC,0,0.0059999999999860165
60.0,Proposed_CL_CBC,0,0.0059999999999860165
60.0,Proposed_CL_CBC,0,0.006999999999983686
60.0,Proposed_CL_CBC,0,0.009999999999976694
60.0,Proposed_CL_CBC,0,0.011999999999972033
60.0,Proposed_CL_CBC,0,0.011999999999972033
60.0,Proposed_CL_CBC,0,0.012999999999969702
60.0,Proposed_CL_CBC,0,0.012999999999969702
60.0,Proposed_CL_CBC,0,0.013999999999967372
60.0,Proposed_CL_CBC,0,0.014999999999965041
60.0,Proposed_CL_CBC,0,1.0159999999976321
60.0,Proposed_CL_CBC,0,0.01899999999995572
60.0,Proposed_CL_CBC,0,0.01899999999995572
60.0,Proposed_CL_CBC,0,0.021999999999948727
60.0,Proposed_CL_CBC,0,0.023999999999944066
60.0,Proposed_CL_CBC,0,0.023999999999944066
60.0,Proposed_CL_CBC,0,0.023999999999944066
60.0,Proposed_CL_CBC,0,0.023999999999944066
60.0,Proposed_CL_CBC,0,0.023999999999944066
60.0,Proposed_CL_CBC,0,0.023999999999944066
60.0,Proposed_CL_CBC,0,0.024999999999941735
60.0,Proposed_CL_CBC,0,0.027999999999934744
60.0,Proposed_CL_CBC,0,0.027999999999934744
60.0,Proposed_CL_CBC,0,0.027999999999934744
60.0,Proposed_CL_CBC,0,0.028999999999932413
60.0,Proposed_CL_CBC,0,0.030999999999927752
60.0,Proposed_CL_CBC,0,0.03399999999992076
60.0,Proposed_CL_CBC,0,0.03999999999990678
60.0,Proposed_CL_CBC,0,0.03999999999990678
60.0,Proposed_CL_CBC,0,0.03999999999990678
60.0,Proposed_CL_CBC,0,0.040999999999904446
60.0,Proposed_CL_CBC,0,0.04799999999988813
60.0,Proposed_CL_CBC,0,0.0489999999998858
60.0,Proposed_CL_CBC,0,0.05099999999988114
60.0,Proposed_CL_CBC,0,0.05599999999986949
60.0,Proposed_CL_CBC,0,0.057999999999864826
60.0,Proposed_CL_CBC,0,0.057999999999864826
60.0,Proposed_CL_CBC,0,0.057999999999864826
60.0,Proposed_CL_CBC,0,0.057999999999864826
60.0,Proposed_CL_CBC,0,0.059999999999860165
60.0,Proposed_CL_CBC,0,0.06299999999985317
60.0,Proposed_CL_CBC,0,0.06399999999985084
60.0,Proposed_CL_CBC,0,0.06399999999985084
60.0,Proposed_CL_CBC,0,0.06399999999985084
60.0,Proposed_CL_CBC,0,0.0749999999998252
60.0,Proposed_CL_CBC,0,0.0749999999998252
60.0,Proposed_CL_CBC,0,0.07899999999981588
60.0,Proposed_CL_CBC,0,0.08899999999979258
60.0,Proposed_CL_CBC,0,0.08899999999979258
60.0,Proposed_CL_CBC,0,0.0949999999997786
60.0,Proposed_CL_CBC,0,0.0949999999997786
60.0,Proposed_CL_CBC,0,0.09599999999977626
60.0,Proposed_CL_CBC,0,0.09599999999977626
60.0,Proposed_CL_CBC,0,0.09599999999977626
60.0,Proposed_CL_CBC,0,0.09599999999977626
60.0,Proposed_CL_CBC,0,0.09599999999977626
60.0,Proposed_CL_CBC,0,0.09699999999977393
60.0,Proposed_CL_CBC,0,1.097999999997441
60.0,Proposed_CL_CBC,0,0.10299999999975995
60.0,Proposed_CL_CBC,0,0.10599999999975296
60.0,Proposed_CL_CBC,0,0.12199999999971567
60.0,Proposed_CL_CBC,0,0.12299999999971334
60.0,Proposed_CL_CBC,0,1.1529999999973128
60.0,Proposed_CL_CBC,0,1.1529999999973128
60.0,Proposed_CL_CBC,0,1.1759999999972592
60.0,Proposed_CL_CBC,0,2.207999999994854
60.0,Proposed_CL_CBC,0,2.207999999994854
60.0,Proposed_CL_CBC,0,0.2129999999995036
60.0,Proposed_CL_CBC,0,0.2129999999995036
60.0,Proposed_CL_CBC,0,0.21699999999949426
60.0,Proposed_CL_CBC,0,0.25299999999941036
60.0,Proposed_CL_CBC,0,1.2689999999970425
60.0,Proposed_CL_CBC,0,1.2689999999970425
60.0,Proposed_CL_CBC,0,0.31299999999927053
60.0,Proposed_CL_CBC,0,0.48299999999887433
60.0,Proposed_CL_CBC,0,0.492999999998851
60.0,Proposed_CL_CBC,0,0.7599999999982288
60.0,Proposed_CL_CBC,0,10.7699999999749
60.0,Proposed_CL_CBC,0,9.76999999997723
60.0,Proposed_CL_CBC,0,0.8299999999980656
60.0,Proposed_CL_CBC,0,0.8299999999980656
60.0,Proposed_CL_CBC,0,0.0009999999999976694
60.0,Proposed_CL_CBC,0,0.0009999999999976694
60.0,Proposed_CL_CBC,0,0.0009999999999976694
60.0,Proposed_CL_CBC,0,0.001999999999995339
60.0,Proposed_CL_CBC,0,0.0029999999999930083
60.0,Proposed_CL_CBC,0,0.0029999999999930083
60.0,Proposed_CL_CBC,0,0.0029999999999930083
60.0,Proposed_CL_CBC,0,0.0029999999999930083
60.0,Proposed_CL_CBC,0,0.0029999999999930083
60.0,Proposed_CL_CBC,0,0.0029999999999930083
60.0,Proposed_CL_CBC,0,0.003999999999990678
60.0,Proposed_CL_CBC,0,0.003999999999990678
60.0,Proposed_CL_CBC,0,0.003999999999990678
60.0,Proposed_CL_CBC,0,0.003999999999990678
60.0,Proposed_CL_CBC,0,0.004999999999988347
60.0,Proposed_CL_CBC,0,0.0059999999999860165
60.0,Proposed_CL_CBC,0,0.006999999999983686
60.0,Proposed_CL_CBC,0,0.008999999999979025
60.0,Proposed_CL_CBC,0,0.008999999999979025
60.0,Proposed_CL_CBC,0,0.009999999999976694
60.0,Proposed_CL_CBC,0,1.0109999999976438
60.0,Proposed_CL_CBC,0,0.011999999999972033
60.0,Proposed_CL_CBC,0,0.012999999999969702
60.0,Proposed_CL_CBC,0,0.012999999999969702
60.0,Proposed_CL_CBC,0,0.012999999999969702
60.0,Proposed_CL_CBC,0,0.013999999999967372
60.0,Proposed_CL_CBC,0,0.013999999999967372
60.0,Proposed_CL_CBC,0,0.013999999999967372
60.0,Proposed_CL_CBC,0,0.014999999999965041
60.0,Proposed_CL_CBC,0,0.014999999999965041
60.0,Proposed_CL_CBC,0,0.014999999999965041
60.0,Proposed_CL_CBC,0,0.014999999999965041
60.0,Proposed_CL_CBC,0,0.01599999999996271
60.0,Proposed_CL_CBC,0,0.01699999999996038
60.0,Proposed_CL_CBC,0,0.01699999999996038
60.0,Proposed_CL_CBC,0,1.0189999999976251
60.0,Proposed_CL_CBC,0,0.020999999999951058
60.0,Proposed_CL_CBC,0,0.022999999999946397
60.0,Proposed_CL_CBC,0,0.022999999999946397
60.0,Proposed_CL_CBC,0,0.023999999999944066
60.0,Proposed_CL_CBC,0,1.0249999999976112
60.0,Proposed_CL_CBC,0,1.0249999999976112
60.0,Proposed_CL_CBC,0,0.025999999999939405
60.0,Proposed_CL_CBC,0,0.027999999999934744
60.0,Proposed_CL_CBC,0,0.029999999999930083
60.0,Proposed_CL_CBC,0,1.0339999999975902
60.0,Proposed_CL_CBC,0,1.0339999999975902
60.0,Proposed_CL_CBC,0,1.0339999999975902
60.0,Proposed_CL_CBC,0,0.03499999999991843
60.0,Proposed_CL_CBC,0,0.0359999999999161
60.0,Proposed_CL_CBC,0,0.0359999999999161
60.0,Proposed_CL_CBC,0,0.03899999999990911
60.0,Proposed_CL_CBC,0,0.03899999999990911
60.0,Proposed_CL_CBC,0,0.03899999999990911
60.0,Proposed_CL_CBC,0,0.03899999999990911
60.0,Proposed_CL_CBC,0,0.040999999999904446
60.0,Proposed_CL_CBC,0,0.040999999999904446
60.0,Proposed_CL_CBC,0,0.041999999999902116
60.0,Proposed_CL_CBC,0,0.041999999999902116
60.0,Proposed_CL_CBC,0,0.042999999999899785
60.0,Proposed_CL_CBC,0,0.044999999999895124
60.0,Proposed_CL_CBC,0,0.044999999999895124
60.0,Proposed_CL_CBC,0,0.044999999999895124
60.0,Proposed_CL_CBC,0,0.04599999999989279
60.0,Proposed_CL_CBC,0,0.04699999999989046
60.0,Proposed_CL_CBC,0,1.0479999999975576
60.0,Proposed_CL_CBC,0,0.0489999999998858
60.0,Proposed_CL_CBC,0,0.0489999999998858
60.0,Proposed_CL_CBC,0,0.0489999999998858
60.0,Proposed_CL_CBC,0,0.0489999999998858
60.0,Proposed_CL_CBC,0,0.04999999999988347
60.0,Proposed_CL_CBC,0,0.04999999999988347
60.0,Proposed_CL_CBC,0,0.05699999999986716
60.0,Proposed_CL_CBC,0,0.05699999999986716
60.0,Proposed_CL_CBC,0,0.058999999999862496
60.0,Proposed_CL_CBC,0,0.061999999999855504
60.0,Proposed_CL_CBC,0,0.06399999999985084
60.0,Proposed_CL_CBC,0,0.06399999999985084
60.0,Proposed_CL_CBC,0,0.06499999999984851
60.0,Proposed_CL_CBC,0,0.06499999999984851
60.0,Proposed_CL_CBC,0,0.06499999999984851
60.0,Proposed_CL_CBC,0,0.06699999999984385
60.0,Proposed_CL_CBC,0,0.06699999999984385
60.0,Proposed_CL_CBC,0,0.06699999999984385
60.0,Proposed_CL_CBC,0,0.06799999999984152
60.0,Proposed_CL_CBC,0,0.06999999999983686
60.0,Proposed_CL_CBC,0,0.07299999999982987
60.0,Proposed_CL_CBC,0,0.07599999999982288
60.0,Proposed_CL_CBC,0,0.07599999999982288
60.0,Proposed_CL_CBC,0,1.0789999999974853
60.0,Proposed_CL_CBC,0,1.0789999999974853
60.0,Proposed_CL_CBC,0,0.09399999999978093
60.0,Proposed_CL_CBC,0,0.0949999999997786
60.0,Proposed_CL_CBC,0,0.1109999999997413
60.0,Proposed_CL_CBC,0,0.11799999999972499
60.0,Proposed_CL_CBC,0,0.11799999999972499
60.0,Proposed_CL_CBC,0,10.118999999976417
60.0,Proposed_CL_CBC,0,10.118999999976417
60.0,Proposed_CL_CBC,0,0.16199999999962245
60.0,Proposed_CL_CBC,0,1.1629999999972895
60.0,Proposed_CL_CBC,0,0.17799999999958516
60.0,Proposed_CL_CBC,0,0.17799999999958516
60.0,Proposed_CL_CBC,0,0.18499999999956884
60.0,Proposed_CL_CBC,0,0.2129999999995036
60.0,Proposed_CL_CBC,0,0.2129999999995036
60.0,Proposed_CL_CBC,0,0.2129999999995036
60.0,Proposed_CL_CBC,0,0.21799999999949193
60.0,Proposed_CL_CBC,0,1.2579999999970681
60.0,Proposed_CL_CBC,0,0.26999999999937074
60.0,Proposed_CL_CBC,0,0.29599999999931015
60.0,Proposed_CL_CBC,0,0.3399999999992076
60.0,Proposed_CL_CBC,0,0.38099999999911205
60.0,Proposed_CL_CBC,0,0.41299999999903747
60.0,Proposed_CL_CBC,0,0.42999999999899785
60.0,Proposed_CL_CBC,0,0.46199999999892327
60.0,Proposed_CL_CBC,0,3.5979999999916146
60.0,Proposed_CL_CBC,0,0.6099999999985783
60.0,Proposed_CL_CBC,0,1.7919999999958236
60.0,Proposed_CL_CBC,0,1.7919999999958236
60.0,Proposed_CL_CBC,0,1.9559999999954414
60.0,Proposed_CL_CBC,0,0.0009999999999976694
60.0,Proposed_CL_CBC,0,0.0029999999999930083
60.0,Proposed_CL_CBC,0,0.003999999999990678
60.0,Proposed_CL_CBC,0,0.003999999999990678
60.0,Proposed_CL_CBC,0,0.004999999999988347
60.0,Proposed_CL_CBC,0,0.004999999999988347
60.0,Proposed_CL_CBC,0,0.0059999999999860165
60.0,Proposed_CL_CBC,0,0.0059999999999860165
60.0,Proposed_CL_CBC,0,0.0059999999999860165
60.0,Proposed_CL_CBC,0,0.006999999999983686
60.0,Proposed_CL_CBC,0,0.007999999999981355
60.0,Proposed_CL_CBC,0,0.008999999999979025
60.0,Proposed_CL_CBC,0,0.008999999999979025
60.0,Proposed_CL_CBC,0,0.008999999999979025
60.0,Proposed_CL_CBC,0,0.009999999999976694
60.0,Proposed_CL_CBC,0,0.009999999999976694
60.0,Proposed_CL_CBC,0,0.009999999999976694
60.0,Proposed_CL_CBC,0,0.010999999999974364
60.0,Proposed_CL_CBC,0,0.010999999999974364
60.0,Proposed_CL_CBC,0,0.010999999999974364
60.0,Proposed_CL_CBC,0,0.011999999999972033
60.0,Proposed_CL_CBC,0,0.011999999999972033
60.0,Proposed_CL_CBC,0,0.013999999999967372
60.0,Proposed_CL_CBC,0,0.013999999999967372
60.0,Proposed_CL_CBC,0,0.014999999999965041
60.0,Proposed_CL_CBC,0,0.014999999999965041
60.0,Proposed_CL_CBC,0,0.014999999999965041
60.0,Proposed_CL_CBC,0,0.014999999999965041
60.0,Proposed_CL_CBC,0,0.01599999999996271
60.0,Proposed_CL_CBC,0,0.01599999999996271
60.0,Proposed_CL_CBC,0,0.01599999999996271
60.0,Proposed_CL_CBC,0,0.01599999999996271
60.0,Proposed_CL_CBC,0,0.01699999999996038
60.0,Proposed_CL_CBC,0,0.01799999999995805
60.0,Proposed_CL_CBC,0,0.01799999999995805
60.0,Proposed_CL_CBC,0,0.01899999999995572
60.0,Proposed_CL_CBC,0,0.01899999999995572
60.0,Proposed_CL_CBC,0,0.01899999999995572
60.0,Proposed_CL_CBC,0,0.01999999999995339
60.0,Proposed_CL_CBC,0,0.021999999999948727
60.0,Proposed_CL_CBC,0,0.021999999999948727
60.0,Proposed_CL_CBC,0,0.021999999999948727
60.0,Proposed_CL_CBC,0,0.021999999999948727
60.0,Proposed_CL_CBC,0,0.023999999999944066
60.0,Proposed_CL_CBC,0,0.023999999999944066
60.0,Proposed_CL_CBC,0,0.023999999999944066
60.0,Proposed_CL_CBC,0,0.025999999999939405
60.0,Proposed_CL_CBC,0,0.026999999999937074
60.0,Proposed_CL_CBC,0,0.027999999999934744
60.0,Proposed_CL_CBC,0,0.027999999999934744
60.0,Proposed_CL_CBC,0,0.027999999999934744
60.0,Proposed_CL_CBC,0,0.03399999999992076
60.0,Proposed_CL_CBC,0,0.03699999999991377
60.0,Proposed_CL_CBC,0,0.042999999999899785
60.0,Proposed_CL_CBC,0,0.04599999999989279
60.0,Proposed_CL_CBC,0,0.04599999999989279
60.0,Proposed_CL_CBC,0,0.0489999999998858
60.0,Proposed_CL_CBC,0,0.05199999999987881
60.0,Proposed_CL_CBC,0,0.05399999999987415
60.0,Proposed_CL_CBC,0,0.05399999999987415
60.0,Proposed_CL_CBC,0,0.05399999999987415
60.0,Proposed_CL_CBC,0,0.05399999999987415
60.0,Proposed_CL_CBC,0,0.05399999999987415
60.0,Proposed_CL_CBC,0,0.05699999999986716
60.0,Proposed_CL_CBC,0,0.061999999999855504
60.0,Proposed_CL_CBC,0,0.061999999999855504
60.0,Proposed_CL_CBC,0,0.06499999999984851
60.0,Proposed_CL_CBC,0,0.06499999999984851
60.0,Proposed_CL_CBC,0,0.06599999999984618
60.0,Proposed_CL_CBC,0,0.06699999999984385
60.0,Proposed_CL_CBC,0,0.06699999999984385
60.0,Proposed_CL_CBC,0,0.06999999999983686
60.0,Proposed_CL_CBC,0,0.07099999999983453
60.0,Proposed_CL_CBC,0,0.07099999999983453
60.0,Proposed_CL_CBC,0,0.07099999999983453
60.0,Proposed_CL_CBC,0,0.07099999999983453
60.0,Proposed_CL_CBC,0,0.07299999999982987
60.0,Proposed_CL_CBC,0,0.07299999999982987
60.0,Proposed_CL_CBC,0,0.07399999999982754
60.0,Proposed_CL_CBC,0,1.0759999999974923
60.0,Proposed_CL_CBC,0,0.07999999999981355
60.0,Proposed_CL_CBC,0,0.08299999999980656
60.0,Proposed_CL_CBC,0,0.08399999999980423
60.0,Proposed_CL_CBC,0,0.09899999999976927
60.0,Proposed_CL_CBC,0,0.09899999999976927
60.0,Proposed_CL_CBC,0,0.13899999999967605
60.0,Proposed_CL_CBC,0,0.14199999999966906
60.0,Proposed_CL_CBC,0,0.14299999999966673
60.0,Proposed_CL_CBC,0,0.1569999999996341
60.0,Proposed_CL_CBC,0,0.1569999999996341
60.0,Proposed_CL_CBC,0,0.21499999999949893
60.0,Proposed_CL_CBC,0,0.2189999999994896
60.0,Proposed_CL_CBC,0,0.2189999999994896
60.0,Proposed_CL_CBC,0,0.250999999999415
60.0,Proposed_CL_CBC,0,0.250999999999415
60.0,Proposed_CL_CBC,0,0.2639999999993847
60.0,Proposed_CL_CBC,0,0.3439999999991983
60.0,Proposed_CL_CBC,0,17.4629999999593
60.0,Proposed_CL_CBC,0,0.5539999999987089
60.0,Proposed_CL_CBC,0,17.628999999958914
60.0,Proposed_CL_CBC,0,1.971999999995404
60.0,Proposed_CL_CBC,0,1.9759999999953948
60.0,Proposed_CL_CBC,0,0.0009999999999976694
60.0,Proposed_CL_CBC,0,0.0009999999999976694
60.0,Proposed_CL_CBC,0,0.0009999999999976694
60.0,Proposed_CL_CBC,0,0.001999999999995339
60.0,Proposed_CL_CBC,0,0.0029999999999930083
60.0,Proposed_CL_CBC,0,0.0029999999999930083
60.0,Proposed_CL_CBC,0,0.003999999999990678
60.0,Proposed_CL_CBC,0,0.003999999999990678
60.0,Proposed_CL_CBC,0,0.004999999999988347
60.0,Proposed_CL_CBC,0,0.004999999999988347
60.0,Proposed_CL_CBC,0,0.004999999999988347
60.0,Proposed_CL_CBC,0,0.004999999999988347
60.0,Proposed_CL_CBC,0,0.004999999999988347
60.0,Proposed_CL_CBC,0,0.004999999999988347
60.0,Proposed_CL_CBC,0,0.004999999999988347
60.0,Proposed_CL_CBC,0,0.0059999999999860165
60.0,Proposed_CL_CBC,0,0.0059999999999860165
60.0,Proposed_CL_CBC,0,0.006999999999983686
60.0,Proposed_CL_CBC,0,0.007999999999981355
60.0,Proposed_CL_CBC,0,0.007999999999981355
60.0,Proposed_CL_CBC,0,0.008999999999979025
60.0,Proposed_CL_CBC,0,0.008999999999979025
60.0,Proposed_CL_CBC,0,0.009999999999976694
60.0,Proposed_CL_CBC,0,0.009999999999976694
60.0,Proposed_CL_CBC,0,0.009999999999976694
60.0,Proposed_CL_CBC,0,0.009999999999976694
60.0,Proposed_CL_CBC,0,0.010999999999974364
60.0,Proposed_CL_CBC,0,0.011999999999972033
60.0,Proposed_CL_CBC,0,0.014999999999965041
60.0,Proposed_CL_CBC,0,0.01599999999996271
60.0,Proposed_CL_CBC,0,0.01599999999996271
60.0,Proposed_CL_CBC,0,0.01799999999995805
60.0,Proposed_CL_CBC,0,0.01799999999995805
60.0,Proposed_CL_CBC,0,0.01799999999995805
60.0,Proposed_CL_CBC,0,0.01799999999995805
60.0,Proposed_CL_CBC,0,0.01899999999995572
60.0,Proposed_CL_CBC,0,0.01899999999995572
60.0,Proposed_CL_CBC,0,0.01999999999995339
60.0,Proposed_CL_CBC,0,0.01999999999995339
60.0,Proposed_CL_CBC,0,0.01999999999995339
60.0,Proposed_CL_CBC,0,0.01999999999995339
60.0,Proposed_CL_CBC,0,0.01999999999995339
60.0,Proposed_CL_CBC,0,0.020999999999951058
60.0,Proposed_CL_CBC,0,0.021999999999948727
60.0,Proposed_CL_CBC,0,0.021999999999948727
60.0,Proposed_CL_CBC,0,0.021999999999948727
60.0,Proposed_CL_CBC,0,0.021999999999948727
60.0,Proposed_CL_CBC,0,0.021999999999948727
60.0,Proposed_CL_CBC,0,0.021999999999948727
60.0,Proposed_CL_CBC,0,0.022999999999946397
60.0,Proposed_CL_CBC,0,0.023999999999944066
60.0,Proposed_CL_CBC,0,0.025999999999939405
60.0,Proposed_CL_CBC,0,0.026999999999937074
60.0,Proposed_CL_CBC,0,0.027999999999934744
60.0,Proposed_CL_CBC,0,0.027999999999934744
60.0,Proposed_CL_CBC,0,0.029999999999930083
60.0,Proposed_CL_CBC,0,0.03299999999992309
60.0,Proposed_CL_CBC,0,0.03399999999992076
60.0,Proposed_CL_CBC,0,0.0359999999999161
60.0,Proposed_CL_CBC,0,0.03699999999991377
60.0,Proposed_CL_CBC,0,0.03699999999991377
60.0,Proposed_CL_CBC,0,0.03699999999991377
60.0,Proposed_CL_CBC,0,0.03799999999991144
60.0,Proposed_CL_CBC,0,0.03799999999991144
60.0,Proposed_CL_CBC,0,0.03799999999991144
60.0,Proposed_CL_CBC,0,0.03899999999990911
60.0,Proposed_CL_CBC,0,0.043999999999897454
60.0,Proposed_CL_CBC,0,0.04599999999989279
60.0,Proposed_CL_CBC,0,0.04599999999989279
60.0,Proposed_CL_CBC,0,0.04599999999989279
60.0,Proposed_CL_CBC,0,0.04599999999989279
60.0,Proposed_CL_CBC,0,0.04699999999989046
60.0,Proposed_CL_CBC,0,0.04699999999989046
60.0,Proposed_CL_CBC,0,0.04699999999989046
60.0,Proposed_CL_CBC,0,0.04799999999988813
60.0,Proposed_CL_CBC,0,0.0489999999998858
60.0,Proposed_CL_CBC,0,0.05099999999988114
60.0,Proposed_CL_CBC,0,0.05199999999987881
60.0,Proposed_CL_CBC,0,0.05199999999987881
60.0,Proposed_CL_CBC,0,0.05399999999987415
60.0,Proposed_CL_CBC,0,0.057999999999864826
60.0,Proposed_CL_CBC,0,0.06899999999983919
60.0,Proposed_CL_CBC,0,0.06999999999983686
60.0,Proposed_CL_CBC,0,0.07099999999983453
60.0,Proposed_CL_CBC,0,0.07399999999982754
60.0,Proposed_CL_CBC,0,0.07399999999982754
60.0,Proposed_CL_CBC,0,0.07599999999982288
60.0,Proposed_CL_CBC,0,0.07599999999982288
60.0,Proposed_CL_CBC,0,0.07799999999981821
60.0,Proposed_CL_CBC,0,0.08399999999980423
60.0,Proposed_CL_CBC,0,0.09699999999977393
60.0,Proposed_CL_CBC,0,0.09899999999976927
60.0,Proposed_CL_CBC,0,0.09899999999976927
60.0,Proposed_CL_CBC,0,0.09899999999976927
60.0,Proposed_CL_CBC,0,0.11499999999973198
60.0,Proposed_CL_CBC,0,1.1199999999973898
60.0,Proposed_CL_CBC,0,2.144999999995001
60.0,Proposed_CL_CBC,0,2.144999999995001
60.0,Proposed_CL_CBC,0,0.1769999999995875
60.0,Proposed_CL_CBC,0,18.191999999957602
60.0,Proposed_CL_CBC,0,0.2879999999993288
60.0,Proposed_CL_CBC,0,0.2879999999993288
60.0,Proposed_CL_CBC,0,0.28899999999932646
60.0,Proposed_CL_CBC,0,0.28899999999932646
60.0,Proposed_CL_CBC,0,0.28899999999932646
60.0,Proposed_CL_CBC,0,0.28899999999932646
60.0,Proposed_CL_CBC,0,0.28999999999932413
60.0,Proposed_CL_CBC,0,0.28999999999932413
60.0,Proposed_CL_CBC,0,0.2909999999993218
60.0,Proposed_CL_CBC,0,1.442999999996637
60.0,Proposed_CL_CBC,0,1.442999999996637
60.0,Proposed_CL_CBC,0,1.4799999999965507
60.0,Proposed_CL_CBC,0,1.5229999999964505
60.0,Proposed_CL_CBC,0,17.57899999995903
60.0,Proposed_CL_CBC,0,11.616999999972926
60.0,Proposed_CL_CBC,0,5.69799999998672
60.0,Proposed_CL_CBC,0,0.7309999999982963
60.0,Proposed_CL_CBC,0,1.7769999999958586
60.0,Proposed_CL_CBC,0,2.7809999999935187
60.0,Proposed_CL_CBC,0,1.7809999999958492
60.0,Proposed_CL_CBC,0,1.8529999999956814
60.0,Proposed_CL_CBC,0,4.963999999988431
60.0,Proposed_CL_CBC,0,1.9889999999953645
60.0,Proposed_CL_CBC,0,0.0009999999999976694
60.0,Proposed_CL_CBC,0,0.0009999999999976694
60.0,Proposed_CL_CBC,0,0.0009999999999976694
60.0,Proposed_CL_CBC,0,0.0009999999999976694
60.0,Proposed_CL_CBC,0,0.0009999999999976694
60.0,Proposed_CL_CBC,0,0.001999999999995339
60.0,Proposed_CL_CBC,0,0.001999999999995339
60.0,Proposed_CL_CBC,0,0.003999999999990678
60.0,Proposed_CL_CBC,0,0.003999999999990678
60.0,Proposed_CL_CBC,0,0.004999999999988347
60.0,Proposed_CL_CBC,0,0.004999999999988347
60.0,Proposed_CL_CBC,0,0.004999999999988347
60.0,Proposed_CL_CBC,0,0.0059999999999860165
60.0,Proposed_CL_CBC,0,0.0059999999999860165
60.0,Proposed_CL_CBC,0,0.006999999999983686
60.0,Proposed_CL_CBC,0,0.006999999999983686
60.0,Proposed_CL_CBC,0,0.006999999999983686
60.0,Proposed_CL_CBC,0,0.007999999999981355
60.0,Proposed_CL_CBC,0,0.007999999999981355
60.0,Proposed_CL_CBC,0,0.007999999999981355
60.0,Proposed_CL_CBC,0,0.008999999999979025
60.0,Proposed_CL_CBC,0,0.009999999999976694
60.0,Proposed_CL_CBC,0,0.010999999999974364
60.0,Proposed_CL_CBC,0,0.013999999999967372
60.0,Proposed_CL_CBC,0,0.014999999999965041
60.0,Proposed_CL_CBC,0,0.01599999999996271
60.0,Proposed_CL_CBC,0,0.01799999999995805
60.0,Proposed_CL_CBC,0,0.01799999999995805
60.0,Proposed_CL_CBC,0,0.01999999999995339
60.0,Proposed_CL_CBC,0,1.0199999999976228
60.0,Proposed_CL_CBC,0,0.01999999999995339
60.0,Proposed_CL_CBC,0,0.01999999999995339
60.0,Proposed_CL_CBC,0,0.022999999999946397
60.0,Proposed_CL_CBC,0,0.024999999999941735
60.0,Proposed_CL_CBC,0,0.024999999999941735
60.0,Proposed_CL_CBC,0,0.026999999999937074
60.0,Proposed_CL_CBC,0,0.028999999999932413
60.0,Proposed_CL_CBC,0,0.030999999999927752
60.0,Proposed_CL_CBC,0,0.03399999999992076
60.0,Proposed_CL_CBC,0,0.03399999999992076
60.0,Proposed_CL_CBC,0,0.03699999999991377
60.0,Proposed_CL_CBC,0,0.03699999999991377
60.0,Proposed_CL_CBC,0,0.03899999999990911
60.0,Proposed_CL_CBC,0,0.03999999999990678
60.0,Proposed_CL_CBC,0,0.03999999999990678
60.0,Proposed_CL_CBC,0,0.040999999999904446
60.0,Proposed_CL_CBC,0,0.040999999999904446
60.0,Proposed_CL_CBC,0,0.042999999999899785
60.0,Proposed_CL_CBC,0,0.044999999999895124
60.0,Proposed_CL_CBC,0,0.044999999999895124
60.0,Proposed_CL_CBC,0,0.04699999999989046
60.0,Proposed_CL_CBC,0,0.0489999999998858
60.0,Proposed_CL_CBC,0,0.04999999999988347
60.0,Proposed_CL_CBC,0,0.05299999999987648
60.0,Proposed_CL_CBC,0,0.05299999999987648
60.0,Proposed_CL_CBC,0,0.06599999999984618
60.0,Proposed_CL_CBC,0,0.07099999999983453
60.0,Proposed_CL_CBC,0,0.07099999999983453
60.0,Proposed_CL_CBC,0,0.07099999999983453
60.0,Proposed_CL_CBC,0,0.07299999999982987
60.0,Proposed_CL_CBC,0,0.07299999999982987
60.0,Proposed_CL_CBC,0,0.1109999999997413
60.0,Proposed_CL_CBC,0,0.1109999999997413
60.0,Proposed_CL_CBC,0,0.11399999999973431
60.0,Proposed_CL_CBC,0,0.11399999999973431
60.0,Proposed_CL_CBC,0,6.158999999985646
60.0,Proposed_CL_CBC,0,0.1599999999996271
60.0,Proposed_CL_CBC,0,5.173999999987942
60.0,Proposed_CL_CBC,0,5.173999999987942
60.0,Proposed_CL_CBC,0,5.174999999987939
60.0,Proposed_CL_CBC,0,5.174999999987939
60.0,Proposed_CL_CBC,0,4.1789999999902605
60.0,Proposed_CL_CBC,0,1.17999999999725
60.0,Proposed_CL_CBC,0,1.17999999999725
60.0,Proposed_CL_CBC,0,0.1829999999995735
60.0,Proposed_CL_CBC,0,0.20799999999951524
60.0,Proposed_CL_CBC,0,2.2189999999948284
60.0,Proposed_CL_CBC,0,18.22299999995753
60.0,Proposed_CL_CBC,0,1.233999999997124
60.0,Proposed_CL_CBC,0,0.24399999999943134
60.0,Proposed_CL_CBC,0,0.24399999999943134
60.0,Proposed_CL_CBC,0,0.244999999999429
60.0,Proposed_CL_CBC,0,1.2869999999970005
60.0,Proposed_CL_CBC,0,2.3029999999946327
60.0,Proposed_CL_CBC,0,2.3029999999946327
60.0,Proposed_CL_CBC,0,1.3149999999969353
60.0,Proposed_CL_CBC,0,0.31499999999926587
60.0,Proposed_CL_CBC,0,2.3179999999945977
60.0,Proposed_CL_CBC,0,2.349999999994523
60.0,Proposed_CL_CBC,0,0.38699999999909807
60.0,Proposed_CL_CBC,0,2.404999999994395
60.0,Proposed_CL_CBC,0,0.4699999999989046
60.0,Proposed_CL_CBC,0,2.5159999999941363
60.0,Proposed_CL_CBC,0,6.53899999998476
60.0,Proposed_CL_CBC,0,2.5599999999940337
60.0,Proposed_CL_CBC,0,1.572999999996334
60.0,Proposed_CL_CBC,0,2.65599999999381
60.0,Proposed_CL_CBC,0,0.0009999999999976694
60.0,Proposed_CL_CBC,0,0.0009999999999976694
60.0,Proposed_CL_CBC,0,0.0009999999999976694
60.0,Proposed_CL_CBC,0,0.001999999999995339
60.0,Proposed_CL_CBC,0,0.0029999999999930083
60.0,Proposed_CL_CBC,0,0.003999999999990678
60.0,Proposed_CL_CBC,0,0.003999999999990678
60.0,Proposed_CL_CBC,0,0.003999999999990678
60.0,Proposed_CL_CBC,0,0.004999999999988347
60.0,Proposed_CL_CBC,0,0.0059999999999860165
60.0,Proposed_CL_CBC,0,0.0059999999999860165
60.0,Proposed_CL_CBC,0,0.006999999999983686
60.0,Proposed_CL_CBC,0,0.006999999999983686
60.0,Proposed_CL_CBC,0,0.006999999999983686
60.0,Proposed_CL_CBC,0,0.006999999999983686
60.0,Proposed_CL_CBC,0,0.008999999999979025
60.0,Proposed_CL_CBC,0,0.008999999999979025
60.0,Proposed_CL_CBC,0,0.009999999999976694
60.0,Proposed_CL_CBC,0,0.010999999999974364
60.0,Proposed_CL_CBC,0,0.011999999999972033
60.0,Proposed_CL_CBC,0,0.011999999999972033
60.0,Proposed_CL_CBC,0,0.013999999999967372
60.0,Proposed_CL_CBC,0,0.01599999999996271
60.0,Proposed_CL_CBC,0,0.01699999999996038
60.0,Proposed_CL_CBC,0,0.01699999999996038
60.0,Proposed_CL_CBC,0,0.01799999999995805
60.0,Proposed_CL_CBC,0,0.01799999999995805
60.0,Proposed_CL_CBC,0,0.01799999999995805
60.0,Proposed_CL_CBC,0,0.01899999999995572
60.0,Proposed_CL_CBC,0,0.01999999999995339
60.0,Proposed_CL_CBC,0,0.020999999999951058
60.0,Proposed_CL_CBC,0,0.022999999999946397
60.0,Proposed_CL_CBC,0,0.022999999999946397
60.0,Proposed_CL_CBC,0,0.025999999999939405
60.0,Proposed_CL_CBC,0,0.025999999999939405
60.0,Proposed_CL_CBC,0,0.025999999999939405
60.0,Proposed_CL_CBC,0,0.026999999999937074
60.0,Proposed_CL_CBC,0,0.026999999999937074
60.0,Proposed_CL_CBC,0,0.026999999999937074
60.0,Proposed_CL_CBC,0,0.027999999999934744
60.0,Proposed_CL_CBC,0,0.028999999999932413
60.0,Proposed_CL_CBC,0,5.0319999999882725
60.0,Proposed_CL_CBC,0,0.03299999999992309
60.0,Proposed_CL_CBC,0,0.03499999999991843
60.0,Proposed_CL_CBC,0,0.03799999999991144
60.0,Proposed_CL_CBC,0,0.03899999999990911
60.0,Proposed_CL_CBC,0,0.040999999999904446
60.0,Proposed_CL_CBC,0,0.041999999999902116
60.0,Proposed_CL_CBC,0,0.041999999999902116
60.0,Proposed_CL_CBC,0,0.042999999999899785
60.0,Proposed_CL_CBC,0,0.04799999999988813
60.0,Proposed_CL_CBC,0,0.04799999999988813
60.0,Proposed_CL_CBC,0,0.0489999999998858
60.0,Proposed_CL_CBC,0,0.05299999999987648
60.0,Proposed_CL_CBC,0,5.054999999988219
60.0,Proposed_CL_CBC,0,0.059999999999860165
60.0,Proposed_CL_CBC,0,2.1129999999950755
60.0,Proposed_CL_CBC,0,2.113999999995073
60.0,Proposed_CL_CBC,0,0.13199999999969236
60.0,Proposed_CL_CBC,0,0.13199999999969236
60.0,Proposed_CL_CBC,0,3.1449999999926703
60.0,Proposed_CL_CBC,0,0.14499999999966207
60.0,Proposed_CL_CBC,0,0.14499999999966207
60.0,Proposed_CL_CBC,0,3.145999999992668
60.0,Proposed_CL_CBC,0,3.1469999999926657
60.0,Proposed_CL_CBC,0,3.1469999999926657
60.0,Proposed_CL_CBC,0,3.1469999999926657
60.0,Proposed_CL_CBC,0,3.1479999999926633
60.0,Proposed_CL_CBC,0,3.1509999999926563
60.0,Proposed_CL_CBC,0,2.1559999999949753
60.0,Proposed_CL_CBC,0,0.17199999999959914
60.0,Proposed_CL_CBC,0,2.1829999999949123
60.0,Proposed_CL_CBC,0,0.1829999999995735
60.0,Proposed_CL_CBC,0,0.19199999999955253
60.0,Proposed_CL_CBC,0,0.19199999999955253
60.0,Proposed_CL_CBC,0,0.19199999999955253
60.0,Proposed_CL_CBC,0,0.1929999999995502
60.0,Proposed_CL_CBC,0,0.19399999999954787
60.0,Proposed_CL_CBC,0,1.2049999999971917
60.0,Proposed_CL_CBC,0,2.216999999994833
60.0,Proposed_CL_CBC,0,5.218999999987837
60.0,Proposed_CL_CBC,0,0.2219999999994826
60.0,Proposed_CL_CBC,0,0.2219999999994826
60.0,Proposed_CL_CBC,0,0.2219999999994826
60.0,Proposed_CL_CBC,0,0.2219999999994826
60.0,Proposed_CL_CBC,0,0.2219999999994826
60.0,Proposed_CL_CBC,0,1.2289999999971357
60.0,Proposed_CL_CBC,0,2.2399999999947795
60.0,Proposed_CL_CBC,0,0.24099999999943833
60.0,Proposed_CL_CBC,0,0.241999999999436
60.0,Proposed_CL_CBC,0,0.241999999999436
60.0,Proposed_CL_CBC,0,1.2419999999971054
60.0,Proposed_CL_CBC,0,0.24299999999943367
60.0,Proposed_CL_CBC,0,0.24299999999943367
60.0,Proposed_CL_CBC,0,0.24999999999941735
60.0,Proposed_CL_CBC,0,0.250999999999415
60.0,Proposed_CL_CBC,0,0.25399999999940803
60.0,Proposed_CL_CBC,0,0.26299999999938706
60.0,Proposed_CL_CBC,0,3.2649999999923907
60.0,Proposed_CL_CBC,0,0.2689999999993731
60.0,Proposed_CL_CBC,0,0.27699999999935443
60.0,Proposed_CL_CBC,0,2.280999999994684
60.0,Proposed_CL_CBC,0,2.280999999994684
60.0,Proposed_CL_CBC,0,0.2849999999993358
60.0,Proposed_CL_CBC,0,1.2849999999970052
60.0,Proposed_CL_CBC,0,1.2879999999969982
60.0,Proposed_CL_CBC,0,1.2879999999969982
60.0,Proposed_CL_CBC,0,0.29199999999931947
60.0,Proposed_CL_CBC,0,0.29299999999931714
60.0,Proposed_CL_CBC,0,0.29299999999931714
60.0,Proposed_CL_CBC,0,0.29299999999931714
60.0,Proposed_CL_CBC,0,0.30199999999929616
60.0,Proposed_CL_CBC,0,0.3039999999992915
60.0,Proposed_CL_CBC,0,1.3079999999969516
60.0,Proposed_CL_CBC,0,0.3109999999992752
60.0,Proposed_CL_CBC,0,1.3119999999969423
60.0,Proposed_CL_CBC,0,0.3199999999992542
60.0,Proposed_CL_CBC,0,0.3239999999992449
60.0,Proposed_CL_CBC,0,0.3239999999992449
60.0,Proposed_CL_CBC,0,0.32499999999924256
60.0,Proposed_CL_CBC,0,1.3269999999969073
60.0,Proposed_CL_CBC,0,1.3269999999969073
60.0,Proposed_CL_CBC,0,0.3439999999991983
60.0,Proposed_CL_CBC,0,1.4089999999967162
60.0,Proposed_CL_CBC,0,0.48599999999886734
60.0,Proposed_CL_CBC,0,0.48599999999886734
60.0,Proposed_CL_CBC,0,0.486999999998865
60.0,Proposed_CL_CBC,0,1.5889999999962967
60.0,Proposed_CL_CBC,0,1.5889999999962967
60.0,Proposed_CL_CBC,0,13.600999999968302
60.0,Proposed_CL_CBC,0,1.6519999999961499
60.0,Proposed_CL_CBC,0,0.7019999999983639
60.0,Proposed_CL_CBC,0,3.7159999999913396
60.0,Proposed_CL_CBC,0,13.78199999996788
60.0,Proposed_CL_CBC,0,1.9189999999955276
60.0,Proposed_CL_CBC,0,0.9949999999976811
60.0,Proposed_CL_CBC,0,19.997999999953393
60.0,Proposed_CL_CBC,0,0.0009999999999976694
60.0,Proposed_CL_CBC,0,0.0009999999999976694
60.0,Proposed_CL_CBC,0,0.001999999999995339
60.0,Proposed_CL_CBC,0,0.001999999999995339
60.0,Proposed_CL_CBC,0,0.001999999999995339
60.0,Proposed_CL_CBC,0,0.001999999999995339
60.0,Proposed_CL_CBC,0,0.001999999999995339
60.0,Proposed_CL_CBC,0,0.001999999999995339
60.0,Proposed_CL_CBC,0,0.001999999999995339
60.0,Proposed_CL_CBC,0,0.001999999999995339
60.0,Proposed_CL_CBC,0,0.0029999999999930083
60.0,Proposed_CL_CBC,0,0.003999999999990678
60.0,Proposed_CL_CBC,0,0.003999999999990678
60.0,Proposed_CL_CBC,0,0.003999999999990678
60.0,Proposed_CL_CBC,0,0.004999999999988347
60.0,Proposed_CL_CBC,0,0.004999999999988347
60.0,Proposed_CL_CBC,0,0.004999999999988347
60.0,Proposed_CL_CBC,0,0.004999999999988347
60.0,Proposed_CL_CBC,0,0.0059999999999860165
60.0,Proposed_CL_CBC,0,0.0059999999999860165
60.0,Proposed_CL_CBC,0,0.0059999999999860165
60.0,Proposed_CL_CBC,0,0.006999999999983686
60.0,Proposed_CL_CBC,0,0.007999999999981355
60.0,Proposed_CL_CBC,0,0.007999999999981355
60.0,Proposed_CL_CBC,0,0.008999999999979025
60.0,Proposed_CL_CBC,0,0.008999999999979025
60.0,Proposed_CL_CBC,0,0.009999999999976694
60.0,Proposed_CL_CBC,0,0.010999999999974364
60.0,Proposed_CL_CBC,0,0.012999999999969702
60.0,Proposed_CL_CBC,0,0.012999999999969702
60.0,Proposed_CL_CBC,0,0.013999999999967372
60.0,Proposed_CL_CBC,0,0.013999999999967372
60.0,Proposed_CL_CBC,0,0.013999999999967372
60.0,Proposed_CL_CBC,0,0.013999999999967372
60.0,Proposed_CL_CBC,0,0.013999999999967372
60.0,Proposed_CL_CBC,0,0.014999999999965041
60.0,Proposed_CL_CBC,0,0.01599999999996271
60.0,Proposed_CL_CBC,0,0.01599999999996271
60.0,Proposed_CL_CBC,0,0.01599999999996271
60.0,Proposed_CL_CBC,0,0.01699999999996038
60.0,Proposed_CL_CBC,0,0.01699999999996038
60.0,Proposed_CL_CBC,0,0.01699999999996038
60.0,Proposed_CL_CBC,0,0.01699999999996038
60.0,Proposed_CL_CBC,0,0.01699999999996038
60.0,Proposed_CL_CBC,0,0.01899999999995572
60.0,Proposed_CL_CBC,0,0.020999999999951058
60.0,Proposed_CL_CBC,0,0.021999999999948727
60.0,Proposed_CL_CBC,0,0.021999999999948727
60.0,Proposed_CL_CBC,0,0.021999999999948727
60.0,Proposed_CL_CBC,0,0.022999999999946397
60.0,Proposed_CL_CBC,0,0.024999999999941735
60.0,Proposed_CL_CBC,0,0.024999999999941735
60.0,Proposed_CL_CBC,0,0.025999999999939405
60.0,Proposed_CL_CBC,0,0.025999999999939405
60.0,Proposed_CL_CBC,0,0.026999999999937074
60.0,Proposed_CL_CBC,0,0.026999999999937074
60.0,Proposed_CL_CBC,0,0.026999999999937074
60.0,Proposed_CL_CBC,0,0.027999999999934744
60.0,Proposed_CL_CBC,0,0.027999999999934744
60.0,Proposed_CL_CBC,0,0.027999999999934744
60.0,Proposed_CL_CBC,0,0.028999999999932413
60.0,Proposed_CL_CBC,0,0.029999999999930083
60.0,Proposed_CL_CBC,0,0.03399999999992076
60.0,Proposed_CL_CBC,0,0.03499999999991843
60.0,Proposed_CL_CBC,0,0.03499999999991843
60.0,Proposed_CL_CBC,0,0.03499999999991843
60.0,Proposed_CL_CBC,0,0.0359999999999161
60.0,Proposed_CL_CBC,0,0.03999999999990678
60.0,Proposed_CL_CBC,0,0.03999999999990678
60.0,Proposed_CL_CBC,0,0.03999999999990678
60.0,Proposed_CL_CBC,0,0.03999999999990678
60.0,Proposed_CL_CBC,0,0.03999999999990678
60.0,Proposed_CL_CBC,0,0.040999999999904446
60.0,Proposed_CL_CBC,0,0.043999999999897454
60.0,Proposed_CL_CBC,0,0.043999999999897454
60.0,Proposed_CL_CBC,0,1.0569999999975366
60.0,Proposed_CL_CBC,0,1.0579999999975342
60.0,Proposed_CL_CBC,0,0.060999999999857835
60.0,Proposed_CL_CBC,0,0.060999999999857835
60.0,Proposed_CL_CBC,0,0.07099999999983453
60.0,Proposed_CL_CBC,0,0.07599999999982288
60.0,Proposed_CL_CBC,0,0.07599999999982288
60.0,Proposed_CL_CBC,0,0.07799999999981821
60.0,Proposed_CL_CBC,0,0.08699999999979724
60.0,Proposed_CL_CBC,0,0.08699999999979724
60.0,Proposed_CL_CBC,0,3.0899999999927985
60.0,Proposed_CL_CBC,0,0.09399999999978093
60.0,Proposed_CL_CBC,0,0.0979999999997716
60.0,Proposed_CL_CBC,0,0.1439999999996644
60.0,Proposed_CL_CBC,0,0.1439999999996644
60.0,Proposed_CL_CBC,0,0.14799999999965507
60.0,Proposed_CL_CBC,0,0.14799999999965507
60.0,Proposed_CL_CBC,0,0.1859999999995665
60.0,Proposed_CL_CBC,0,0.1899999999995572
60.0,Proposed_CL_CBC,0,0.22099999999948494
60.0,Proposed_CL_CBC,0,0.22099999999948494
60.0,Proposed_CL_CBC,0,20.228999999952855
60.0,Proposed_CL_CBC,0,6.286999999985348
60.0,Proposed_CL_CBC,0,6.288999999985343
60.0,Proposed_CL_CBC,0,0.2979999999993055
60.0,Proposed_CL_CBC,0,3.372999999992139
60.0,Proposed_CL_CBC,0,3.372999999992139
60.0,Proposed_CL_CBC,0,3.372999999992139
60.0,Proposed_CL_CBC,0,5.408999999987394
60.0,Proposed_CL_CBC,0,3.4289999999920084
60.0,Proposed_CL_CBC,0,1.466999999996581
60.0,Proposed_CL_CBC,0,1.466999999996581
60.0,Proposed_CL_CBC,0,5.478999999987231
60.0,Proposed_CL_CBC,0,0.5069999999988184
60.0,Proposed_CL_CBC,0,15.53699999996379
60.0,Proposed_CL_CBC,0,5.541999999987084
60.0,Proposed_CL_CBC,0,0.5509999999987159
60.0,Proposed_CL_CBC,0,0.5509999999987159
60.0,Proposed_CL_CBC,0,4.558999999989375
60.0,Proposed_CL_CBC,0,2.5759999999939964
60.0,Proposed_CL_CBC,0,1.6749999999960963
60.0,Proposed_CL_CBC,0,1.6749999999960963
60.0,Proposed_CL_CBC,0,1.7079999999960194
60.0,Proposed_CL_CBC,0,4.758999999988909
60.0,Proposed_CL_CBC,0,4.760999999988904
60.0,Proposed_CL_CBC,0,1.787999999995833
60.0,Proposed_CL_CBC,0,4.807999999988795
60.0,Proposed_CL_CBC,0,4.819999999988767
60.0,Proposed_CL_CBC,0,0.834999999998054
60.0,Proposed_CL_CBC,0,13.923999999967549
